,0,1,2,3,4,5,6,7,8,9,10,11,12,13,14,15,16,17,18,19,20,21,22,23,24,25,26,27,28,29,30,31,32,33,34,35,36,37,38,39,40,41,42,43,44,45,46
01324.dpt,10.993586333300813,9.42399467768712,6.89170205776629,11.970553048500273,6.970375249676825,6.0711977168237885,5.910969044547089,13.093434709949731,45.38264865919881,12.105048880573914,3.4726145881278687,3.78349592005472,5.711239846899573,5.002812194471602,4.227755610640058,4.343457998177945,2.0701879736000453,4.296976423670594,5.016034901813076,10.197901684838296,1.3505433038699144,3.449548292744896,4.337743427726493,2.950507819817795,6.172057822947396,0.6152451364032492,0.17000837675309155,0.20162564595496413,0.3148647131852391,0.06299500542873027,0.03292579367162374,0.15581841380843497,0.02443620674062985,0.040589214889650505,0.0273356383243768,0.036934071096242915,0.003866470630984109,0.00598419354073354,0.0407333482666129,0.0038512042072512687,0.001982351857727105,0.001231844820598127,0.0017157194276373744,0.0036651293378177074,0.0009024367539420819,0.014312546690146588,0.0005410596866960438
01326.dpt,27.852427123533918,60.899645562048214,25.40653849987946,95.4414424237272,8.370662197087443,77.16399360529907,6.727131261389651,27.536582525143018,690.1195157004026,314.1427720691695,287.9640177062155,58.8444226758432,5.72241311319905,26.20249612841389,2.082384799345512,7.874741517591236,2.817305914316358,3.361791713325636,4.579915831041426,16.07860494504897,2.369275964069927,35.809571995283626,28.533192235947467,19.69276870060102,5.661622644192939,0.5324495673975991,3.0547547726528417,2.2551350354951913,0.41988805239472715,0.16387631499417077,0.930246199639905,1.8772829569729579,0.32959204199736725,0.5017843587757738,0.45961415261586525,0.08212555274621236,0.1900453348865937,0.07921083270134566,0.15499493195080127,0.07999626781602565,0.0457903733047853,0.037750520432747625,0.04485514693396875,0.12129031646878574,0.0012219335517722474,0.021816674149214732,0.0010279356796629724
01327.dpt,9.541207433776815,14.363477540159241,6.452533996668662,17.682300769680865,6.338988163331828,5.100454217718472,6.7121836356109,11.159424984402705,53.397658736543654,32.361318141609885,3.782533303046397,4.298882182503855,2.8846224589775717,2.7702583441408923,15.119549482988019,13.550955594757294,1.640526190149611,1.4781912989925452,3.545735089145025,4.880470054141725,1.2920738070877307,2.10811214765727,6.686425071565825,11.882876636426603,2.782390786279774,0.6799367474581199,1.8198930617059275,0.16365026156671758,0.1587313466988849,0.08249677146791823,0.07553220280433304,0.3103576637884671,0.06638919659959819,0.04159294272563252,0.0661137167584176,0.09145226033804599,0.0728286497358237,0.03736711185614472,0.018315426816305824,0.003795968102640712,0.02652511996030671,0.006210483800001887,0.01014232563094164,0.0348847906965265,0.008949467352807883,0.028899466771318827,0.0011659368313345908
01328.dpt,8.534769161060574,13.862789706682905,6.518008901973023,5.520360810760561,6.856228409202391,4.427957485244604,10.288227400417863,2.554159309364566,63.15501179426623,7.775851446805424,2.5013746081941926,7.031736162975939,7.827992393117746,2.7548125317506313,6.003481617375069,4.45990737372812,1.2933355024263644,5.964090460081059,0.81774182342495,0.28234899866669205,0.5566590766137471,0.3890956696422321,1.1475490771401915,0.22602535926199563,0.37610067465244645,0.08214776022541259,0.029575927937628754,0.24881889304740756,0.2374667575455991,0.0036264174610093347,0.01049543520802465,0.011410823009699977,0.03424108096684941,0.12372449955665576,0.01754604680122973,0.04855885351487965,0.0017267164105092547,0.002725129788559766,0.0011007231984747623,0.026395288089368307,0.0005811128533129706,0.019786613922648022,0.0006637239832960606,0.010620646281832014,0.00022306001011618282,0.004315704623895855,0.00611214218120848
01329.dpt,14.143098339428054,15.730651112433033,16.785573500147933,10.032781077417273,4.994904807002943,9.342015227009696,7.668923953678338,3.9514096694732856,268.28546667400923,67.69419498710425,22.916268937245572,3.4476394264459955,61.20849866226309,1.9795463643196625,3.5883024076088113,25.80887381553105,0.8728360446994583,0.8701411614795456,12.28858777945091,1.4161607263532021,5.6838482031015545,8.190697968507703,13.244140509591169,7.017089239109614,4.597528822994117,0.5675068355069586,1.55532014468942,0.6843063661050364,1.640052241657671,0.013181073535139531,0.22423858314598222,0.6694512899385381,2.1161542009299135,0.02748797338665443,0.19286259827074037,0.9950420094772359,0.024953482835145757,0.2270994968248894,0.012721016316973421,0.04589997157556569,0.3105826662121043,0.07423852728577818,0.028552404920164642,0.001174870762051694,0.029339307570455664,0.09353610012725766,0.006445909183421028
01330.dpt,13.650373351639988,16.827105379494242,10.562713690415057,9.349948260896586,4.477765514117967,12.3910584157284,5.719493335774474,2.483939689730221,268.84878712043593,91.18283879568378,29.910476751973857,5.64754258207085,48.547126679661595,3.015160650581515,2.8527970272363152,12.362101750846074,0.6576277931957786,0.8303847212471349,14.276063371145437,0.6210559638484114,4.8143480720985865,8.661843092044586,11.618544598990207,3.090371049902452,4.6248882770520625,0.18788027087747827,1.2912107165921598,0.6975278878439239,0.8317401589369238,0.014718129392029988,0.060366726182063735,0.7357972643320643,1.5068042323922501,0.20203564864217294,0.04192661049880453,0.4696190726695607,0.015562853234800333,0.06270588543245803,0.06423749950920554,0.08391857257757707,0.3171254926647318,0.051317431062628205,0.023833064936291226,0.01426715670355272,0.004039821268842392,0.03336700422261796,0.007494422535905265
01331.dpt,8.70647216613348,9.75600007447702,6.613757936676742,5.104001439849277,4.936163621361345,4.640784109960716,10.54629331943626,5.731829045610455,59.745571797695064,13.320480521349808,2.341232901136861,2.202483411441434,3.378410683885379,3.172477410699503,3.538432580203354,1.197407490724754,0.7306809718157445,1.3718507768275974,2.525296632598798,0.6356016102966358,1.2313942912425846,1.742545878324163,2.990332191851761,1.082393301630899,0.73347143528114,0.27268186044215326,0.11783584097229916,0.02156428604714944,0.02549400261104584,0.00518696640750671,0.007066385741656744,0.12393267086537851,0.07819037114047711,0.07831182039602314,0.09271094960307169,0.012787493117351723,0.000590702524557174,0.005795578512853949,0.024951984293579255,0.03163590066485111,0.046464373110735036,0.026880770780760344,0.0002718633931672043,0.013343740633890544,0.0004149656399646817,0.0037367905073865115,0.00010903075189561129
01332.dpt,12.196297704685104,24.426255457667793,6.930041942230713,12.328079177717422,5.866365881379117,13.013157462025777,7.021235871413033,13.478887912178434,165.5468904458842,72.30286005459507,10.194034081834262,7.164253519346842,18.832201894030426,5.00711993341517,2.7530710484475334,7.060833100304121,1.479966947814419,1.5849222593235113,4.693042065949478,0.2906882992503024,3.9072981296856497,4.7401401942679255,7.603156522823097,2.0037165952650327,2.264712193437628,0.24545643702858366,0.4675433994881004,0.09003031217141633,0.048019692106985534,0.004888172830935789,0.008874531941623354,0.31491509470467016,0.29818738618483753,0.2271989528645958,0.14043298132870818,0.006458958475662802,0.0005342956322466064,0.026622847674998562,0.062360750045998614,0.03243527792437084,0.16670738395227924,0.035540252589116195,0.0036501191383793152,0.023674309062740706,0.001561101218412242,0.01545688541456891,0.0002467662949513505
01333.dpt,8.511479031124734,19.362932939827317,7.3159899941800415,9.783836487709596,5.549570256213362,4.155966687531983,9.205429403524692,12.302165770599547,143.30594665216987,23.864216311681922,4.07039650506675,1.8194798653557571,20.953416460360625,7.957362629881015,28.095463006125026,26.612712444683858,1.601657708279601,6.753842523328967,8.42552300212687,3.5104811358389982,1.8393405839116674,0.3541866633422933,2.5902561048769073,1.2411645446275044,1.9496850570687334,0.47491476953317535,0.21845415709492566,0.32087094556618956,0.1597470097799515,0.05358375345861133,0.09832886140905694,0.04326490449482656,0.030512512197205743,0.01565389149353902,0.1655826218667813,0.038995314190424346,0.034764463137100465,0.17850998443633492,0.00316164224696458,0.09037199769419846,0.07143223821714906,0.043296908937751066,0.0008990154838320885,0.0034463728502439617,0.002328345956291056,0.00020959028363565224,0.05673209232011589
01335.dpt,9.611660292920016,19.710098253746665,8.13814771797186,7.351590091948326,7.188171117661992,4.927694819711173,6.22710462066835,4.786935131296092,114.56165934729363,5.201949904530061,2.916615527773005,6.333463695329655,1.8029490575775449,1.2666728200287576,4.016859220650635,2.496826561153744,1.7496577253612289,5.002332280271067,2.0247425324027755,0.8600257614324476,1.0605643139575296,0.22139357081154976,1.118150246299189,0.33407066836967503,0.2612827574187587,0.5311299650569157,0.11560512358465291,0.08209713017918252,0.016374463178777887,0.0012680799522757358,0.01929119629933973,0.012183894459883104,0.11943282123299792,0.03368265263276404,0.0009604553144376693,0.008617853842668333,0.027883650757881795,0.09530992368149471,0.003973146816798501,0.001110829136421132,0.021416848581098713,0.010409488633733699,0.0005044991000702215,0.005992547812633142,0.0005923228730611019,0.0004162877421705069,0.0016524405115395657
01336.dpt,8.36996686595709,21.962397664227794,7.755512711791763,8.500454433884087,6.942078250325609,6.2572399644497425,4.012619332220209,10.470769343875082,80.27790472334296,2.039009677258997,6.627626416912607,4.7140961042007445,2.49731154070221,7.989676626056905,34.38595150024934,28.98630333118551,0.7938194248648216,4.028892088659873,16.03131458351453,6.739894081272481,0.48123767469996603,0.28837609405327913,1.0268922110006349,2.717585616833179,1.7035545731855035,1.92478894644749,0.08910299338251826,1.1795235738999459,0.03406702704570408,0.10235058667577857,0.008564848331995889,0.012213361690019076,0.004554440849947494,0.03745725413933887,0.0019475405627642495,0.1783922562677095,0.08774748781148578,0.22943626391626482,0.019624441122536473,0.21282495643929122,0.04217060726874289,0.01163624315664169,0.014428582913256438,0.006130668226725922,0.0001384558563598537,0.0007606350576970788,0.03791085042295139
01337.dpt,8.570152362387054,20.86090796521299,5.82491590355154,9.035399615511292,5.672285272068996,5.478201779336744,4.770675832260369,14.472646255701378,147.15051017900083,9.124959357521197,1.8456251122364367,3.773539754696359,6.619455972124527,1.3323907523937764,10.801970268727171,9.813251488556169,1.7144073931522628,8.844649727237456,7.651042179575782,4.284167998661391,3.782550859047027,0.1374066103118189,1.7098433707329388,1.3377083547328483,0.9614645400664514,1.3440368336059565,0.23256419378324467,0.21672779473095583,0.01462644030309701,0.026272670910229667,0.024043594495087084,0.04988215266695073,0.3152744713950756,0.030071786597226757,0.002999490620633205,0.018132433691961825,0.05493192473555919,0.3425473679724933,0.0023367631492597907,0.013459040043334314,0.031159491770309078,0.003485049700159615,0.0022030922487766835,0.007264966190716815,0.0004103358903877474,0.0024012222164654373,0.003948636612722156
01338.dpt,8.451144135252424,13.26381632637782,12.22115111039996,5.2786022251582745,5.79179382133036,9.135389391395478,3.5574273696565175,8.018442780395823,49.68373113786875,2.2916994326999225,11.816446749980388,8.660961677347453,1.5393011249071926,1.9241302735270045,10.48651826065589,6.332884402307837,2.1291645778385817,6.337117666705975,4.5832177360513295,1.2583692652625977,1.8470089086898338,0.33801570789142465,0.5765634218463649,1.3430424431585704,0.38823638993317955,1.2729827996143364,0.17858293719051055,0.24078509568296536,0.030469539809564683,0.0076348287615265464,0.02849886906123411,0.02178375642882424,0.08041049237530373,0.01743439599408847,0.0054308983273388955,0.06856416814647937,0.0011895425485868305,0.10502218527342155,0.0038790587097896623,0.02709425224265649,0.01572228673494036,0.0027910134852847657,0.0004824061921280265,0.002021785014811539,0.0009656670102639042,0.00013504180242474018,0.002562922673121193
01339.dpt,8.444408629979856,16.224714009548396,8.85569421310934,6.510708393354044,5.423318280860018,9.377052615370285,4.549982599087592,4.469507415509707,81.10022176064112,2.6257429793281544,8.789728381456278,6.597828325358359,1.3665667860817354,3.6494447047336367,18.52702716370527,12.31264363886385,1.9852348684235488,6.919447629516583,5.85614620755258,2.1370059800562418,1.5288706451765766,0.1866303630535444,1.115403959940579,1.3218319991854826,0.6219833452390664,0.7584227423241474,0.13745812180863293,0.3386936343143677,0.03925241761395282,0.032715483310669646,0.014255913317258062,0.014399998604004538,0.09928715333749216,0.017461769316809317,0.0027604073355604886,0.11002791891235908,0.0027934732841293775,0.09186020786329918,0.0006452604255166028,0.06662353579293923,0.004271672250328984,0.009809933516203295,0.0013130559591856272,0.0007247432183625779,9.267450524041987e-05,0.0004357482404071522,0.009523385011337093
01340.dpt,8.449877391357463,13.348994832166259,14.635420028757146,5.3882658838196,7.908014262396577,13.03892941743727,3.3593955910866904,4.646589786784228,43.63321404340348,6.12405614009475,14.79017448148075,17.669521708172077,2.5050965662976226,1.9053830394833366,5.9970343507237205,3.721399809496015,0.87323316986746,3.621082970874605,3.6937229266902962,0.8251101280971755,0.6085685541832577,0.5463950505735549,0.1977705043574125,1.7113942628615622,0.29022151650571126,1.3283714549794627,0.0675287614219574,0.41760786600259836,0.019209279595154838,0.010505898380028134,0.034027316249890194,0.05683241347534218,0.010763808432506017,0.014073723877240596,0.058496658216318664,0.07219786726711341,0.006417193740681837,0.02054775858468605,0.0025974622728789365,0.032155539107161735,0.010455218191698368,0.001987760253351012,0.006066311507625821,0.0013224018830009232,0.0033450424024271674,0.001970500748575743,0.006195037739474385
01341.dpt,8.370807694583933,13.892263369359533,13.975299719556073,5.639392322268269,6.880803929437708,12.69731567475287,3.319719644076255,2.6491241974822177,40.961578213118884,2.6363288078408877,9.540647273398346,16.979370016836555,4.749677177321351,1.1126700017581856,3.378280703032906,0.7378842765893854,1.116973568470355,3.5820596953082466,1.0112007879370688,0.6449422711482906,0.5257907032448084,0.20917713014155281,0.17933242553967743,1.1011033759942097,0.13408528761545002,0.22535057245221157,0.07374367029309292,0.11900663008509749,0.009187920555249307,0.008342801491359464,0.01578622549470443,0.009336273697978292,0.036873281507370015,0.024935083991580176,0.011937549517135104,0.01670255420714062,0.007904379743107759,0.005807152946876948,0.007364758073773459,0.0033677171705904785,0.007368438653082454,0.00040084780993709934,0.0012979074996866125,0.0005755394471229636,0.006755363381316992,0.00030489706930059146,0.0007683153823406785
01342.dpt,9.530307181670183,13.570581692086352,13.062074906263806,6.257994072075192,5.850832158780037,8.844879198086922,4.064191677369732,2.709514758502438,55.22563202052543,2.7575089699909276,3.4288982172365254,28.725311698363114,4.511990813380173,1.0800539579911905,1.6670120194704934,0.601948379607002,0.8536230150510071,4.599212772777745,0.8240545411951841,0.7004587960665365,0.5656858537161877,0.2224529822700334,0.3682363684045573,0.6732115960201601,0.10009171924169435,0.13635538467185493,0.10800940756580912,0.12838616498036926,0.009009390410358531,0.021709704459944912,0.004113552463918646,0.004406397209812507,0.014436625088842359,0.041879105737277045,0.01938631072250685,0.016294723511076414,0.01004405796144403,0.008191683767466484,0.008294282632416383,0.00118177297358113,0.007953498274995252,0.00014479672751988026,0.00040924583390811176,0.002507889535644292,0.010727313598868693,0.0008191589042307879,0.000480000028375005
01343.dpt,11.38814857647621,22.24008385348758,9.385687580942406,10.619805373768706,5.598221961565771,8.103278799144583,7.345145887115223,5.583228367041696,85.01507085847658,10.883665343315787,1.5096493274469878,19.59266187342704,9.990341348192116,1.5599597879726264,0.5774573023187897,1.2559011039662624,0.38511158058127415,2.0033289070879645,0.14096079900736347,0.9342512831913945,2.0068412070227186,0.31959174844171423,0.8765548513767387,0.1370484575778883,0.16588190227557476,0.03066387140742044,0.013594633781296328,0.05811065321525222,0.014920873082701736,0.014001147707591532,0.012354204717795136,0.00403603790763285,0.010240656013927318,0.012748417615415453,0.006245434167301722,0.00899977492391435,0.0007305114909311738,0.00026233215820170575,0.019053988014950507,0.00014659536486627545,0.0009728212802057046,0.0010233863136754895,3.498300583060221e-05,0.001357629570373886,0.001623322449873621,0.004122601416411076,0.00010652209741646157
01344.dpt,8.972186597432804,23.513412921385818,8.723824905592714,9.566690386982547,8.597189779886637,16.734857365737454,3.1704481442673993,6.154015177805581,104.82215065254685,2.0685779241857913,9.551002243162543,5.437056479911114,1.298918053640523,5.057024124959624,8.656602346484032,5.310598162113083,1.2908898594309615,1.6645158376961264,0.4264522668623355,0.30316681710693816,0.8595192721557419,0.18990777265626224,0.26097413292902605,0.7502961729889193,0.04757619081914177,0.20000575758976036,0.14072844251562722,0.07952145849564929,0.024888426635050198,0.00829036640809655,0.035561793301009836,0.018569754394452964,0.08851907440916729,0.04865272747781901,0.006449212737612342,0.006781005637676918,0.0006630575251566073,0.003369075679572786,0.0017003264256614248,0.010216512212784301,0.0011081433810001817,0.007387823681347272,0.0012446274946600333,0.0005536173773507125,0.0006041952040258813,0.0008773113727489346,0.000832211951567019
01345.dpt,18.041649563772356,26.24990318967349,4.830942625966592,18.02407826266533,4.696811051839029,5.755758522333073,15.252931999194733,25.068030440250247,274.6627545511552,30.16383634970574,3.026425535323775,0.9758581525621746,5.282795944644111,1.8751811095283255,0.2369787619756829,2.2180653466656555,0.344191451022969,0.11066762470286617,0.3757866521420905,0.8927116718703738,0.1524579356980047,1.1547870313266704,1.0931958536946107,0.1561806678294203,0.42326220319273,0.20454018196221502,0.1529496123022852,0.07951806124164795,0.0553187875348532,0.029242802878743257,0.00360578567336034,0.019383432136251155,0.06925609098381091,0.07367491510127533,0.020167830437188394,0.003050231515683066,0.0001107372199173895,0.010547276086620982,0.020189818519138703,0.004991802371000942,0.02569783475075671,0.006792924675779188,0.0006333149788118053,0.004051277907978212,0.0008198307295573803,0.006176881894443653,1.2967944358122097e-05
01346.dpt,7.9800039251692,17.772582731529862,17.19711017360188,5.869664978196113,7.5087041738286295,19.405298558478755,3.9258326913417365,5.963048684976739,43.80155012580588,4.608882104678493,6.096745332809768,6.411915592922556,3.9626617753729,0.7236877311718779,3.1001304356743784,2.4035027331837746,0.6965957152699902,1.9497498513454081,0.18898010930185904,0.0795821213935175,2.448597899711417,0.6463537394280334,0.11866704112556603,1.4491936662157254,0.23277797213251739,0.05592857508881499,0.3098062653325597,0.11296614050986675,0.028956372171825784,0.014687761111635389,0.08713727140270766,0.11915845838548433,0.1663413816873478,0.06415515334687893,0.015701553287792658,0.0008976857704726671,0.005393623381101387,0.000620240738462452,0.0010207128249549724,0.004699995194886508,0.02786599330563788,0.000846274817329129,0.004688189276957022,0.0010509284690932708,0.017332228796916316,0.0022680954894497285,0.0003495041486270001
01347.dpt,8.536025522356843,19.387331632886397,12.065857533907993,7.493225815375636,7.168574160363081,25.91441047198831,3.3660137372032155,4.062556468356325,75.83478007029254,2.015020301543071,4.016704496518641,4.734894092391002,0.9319331675041216,0.6073896980819395,2.4424540170630094,1.4546197231121152,0.5681812119835656,1.0795142117236582,0.2564282516602302,0.09860593555936514,0.8799913672406787,0.26900134276737664,0.08255006139397914,0.7626480724836218,0.0709743261180854,0.05162464101068254,0.09230355633391307,0.07848665856586345,0.0051559595027548255,0.010179289878135989,0.0363095560685357,0.042789833089680984,0.08880255114972879,0.03264237744123244,0.005480891204905802,0.0005206619459350303,0.003519467259316844,0.00026234217296283724,0.0007892203928175912,0.0025642949274803373,0.012830225396185613,0.0016578326393901222,0.0018528303408500424,0.0009024853456767179,0.007221998173766786,0.0009225323694254106,9.91827883233265e-05
01348.dpt,9.024531533037878,19.953597990047037,30.926749269852717,6.918576595784547,4.728351708507424,23.121311560491314,4.277879826830926,2.9501445103622324,21.718749734531755,1.8400179535143524,9.914094674497601,7.383460247422039,0.8218947625976525,6.162921170336361,13.896255862134025,5.254743087062801,1.017471133338279,1.5812888623355352,0.1781479717271799,0.17122928532506054,0.35498963579023535,0.27164501036812294,0.06790223777070836,1.2895273371631646,0.03144027221882206,0.00271473819486745,0.15574112325111378,0.19339496519809063,0.08002682100798275,0.010086915313496814,0.028884364481140623,0.013377037313258344,0.021710425987613635,0.06329706417895076,0.028601175224479802,0.010566725233531749,0.019558081327274324,0.004568274305452591,0.001154229288923947,0.017790814608752203,0.005647618007213584,0.017419530781968118,0.014758905681504841,0.000999916661933109,0.012003008654705938,0.004511176236384862,0.011159498134313939
01349.dpt,7.913661177092676,17.141811647882562,19.83570425763085,5.83153315480687,5.024560733135228,24.751151720079722,3.1054568273765524,6.946432486672231,74.40292061688082,2.1362872076667485,5.893178085777189,2.4854873381243525,1.9791752511661524,1.0431911803685432,2.9247258586567835,2.932222319388473,1.0752410423396426,1.3353104066555683,0.2631022522385603,0.08701223527089519,2.3613554987911294,0.320588948775427,0.20667920795235606,0.47288085526793755,0.1668999788307649,0.21301179918039903,0.14768879495105314,0.021822342854267984,0.01613224937642832,0.005839534101960142,0.0611835409219893,0.05719178022522731,0.12387201056162489,0.033912009593418224,0.00805475715903925,0.0007462583061207395,0.006687371215299165,0.009121496056072154,0.0001882204023248013,0.002530631372675285,0.015694030720745933,0.0006683832979874627,2.3525192740625478e-05,0.003831355622876731,0.0008040480257470728,0.0007891254844173412,0.00046250210613951737
01350.dpt,7.527420819176458,18.168099298803366,22.10026332646437,6.278599191456667,3.860382653793539,29.28370292057771,4.889399117672376,2.22305495092231,62.090777176987686,5.197786117869752,22.5859474791364,2.059102700297247,1.3349901049891417,6.019409862479143,16.398551206310017,8.923567019780533,2.9396099881375766,1.5840260586413168,0.13792625854835494,0.11977856296987477,1.7096474342607446,0.14552385251596367,0.32089249602785797,0.4121635444653029,0.03477345193458681,0.1423705264170102,0.08124736542070699,0.03158344365145127,0.10252880407057674,0.0006726400254088993,0.01881737549561746,0.0015066135925231317,0.07397178315892239,0.022433378822328875,0.033226781109986,0.01855633422039349,0.004107910912525159,0.0018329925443613115,2.7895507036634903e-05,0.01906488123825123,0.006661053530636174,0.015909298884342227,0.0034111063002455477,0.0028978070273498746,4.346275567246316e-05,0.0008593045696656532,0.00817427971046547
01351.dpt,8.565129122545425,25.75287672266761,17.868178846817806,9.101195705991568,5.624700958779147,19.8965841130088,5.127418737924341,7.025093531571136,125.99128407195421,1.6062206501888268,3.5962796893521602,1.0974113314228051,0.7860342703398508,2.884800354506707,3.7726990870700368,2.367287854686351,1.4159353880673389,1.0111633866811656,0.21524244289091143,0.1059508647960552,1.9509894356958548,0.2760334974820988,0.22541232016625212,0.3027611829761101,0.10353792998520117,0.3415136429659734,0.10024075401563382,0.016668192316544372,0.003186744408589126,0.010702467275345184,0.04531436060432581,0.023392225955964685,0.1295281524703208,0.022033110124964006,0.00589509828999546,0.0001795084599908181,0.0061903219452846825,0.016887673136458115,0.0006616571535835725,0.0013571094494063685,0.013032599237252085,0.00180378603792819,1.6069181445366176e-05,0.003978494631468488,1.6727032993824054e-05,0.00023208273127539591,0.001257560200778829
01352.dpt,8.123886463223542,31.675493485193392,19.237492230878427,11.755644120144149,6.781931115481607,27.11157353197988,3.2077620784848806,14.19927971455566,143.45145214854318,1.4020298261097774,4.63670426439828,1.407569639615887,0.4849507534537254,3.245738553500813,4.20339490413121,2.3104865029179464,1.684434705020708,0.8971837327103278,0.053813526773995646,0.15432337896106962,1.881930530594142,0.1000567096440308,0.1595447843374478,0.24238725661564509,0.04427574366050213,0.37573525476370406,0.052545770254146196,0.014499482790608531,0.006721095009040279,0.007357866906170796,0.08167597892683298,0.0010905468780607608,0.08477246088801016,0.009194128915178457,0.003672776086856344,8.057090017721258e-05,0.009092877682284617,0.025973957223937916,0.003238904109092333,6.735630129439674e-05,0.0032675003240175693,0.003172583352984981,0.0005548080324834226,0.0026257046681783525,0.0008579128317874885,0.00021513593614819193,0.0017583016036579746
01353.dpt,8.756353417462622,37.24900122348803,20.97053044492327,12.500724153744983,6.209377722944971,23.843139703445694,4.06830098437978,8.446422482549218,140.12323453043015,1.2348010159369167,2.2364887750992892,1.2639467462449372,0.4044915559696103,3.4873366973822213,2.766953917652468,1.2999471139248968,0.9591759455376769,0.587529122355861,0.04256915840396536,0.09866185907539049,1.1168386020561696,0.08649248110077867,0.11849002406320142,0.20685022551955068,0.0384340342106676,0.3279463239550664,0.03684070993596966,0.013193811283721435,0.0005609311181266063,0.008498253097469322,0.0627064568998098,0.0008329515482632388,0.06415220820272627,0.008141140665152147,0.004802802207314549,4.79024637961567e-05,0.006203275556999066,0.023354208382382335,0.0016153348794030187,3.758575187751134e-06,0.0020740285057326835,0.0012334034769694302,0.0003685225168813533,0.0012846475049395067,0.0004671769345483412,7.050682678644282e-05,0.0004107778675276341
01355.dpt,8.9908125913419,57.18846368018102,27.439988740215814,16.95212065426173,2.50656488699391,22.801246811539155,1.3802993558375924,2.0626194236963746,71.11199160292408,0.3493623572919067,2.9652838223146505,0.26458111890932656,0.21674492209510765,5.700995131850427,6.348656496043773,2.395491415810497,0.37558586873288735,0.17679643388971955,0.10238262366289375,0.07914193442537665,0.2377088145901487,0.003648993237753806,0.1484387254528271,0.23717554941529495,0.018189926195634087,0.10268681497193133,0.004421955679437595,0.02657827157066961,0.00831578597783289,0.0014549539012438384,0.031121488308222034,0.0011414511306052644,0.02224738212257893,0.011284132090608523,0.009266042641741579,1.7449473429631546e-05,0.0004766293961002699,0.005225616580100456,0.00026491547680740357,0.0015738330658736643,0.00022802107499630964,0.001983305097062016,8.737250297186083e-05,0.0014388858653457959,0.00014350957771969153,0.0009210350041729543,1.5561255919394057e-06
01356.dpt,10.06723177613243,67.35481613651969,37.600384140984,21.03342731637866,2.9978118835435454,21.867460030767386,1.501927022686878,1.3006557857391554,59.732237974684395,0.24090519202518446,2.51355292677442,0.34785799389375927,0.17337117687182968,5.211544688333781,6.524371811343646,2.4033166181544816,0.439122524887824,0.2054006876100546,0.11406253589613502,0.07408164664649908,0.2376717693847894,0.0061593984872191365,0.1285428137681207,0.21360017140674747,0.018277199143694856,0.1020155843118905,0.0030900415132535386,0.027880209635242403,0.012036927265163144,0.0011439585333630209,0.03520986251955549,0.00015431575021163102,0.015627325269120806,0.009563930145897959,0.009075675542691397,8.9321345440041e-06,0.0005222137972502594,0.0046919072297328945,0.0003345979830031709,0.0012451932140681299,0.0001518903071898725,0.001512144719404307,6.63834399901031e-05,0.0010612866269824606,0.0001663478503268756,0.001254115014224566,1.2609116661121966e-05
01357.dpt,5.998664832904156,22.970493317863102,58.953016370486786,5.488811564772668,3.2708905962542802,34.664078716631344,1.5559338235043834,4.074506488900989,39.604449575766104,2.0089444581223717,8.059428427402413,5.423582563714046,0.3974351073712499,1.2295162721592336,6.3028146775177465,2.9309194107397456,0.5828577202942304,0.5025294044774258,0.08541422073682148,0.04997721345629447,0.387906173537066,0.032899634997610394,0.054059948746705166,0.17808449785796554,0.012127581977637414,0.055276655342617054,0.0020418507765179728,0.03390502585049282,0.02809559795585892,9.492635113861336e-05,0.027937275132518202,7.693916686868363e-06,0.013859009808494416,0.006841239112178599,0.006642193931607254,5.010836021002163e-06,4.477646633027632e-06,0.001682397134642688,4.662668596300268e-05,0.0014289433287935083,2.8360054387222e-05,0.0009146820513775689,5.8045515705984485e-05,0.0012245648263345954,0.0006447488765006781,0.000718485654076062,3.529659238665772e-06
01358.dpt,9.734927769942743,78.19054864365317,38.5668039668591,23.166893011500704,2.2258408787093504,39.54424788968324,2.132354167709669,0.7416649232808052,49.1727487409281,0.15049109496638247,0.9549905203803537,0.1789822586081391,0.006129062637961535,4.690407763963858,4.557168882948416,1.3293590221953864,0.17843832881930832,0.12947763234843368,0.11505855140881482,0.07158630968851243,0.18092571996907436,0.006201193347466383,0.081130136994082,0.20249798456334311,0.006243447708461303,0.06505499088574329,8.385452886705558e-05,0.019591104004417548,0.012165400150220385,0.0009210003646207277,0.036905564688942794,2.551992260735325e-05,0.005725222166930055,0.0030682567926245685,0.0058226005094186295,6.397076905972909e-07,5.452404043704284e-06,0.003989922293953563,2.6666690165377815e-05,0.0005922916020809632,0.0005164643724527851,0.0011758834790029926,4.23341784572262e-06,0.0005187670126554078,0.0007224426980544374,0.0005377490154322428,1.24508028909176e-06
01359.dpt,6.0325786982628,32.85810243178653,51.05771428437837,8.45112600460721,3.4341851455562744,58.130271587152116,3.7064846489495906,2.8906035484787402,31.109465445215108,0.7922267604737288,3.3617833387103175,2.769827315437485,0.10072470878390904,2.249982094582112,5.508322858484121,2.768847896205691,0.4190227197116496,0.5063827235710454,0.13914626821818066,0.05921102386595889,0.43266803198820447,0.0002408713498724957,0.07411555555716198,0.2048515147786495,0.01146436742231871,0.05956885797248357,0.0005885820669030428,0.03744565418192236,0.044447062711241214,0.0006213218583083213,0.03423415705908617,3.6330287899177804e-06,0.0065851257555457066,0.005323223758478268,0.006876843445420278,1.3050196712383055e-05,0.00013386924292158042,0.0012678054362715852,0.0005393903548811529,0.0004819228909149764,0.000264029198907334,0.00042035555611685815,4.288122209661349e-05,0.0012828549299894743,0.0010423883693215785,0.0009035331862065066,7.461716260581674e-05
01360.dpt,6.992605960017806,44.56789433272623,58.629810127563516,12.113578162728881,2.9716449043875897,53.867001881109616,2.628854538862929,2.946683184808848,40.60284079357749,0.5471202971495226,5.942942820998425,2.5941922552046135,0.09213256626172694,2.260143470977503,5.019578008354715,1.4941178822941268,0.16248688316153415,0.3140889724617032,0.10067998950209611,0.05359607644930964,0.21675635024410023,0.002145750257796619,0.0547539380520613,0.24054933367722464,3.2788076913647934e-05,0.03083334452112585,0.0005438541813449493,0.046770154705318645,0.02882117114257421,0.0015480665987438469,0.026889689199352196,2.405333218746808e-05,0.0038607782680765146,0.004023735583517207,0.005255652493497354,0.00019331727320581749,0.0002039664696109611,0.0006275621292770595,0.0014579437282229435,0.0005183665032910678,0.00023502954771859041,8.659167209568164e-05,3.671199564658778e-05,0.0006930573930540307,0.0007820125954005608,0.0012771218673715001,0.00011473406505868589
01361.dpt,11.143342398529088,69.79209026957201,61.14740257818544,19.504706277116163,4.060488363724042,51.025959666733364,1.4573078021927048,0.2993185529509357,43.398744526474516,0.34826145879456394,1.2120988542031412,0.4655045175799899,0.1128370546418197,3.251459892924007,3.8225951548419417,1.2261941324980687,0.10891587794050495,0.08535330009581144,0.14971705810396418,0.053593005762094026,0.0559512158230161,0.0036696361848697068,0.08167993002870044,0.2953715062482193,0.0002497532216004794,0.02599087437225933,8.263530577212741e-05,0.04198655888737868,0.015603082821255887,0.002772748134476255,0.016800936552587853,0.0003575299395514042,0.002783024407056467,0.005475049085694628,0.00379847961597668,4.2636121974082286e-05,2.5951676571045468e-06,0.0006865015591117629,0.0014217845964388243,0.0006883187583539563,0.0008672205380225728,4.792114195173447e-05,4.038087723401418e-05,0.0003336107133345978,0.00043062420955741754,0.0012665925229964348,2.3725413578978838e-05
01362.dpt,7.1308319728866145,50.88184852528472,61.08369198521702,13.221219654645935,4.482980190290685,46.92364473807774,3.553088517141169,1.7226469805711417,38.97962639715639,2.1470532602664467,2.6353219366646887,2.7387003494901214,0.36660222152455113,1.9854900680063232,3.6997778654739175,1.7238063885884571,0.11276581695048349,0.12159161320649226,0.16683764352197583,0.07796136242424434,0.09580960322865284,0.0013469706151041372,0.11480106633821474,0.37012471593203,0.0013914995312400702,0.009033814067524681,5.669330410662532e-05,0.04412040487683888,0.03323665665423681,0.0009484940290013233,0.012304520150510756,0.000959792274267568,0.0038000717123298777,0.004640965579354228,0.004739815100166633,9.518736606950462e-05,3.837612354129494e-05,3.25665851397261e-06,0.002207829606429401,0.0007687709260210118,0.0009019482640031384,3.714845325131222e-06,3.1670268464734086e-05,0.00037714543612665796,0.00023531540308330268,0.0015157721264407176,0.00015789461386073178
01363.dpt,7.4458303238192185,64.99225771420235,77.0642041124381,17.437956724859834,2.8862600680542707,60.69858416712507,1.6644077683336347,5.713189138111091,26.42512305853267,1.8719761817839364,2.304971102094135,3.232765263143547,0.11252443076847385,1.4690507679648237,3.918844627487034,0.8534871065273988,0.029593469565689867,0.1281849879933863,0.16549730843303145,0.05610408167966441,0.05710872944650203,0.011073666566223106,0.07970145320351785,0.3160365208661964,0.015834425327971635,0.0011467544841362587,0.0008382146607562868,0.034712835747330195,0.04134213074981785,0.0005333583283310128,0.00893458337894959,0.0027261940701454046,0.0022959732496103946,0.0024098605288177533,0.004164164049079155,0.00020981820218712866,8.663305278644451e-05,0.0001148655497320572,0.0034574454990519143,0.0003546725732851419,5.677979758933471e-05,2.36933543544815e-05,2.316673453239826e-05,0.0002248394946890997,2.074196451495869e-05,0.0009125750483011119,0.0005161828019583092
01364.dpt,7.241593170400051,47.29090357118589,82.70049629680652,11.332874739568362,4.48030307837371,81.02967485522223,1.8828746697402958,3.594054045624601,34.96207071223887,4.0070517619852115,4.011877205298461,8.606678940943052,1.2462458875566316,0.6864656931340867,4.515354548953093,1.7019780862805538,0.1539058469537108,0.03578175853418086,0.2081403939734553,0.019052408171099766,0.006039845668092347,0.011642331412348383,0.0753491262649244,0.37820465417526006,0.005402751122992933,0.002252358937626431,0.0042876810643203145,0.03396763736709607,0.019506455847759674,0.0003160668379490472,0.0033979134550083945,0.0042727000584189545,0.003116398738004844,0.00531906669431137,0.001894081937358627,0.0007040159639223331,0.00012902903764433482,0.0001591778289192769,0.0008449250472569725,0.0013798193992294872,0.0007382526928010336,4.844252604208066e-05,9.403582021616508e-06,0.0010218185626154064,8.314424535604825e-05,0.0004223746854867816,0.00013136596177643067
01365.dpt,8.569117777311092,45.59317797483,85.0361899324114,11.557516041686135,7.910915741587226,82.44415001572656,2.9374996553699075,2.9964574044682446,35.46902453716658,3.827612943147744,3.4635950457041553,7.365953303380105,1.3638544640143218,0.6172717555988927,4.346350612522163,1.6135731740928452,0.12369545747549293,0.023019298918504516,0.20090820825662825,0.03290209783562226,0.0038919307165052874,0.010931499346363394,0.08248277860535191,0.38760008056746287,0.005452040152260973,0.0015436918635945984,0.0036139969659089166,0.03632050408815435,0.020447736799069083,0.00023308618068396125,0.003976035409716916,0.004184256160722155,0.002586649251490325,0.004820928335641628,0.0021532894362075172,0.0007022090428246974,5.3137246621148826e-05,0.0001382640923068834,0.0011117803072788757,0.0009729412044345853,0.0006874172314716986,3.432992443763716e-06,1.2489328522047316e-05,0.001023868829287955,6.254022119345226e-05,0.00040917523786754284,0.00018706447395411274
01012.dpt,10.143451307733253,12.257858267571642,14.099778625171727,5.445547669640288,4.273491826533418,4.843402326333716,28.919713096026744,100.34919281826001,15.24896410633551,1.880973245110963,3.0189252984765065,5.4576992953518975,8.185898291520513,1.3099013462423796,0.9104477050243558,1.23253589877371,0.3923847093641375,2.7067103639582113,2.2260130388153816,2.198273619125184,0.39025756275854184,2.2689518886334987,0.3309919030711108,1.0707916731609461,1.6580876896299928,0.6829980323829039,1.1830065169884274,0.012301309113441738,0.03407890780847955,0.09182666080044022,0.006695619485535209,0.013060294004240691,0.010784045295190614,0.03520980754839553,0.0043941089666503785,0.16135045497051392,0.007460218499252935,0.006725951101870242,0.0018795850259888391,0.012532533631503973,0.003715780100759014,0.0027583977487506406,7.668876616562237e-05,0.0002548427376468654,0.006875877597381841,0.005441720249909632,5.994399715592014e-05
01020.dpt,8.90354742935882,15.361673919100896,6.273236123815614,3.8316939010416453,3.8227122707258676,3.4817440567362024,43.49821700864493,79.82586951726483,32.412515687038066,1.9444925201202277,3.0447327789536116,2.21759573330518,2.821274902285724,1.7739757959509586,0.7304367009470858,1.299070997405847,0.5117460649762804,4.80150328839504,0.9327401528246322,0.05269866870031148,1.1300599887740777,0.8438233475504808,0.06762965426498102,0.641156539783319,1.2282597296105786,0.40588282014525834,0.3749772028753545,0.019900808581913676,0.0016259987411958443,0.04422950993406127,0.012160266327736924,0.008396958654082187,0.026861357672953057,0.008488129097117936,0.006699578269381834,0.11858627558898571,0.0007698902111784589,0.006445785817683625,0.005016614775611439,0.0009401312585414212,0.0002174987653348337,0.0015156164268101957,0.0009631854438618692,0.0070477899358744045,0.0003732131786925441,0.01167670712792046,2.1669849301408917e-05
01021.dpt,7.751225254955662,6.260925047365173,9.426306813438384,4.908810225865005,3.670554924668598,3.903262055099547,29.222394544346944,64.72068365114158,4.299632898733628,1.4481615267385552,4.044816935507708,1.2135112233748502,0.6477848374150281,0.8071342979386238,0.899925941650872,0.6964028320044684,0.2722760906127284,2.8529236418976223,0.3730827542325883,0.06926707892511264,0.9257238576952793,0.6050330105412032,0.13375187883171746,0.19498608252027316,1.3560416148590788,0.23202674930762623,0.20439691083213518,0.015705793657171285,0.0026593718059081395,0.05966059731570317,0.00029160568702812917,0.0002351070968432678,0.00679581405988805,0.010734259062817109,0.00399891732658153,0.09353757408706431,1.2668909862734168e-05,0.006020510310267846,0.010096897103178626,0.002703641357397313,5.430605713163672e-05,0.0028531017695622163,0.0009423289358778675,0.0010826752808397178,0.0009940765030935772,0.008449349742427725,0.00014749752422382745
01022.dpt,7.53521408317204,8.453933306834891,10.979472192389068,4.112809496392479,4.607050704350759,4.735214476153223,34.37613370897442,67.35524756364482,5.958603148096583,1.954415742465296,5.224245136549572,1.118658678802878,1.150606440064868,1.0922492406488615,1.009834754496577,1.0360185348067934,0.20189624182671206,3.6327007078027993,0.3429339897820973,0.05914001292097293,0.7366016349069695,0.5588654146993814,0.17132896925062013,0.1809911002726966,1.249407488951151,0.25708312852593374,0.24002711023419243,0.0215404135110685,0.010207986412646752,0.07470296297491352,0.0007622964555813461,0.000238588027667741,0.011534623802732735,0.015864453048695104,0.002114183524173918,0.10624865506046655,0.00028198513972488293,0.007441100434088854,0.01830285230307771,0.0016566905215478211,2.0302920731074536e-05,0.0021458469686737036,0.000793582247966107,0.003966652515171032,0.002687410945626856,0.006848471973877834,0.0005218409965599413
01027.dpt,8.046227735673588,16.43472061508023,5.365459603092419,3.7197204333567555,4.872652149148344,3.2310024806436624,47.286067403739516,23.65909845075071,17.539713443100688,3.2502081592928445,2.9604686772566087,1.123858710437048,0.997189297133481,0.7785429012059146,0.3693669976261128,0.8560434610929843,0.16170502783448937,1.4757223312953331,0.12194697454455417,0.020067212466019058,0.2920332235631755,0.42782894040039277,0.02157867271584435,0.22986036253896702,0.49980331095314545,0.11830851356994976,0.18593731186057294,0.006707147219747522,0.007039216095647394,0.03409907392773448,0.005147654917123545,0.00019108400051692787,0.005879433561344238,0.004608375180049196,0.0006542872629080598,0.06441019445025675,0.00016619986359023287,0.00597424794950796,0.012396801069993746,0.0006697542289109126,0.0004892195220890239,5.028320405364717e-05,0.001428226408042077,0.0001567985921129278,3.736920210006822e-05,0.003821410577191542,0.0008458375328350698
01274.dpt,10.720354786778207,18.195093383104528,11.531632022899478,14.714673033873035,5.333446120966403,16.732238544461495,14.678041613246737,3.5453781811999026,146.2967861194763,50.85645242754645,15.362671137812505,5.586425011663717,50.819613372997146,1.8698819419045685,1.2496169520594638,17.54643251719381,2.4445934846251327,5.417653579867557,3.9175140777058424,0.9326896139590077,1.9819941368638045,0.877325519186088,3.4449127428010637,33.28371600760976,1.0826592285271301,1.021373301984549,2.2283062913261285,0.25080592088076803,0.09178591435449235,0.2896247090383508,0.3567574802356688,1.7493340414279341,0.1745916507317129,0.09813549795190535,0.2882765578974934,1.1059610782459597,0.5457207205643939,0.02275345473093704,0.05556663620015545,0.01977897810243401,0.03021741636515296,0.08951282125335425,0.05609435353906045,0.00514858832679832,0.017198347155360394,0.03524137419106432,0.019677301232107425
01275.dpt,9.020835209694752,14.464176824107913,7.275114845668458,11.316063253550588,6.526589973421078,10.627011209389735,17.922558777713007,18.483536570877874,49.336047104189404,5.584552242133625,3.1802096299459484,1.8384264637286551,8.855785477574988,1.959125610592256,4.635617878266405,5.220013950384593,2.0931105952116447,6.613407428041536,2.907251179766781,1.196558719900009,1.683208742655272,1.5390632628338214,0.06051592572864406,3.685296832415043,2.182173352709142,0.4090050203157106,0.8538413855575067,0.027005258377419405,0.043462812758432334,0.021721711223041895,0.0960612816120483,0.033234740788520734,0.0687814930890227,0.025024290107948488,0.12494934386131884,0.1946307357074698,0.011439729964971557,0.0788842410318793,0.006338358230133845,0.011044331220343762,0.002856837572863924,0.0010349019565026873,0.0024342838782267506,0.017317937758708046,0.004277163783441118,0.002889268119230848,0.00023423979249981297
01276.dpt,8.607712267676373,10.096169258502592,6.4942867706299445,7.425536008753595,4.91536105673882,6.734647543273706,21.115730672321444,32.52549574734881,43.48570391530361,2.3180196841133247,2.2886450720934537,1.1904224790282223,1.4083359581476733,1.0696302496379437,0.8650536463201939,0.9373889388730376,0.3614005206087274,3.855548820767469,0.4604675465855381,0.11484373467335884,0.5278011456950771,0.42518304883388314,0.008714464281606715,0.4017043852820462,0.49766514163528974,0.16305223143577585,0.28814790335179363,0.04625689781164888,0.02215418494475363,0.005569735821584376,0.04128888979119405,0.005608611083824044,0.02643161621290835,0.0016689601089696637,0.02555966595573944,0.09357567737943684,0.0009112395421432273,0.005096945913762196,0.0035285181491273576,0.0009233263554467852,0.003311397745772382,0.0011103516993522522,0.0010291612081485546,0.013081213832175864,0.0007459405281756704,0.0005044076679406873,0.005312306120619503
01277.dpt,8.06545454687937,6.673249053705456,5.363392668296782,4.947860395295018,3.707889482698068,6.72900475365963,19.283382292404518,15.667676204860847,41.93408870363338,2.214571088398588,1.8902466865997396,0.9731444516667984,1.8387941306168991,0.495202608461629,0.3616330992550648,0.541807583231978,0.20812378428517952,1.7836014702209235,0.2746664289257814,0.045451153912930864,0.24605354245921307,0.25050697026320945,0.002157476780132117,0.5420497698048843,0.26557120677566615,0.1046844028593753,0.283797087035354,0.007598171046632074,0.01256939060757889,0.01735833910066442,0.04876144780032565,0.003379528386992403,0.021559843139247636,0.0002163606534274498,0.026322967706110756,0.0481900877233703,0.00026006761352259655,0.01088176478366032,0.00046623147915914043,0.0010761317117561342,0.0009756976112429427,0.0010858515540463909,0.0013929590055746788,0.0022780524027892213,0.0037971423294527185,0.002642411462182803,0.00016108971686390472
01278.dpt,10.231367909925556,8.442281032364345,6.450294387667995,7.6280123056112465,7.615000641860988,5.684327430239991,8.086941706469911,14.437253381099708,39.101716851830545,3.1757870190175947,2.3942710544451384,3.634216516784739,8.408351150900362,5.054735990956959,5.064316955966372,5.750533393232254,4.15847095481511,15.575491314622493,4.368039420199074,1.1919899127388782,1.6219862649386627,1.839107314915366,0.6899165321211138,6.354680018550705,1.9219952033291907,1.916339618372926,1.856643554704533,0.15589414511853783,0.14527620925115237,0.05515408184948378,0.19393075526848524,0.18185459225160572,0.07049302894161646,0.0732746516860534,0.15571751894864017,0.5619808131414232,0.08061026908716318,0.13715615014833604,0.021645398266602056,0.0222023588679634,0.023791993636648634,0.028596172322403857,0.004246898685002387,0.03645324202033995,0.01903806859050816,0.003317072118316222,0.0006566783094319462
01279.dpt,9.153647355273563,10.327387855320808,5.864540999015224,8.138401463952174,6.4798737399203485,5.129868250974295,8.53602091187628,25.732527259644915,26.54597615101545,3.471310764377831,1.6229404446543705,1.0576828987289986,2.8920512825277718,2.034657858406403,0.6433380557672206,0.7277180731525097,0.6081565417336123,3.0445665112808404,0.7803952152891762,0.33250920596060274,0.5205009494422952,0.452186101314592,0.10804085172515199,0.2562372846362011,0.2773235245301636,0.07758347650053476,0.16534027538882978,0.052585590424637285,0.0013832415629850825,0.0008685896700522111,0.01487239789516126,0.006122949138736344,0.0169234634087142,0.002379310570067128,0.007456541541955297,0.02898673606574509,0.002385442584782238,0.006532974011245973,0.0003792219152631837,0.002164247620319526,0.0037075705706461903,0.000377796652192397,0.0004265921277435414,0.004117031023922801,0.00043339438096012817,0.00010924350520979953,0.0006006122272859127
01280.dpt,9.20089780819517,7.9453766869260765,6.299083219047865,7.754133877268039,4.410670867628831,5.709128402983618,13.58141298299762,47.10625414666609,34.546038465502136,3.1269712916154138,5.880946084283536,4.156123795499457,5.170375064484551,1.0823730730275705,2.6382189518526635,7.198192218415268,0.8568319505975652,7.338647555805806,0.3218545500527832,0.6999477051682819,0.5727137272649223,0.7708601586463555,0.6196936802984148,0.9162916396476861,0.20642703732380396,0.06895525773401134,0.6513187830827336,0.10029907366779456,0.020685090578754783,0.0038866426854876623,0.10253707804193879,0.10523450695643843,0.03094562775004639,0.004193313905879514,0.005564691498659791,0.10212977278670965,0.013595937674010572,0.0149126804421722,0.00392390788047603,0.006522358993235944,0.019245582162326857,0.0005592226028902081,0.004809908334913571,0.0008607206921982247,0.001574543015708918,0.003858255267053745,0.00733433694882768
01281.dpt,9.132954004903356,7.255753959679179,5.575597364319843,7.057498196151663,7.539260012780634,5.245011176607726,12.241333432395766,42.71404108313696,24.762828076902803,4.331395846368286,1.7681790706419722,5.293146128860475,0.9004118651916855,1.3515831023146323,4.446805666582497,2.664151019849224,1.704521894850496,8.78632109321821,0.9981427266787413,0.6987859349000476,1.3506078504608747,1.003568063899681,0.2406895661793622,1.0791340841771624,0.9365865044795723,0.32266850150626636,0.5653777665904218,0.1065959528191186,0.09845171857357782,0.006616518082768974,0.07907608950096578,0.04045770081516564,0.03338785105097353,0.005266388290789403,0.03387324108714285,0.20503819602283868,0.009570605562757684,0.022947282049287088,0.0013772845165023195,0.0022838068712958126,0.004998098934157591,0.0014225309515915052,0.000278261437193561,0.008581846329122955,0.0030285826643405844,0.0017641323877839454,0.0205071740625824
01282.dpt,8.610886826066475,14.331344339154466,6.37649960564328,12.039854678509116,4.663305784118428,8.005120960521259,23.403779734082196,25.109773252843336,55.76585591438376,2.77394947558886,1.4175033179354244,1.6436637437791228,7.397245092736747,1.0745492836015367,2.8456368990934866,1.1245702553308137,0.6175928103714685,4.18348774158332,1.5033858753868934,0.5691363129505842,1.7522772253664916,0.9950964190232001,0.006820612978406415,1.994271224332393,1.113228421130438,0.2606644892511336,0.6010861043128499,0.013000603873866035,0.03566158610647907,0.0248508269722737,0.05388284750373318,0.041844502720097654,0.10376158032340665,0.011068730207600574,0.06164256936597223,0.17170068746959588,0.0057927219915400174,0.013261401770567005,0.0048788331102915805,0.005673896135165446,0.006207043214076724,0.00022487904966728145,0.004862750807516081,0.011367348858183024,0.0008447693203311735,0.0019757605989048077,6.487894550333273e-05
01283.dpt,8.540670472355716,6.945539933382112,5.315045706538496,6.172372006692921,4.907843789237724,7.128764742197646,16.733051469844796,27.124952514043205,32.34382956257562,2.1201018861073906,1.72464921586264,1.4580276574350575,2.256258976923588,0.8796286773173199,1.4165637699161802,0.6480232104858872,0.4486552796619585,3.430545937494388,0.7004108470464081,0.13087042581476505,0.8370255667063051,0.5794030858864923,0.014211660415813787,0.6413593681438563,0.6107983610845624,0.15393147991208012,0.3169847768366967,0.039492661873359425,0.03838090259906857,0.0016744283016146833,0.028602485469533923,0.010387519512637944,0.04380481206141784,0.003027569059607438,0.03144270337866706,0.109317595401065,0.004546436458183312,0.002256758545595261,0.007275786604419521,0.0008135681859050559,0.0015387477416355377,0.0018921860943238444,0.0024513506181281786,0.02142122665802193,0.00017706492956093278,0.00017294486394658914,0.007725225652917667
01284.dpt,8.409760944092959,6.266575152101752,5.232482397782457,6.084249735666257,5.975211949602759,10.615546120702406,22.329889415002206,21.667674926204445,14.959252349789717,2.394834767101414,4.979741402633183,1.1010700308348789,0.8542072835950127,0.778706340611165,0.7295319064535319,0.40667642394769354,0.2891780244047648,3.1667678150248566,0.09500310274847146,0.03546290433754273,0.1780957509881873,0.35361318211193593,0.12542409035927105,0.2316400554952841,0.5111100880759039,0.12695936680792919,0.10809450868918125,0.03586815688587308,0.11000711927285844,0.013155322297524252,0.07956515277099552,0.00781834410135307,0.035497989144866904,0.0022408643285319885,0.02301993239489608,0.01627070204017944,0.00026081980745873423,0.001117774263976301,0.00882978386385569,0.00020662951755989756,0.00024804873294970164,0.00014751290791403804,0.0001477539139033146,7.88695515211435e-05,5.793596674630308e-05,5.455929991149411e-05,0.0005764859411730994
01285.dpt,8.230817211288418,9.6811471964194,5.512309218088535,8.882677833365422,6.192262448477164,13.45149615795082,23.57568660648004,20.766072963973755,23.28730604325267,1.7698231831372437,3.2390441350398644,1.1814074681091857,0.649029762677521,0.6344258344637566,0.49961589474362733,0.4647515188719703,0.21344801168418326,2.373204490100855,0.1505618481850708,0.04832179530508429,0.17958141864640054,0.23766965504467397,0.04408698079869078,0.1087461894030951,0.29098886971063065,0.10331385047768626,0.145649986851194,0.04993817420145774,0.016985609186757622,0.010836065800583827,0.03862139522015606,0.0047236676259722055,0.005885023397553701,0.0003040618326727307,0.010628988755995605,0.039845067135815815,0.00017015849843216024,0.0030204506842751444,0.002095973235046289,0.0010345221322746179,0.0011258561282567747,0.00044270862388440246,5.266525313074588e-05,0.0021320409672588303,0.00044452024001984114,0.0007367960564447218,0.0017511986790923473
01286.dpt,8.990597501172939,8.363908843935365,6.17778745140306,7.486200848297331,7.6424313256037415,7.7806493754346455,26.118318651641925,16.747831452415262,20.1871163033345,1.8422559360400488,3.8540215636692077,1.358359541553611,1.1193482099221077,1.065368493431155,0.5748431542868202,0.4784982080441862,0.2500257383148623,2.2129554254695387,0.13150749473389844,0.037452408441905005,0.16687296081228786,0.30631129623601205,0.05070880019185253,0.17625358709145456,0.30830318665709755,0.09027225014014661,0.1497014157432186,0.028083432552608256,0.028018573443114758,0.00885179691708926,0.03683233473582859,0.0024350067647946894,0.0068109965082561175,0.0005138484973540303,0.008546769494637951,0.04330266661147608,0.00026442134929816064,0.0016808100918258573,0.004376366319105984,0.000600785212053645,0.0013683254158721736,0.00012264305059361824,0.00014282184649772045,0.002656188211811572,0.00038933715709588146,0.0004163262419233371,0.0010454268586096438
01287.dpt,8.771069777708984,7.351392581987922,5.808013714149595,6.666759643416003,6.283943818030284,6.542213907820427,22.758307568210757,15.74781722983073,21.132290511878477,1.6250789036848787,3.493157351562465,1.279714929805485,0.808890835216584,0.9730294759657725,0.4431261154070417,0.4357914718460343,0.15073529285474407,1.799535771277383,0.09097569209993683,0.0348975807005516,0.14778133073998456,0.2670456114366153,0.04467926876888795,0.15725242132369543,0.23997433306859317,0.07376575583095835,0.16679561177965585,0.02739518065897162,0.03191497454481329,0.009984542869804325,0.02920799002358121,0.001450948040987332,0.005445895057057837,0.0007995262634334921,0.009912549167016227,0.046769813171378294,0.00018211630879716445,0.0010615377118389224,0.005118921455702585,0.0008913551210470994,0.0019414903326732125,0.00012459870458214617,5.130096933825268e-05,0.0040985402578251895,0.00018115073682378746,0.000294004158115202,0.0006441398350995886
01288.dpt,8.010120954615411,7.240773297557158,5.102539487109351,7.154204882449841,4.638824520570309,10.28955368782047,24.318132837491703,22.990813906619035,12.846456474988468,1.6434072220234004,3.301901263574438,0.8515713226093615,0.7117373068054662,0.9614211458222048,0.4515880186888024,0.6060840733585504,0.12572424808650373,2.067051119869163,0.13546320380858357,0.03413072388970728,0.2367306916632329,0.27638315406999214,0.11363219552955017,0.05702747968817601,0.31740007795969727,0.12241365392101677,0.13256538332177326,0.042495514695520376,0.019949491649548956,0.019745738591460116,0.02242767534844925,0.0003786309755202666,0.004174896891359636,0.0009345440953191231,0.005015822249341495,0.04153123027486583,0.0002917549752251558,0.00024177273943282174,0.006784081856110791,0.0010037280365450263,0.00017502882951214715,4.169530237696506e-05,0.00020420161655521074,0.0018983729018529072,2.837656781828901e-05,0.0007371268956305466,2.2033743935723216e-05
01289.dpt,8.148252725552107,9.147814050505804,5.052348652887439,9.005709578832722,5.132768930889597,14.34953929912544,21.281056004164228,24.813121572180002,12.698288682447323,1.6544284509464404,2.855772532812446,1.1366437132571505,0.5287950069207692,0.8961366580361607,0.4866356147339612,0.6570468342292499,0.13342533370286525,2.0865372029804323,0.13864491953014269,0.051592536314110315,0.22175830288492704,0.2626439770239859,0.08646294383574538,0.02574666888934063,0.2848116526635909,0.13688038819126358,0.09969282496366305,0.03210292750691268,0.008727835459006239,0.01866581077078855,0.019274244897165227,0.0028917186321136823,0.004318894775607318,0.0011875951826758602,0.002487406338083309,0.036557262808434965,0.001634952282327462,0.0005923750976488673,0.004174039546280595,0.0006613217909657854,0.00018543314297747582,0.00012172475530880522,0.0004163089677041709,0.003157753705464672,2.9622151830999144e-05,0.0008540719719302148,2.0425769980958464e-05
01290.dpt,8.106901711396446,9.62025232789664,4.961403383323605,8.447286705639023,5.459418914863595,12.047868706500328,25.92756322416097,22.579480203956567,14.33390148678743,1.537468811237312,3.198122877551306,0.9541296430140269,0.6556844713698953,0.8325065417583217,0.45484801946747844,0.6135303224318036,0.13379441863878583,2.03559896801734,0.1319280469388735,0.037771949704970664,0.22745419961677904,0.3009477494251964,0.10018762257525249,0.05085676958307506,0.3023132500356267,0.12365377407235012,0.13219586731574773,0.03739090486559182,0.016954412832794863,0.020348210004487832,0.01983968056909491,0.0013995015133766442,0.00554583333501002,0.001232878202056753,0.0027835967470030143,0.044153742386876305,0.0009495813218444171,0.0005460538596484543,0.0077695464274359916,0.001234185003075372,0.00020781472179420835,0.0002191882148626645,0.0003330975282015425,0.002836917109036219,4.6612553981306704e-05,0.0006102057264060212,1.5720489050963238e-05
01291.dpt,9.458821616646008,5.384298435226805,5.375379627289294,5.067194502505151,8.851190749322146,5.354048167907829,18.013181730160653,17.330586659976536,7.049843387587748,1.8617497441765,3.8518528399005687,1.0728804841576263,0.7570220915859094,0.9338732156071639,0.5430472870263432,0.6974137353440293,0.07387880805406233,1.371339097232638,0.0605764834339545,0.03228391495106486,0.14620937226446418,0.3062725984376259,0.15089007747149774,0.060259886236671556,0.2782803439365401,0.06615500262973995,0.067736879923039,0.03313968995881933,0.020829721340879903,0.02728778444512503,0.021856843433837092,0.0010216433346786902,0.001810961781695486,0.0008292435582052393,0.005619239425644906,0.029374063391259364,2.767423818328396e-05,0.0010200624003177117,0.009412228157432367,0.0008937991934330203,0.0003076766165618361,0.00019835551049618427,0.0001790682977694802,0.001792126234276492,7.261191267171618e-05,0.00012097135611266463,0.00042561155353859625
01292.dpt,9.259775688807034,5.49362738267225,5.220932550235011,4.598968934486862,7.672319706706864,4.3792604301057665,18.191152490935572,15.666758568410796,6.582686105096778,1.8122363404437571,3.464259932208924,0.6484770949967678,0.899754630481719,0.8775032674385548,0.38985292844108477,0.6334547381663262,0.04339844406556459,1.2017431120542348,0.04580289147335748,0.022144260400804416,0.11020624222904996,0.2566411178431477,0.11470110158964952,0.05206299484762156,0.22610619641462304,0.05663123898403033,0.06263360819295039,0.022807139479773086,0.01960635812453526,0.01906617473707073,0.019364176771128228,0.0006864542333367973,0.0014497146705925168,0.00097670792022031,0.004635612874943185,0.021760567717071244,6.361541105426305e-05,0.0009344984179446847,0.0076457791173312195,0.0005468542115270036,0.00024136365566373996,0.0003663625153113026,0.00013879034149477665,0.0011949079314014233,0.00011188267463735357,6.977570904043162e-05,0.000622528254279997
01293.dpt,8.006830445218464,8.88992389326058,5.632337905208823,7.652700302066711,8.363362839874956,6.808223803072085,28.744053271517668,12.346144943740626,11.186173895287443,1.4291617592237766,3.38787364238545,0.9385879437891225,0.7269840198210391,0.795663791209098,0.44162129219843027,0.5293477003832003,0.08439845426309889,1.3453628083428022,0.06607770564399917,0.025451151276723705,0.12675169236864892,0.3085717932018923,0.09001781815238075,0.08413235728018698,0.2524198190979161,0.060025301334835524,0.1040950591061558,0.024807195777303948,0.026699010208982465,0.017287426912816706,0.01909572531195458,8.501743099409431e-05,0.0037579753433482077,0.0018623237420527516,0.004216353843776388,0.036843386024546065,0.00020787655048037923,0.0004286962655157822,0.010033680304668002,0.0008147984628136262,0.00010627090054970978,0.0002969678724441538,0.00010284773520341517,0.0006349486496717294,0.00021694510384873134,6.426359976330343e-05,0.00015638223891811798
01294.dpt,7.790258215742112,4.676699219281712,4.913657381435027,4.21292056693529,4.68391358677348,5.838732632914534,24.60497653438157,7.392732112299566,6.13996687788744,2.7022053946132374,4.170848002760007,1.0035739912565493,0.9463870356518962,0.47630326352345753,0.4219171584721424,0.35050276271921643,0.0778264123983945,1.3516660055533505,0.02266434520155436,0.0206832664165445,0.025911930891493684,0.2796144910531241,0.10625842032689514,0.12109062110898672,0.22079585963871107,0.03768776653134387,0.03131920562335566,0.01666993897404967,0.0838232390727115,0.011227360931225006,0.05955820633170961,0.0002340764265977846,0.018445195993814556,0.0014301800688470978,0.01616556310201822,0.006151209588387219,0.00013023361066855088,0.0001152839433347097,0.009049080701450718,5.61622455913513e-05,7.274578756666372e-05,8.917243051254076e-05,0.00110225798143182,0.000446422335644292,0.00033601451152653894,0.00038004236318456286,8.145426490524521e-06
01295.dpt,7.813647412238538,7.053510891039682,4.695908553101344,6.835436612172239,4.948828113444033,5.319843660159203,21.94881747327929,13.36912141278972,5.5588055362632804,1.6846151921311887,3.167292559146074,0.7011382561742714,0.6513318531044461,0.7407372945040867,0.3797903274646972,0.6843508776512466,0.030779972643923514,0.99611800605681,0.034434847681894865,0.02297682351296393,0.09571511824081358,0.27510437027505197,0.1251675170088017,0.040231344115233325,0.20508663120055792,0.052283274223883014,0.047101665549053484,0.02063241155981166,0.017176244412358543,0.019943437999625724,0.02561130050069116,0.0014815158020021757,0.0006744016222810512,0.0008163296644037032,0.006290111293128842,0.019283625442488295,0.00010844894353156942,0.0010292966225913247,0.0070509869997928964,0.00038936801226285844,4.8896390209218765e-05,0.00030229160512706965,0.00010474907798585509,0.0006467089418101812,0.00012735926044193935,2.3904360623494547e-05,0.0007077203598424564
01296.dpt,7.8161821857539415,5.114845224581549,4.9970069238436094,4.887446932154078,4.926286443661698,8.538036968727935,26.73919739957138,9.064307978210774,6.080662091117905,1.431836422369224,3.2267270445082303,0.7202481885398835,0.6675673879727149,0.5211645841500443,0.328972787819219,0.5000044740705665,0.04437477148708446,0.8317680848980586,0.03299444493494008,0.01677695319067496,0.08886787912927141,0.25962810675346437,0.09771075313427391,0.05193180370629091,0.2055664857170052,0.03688035931889555,0.05909709587821399,0.02267514014101657,0.019341310596073802,0.021886374596293834,0.014097829316760513,0.0005626453460590986,0.002049995214779665,0.0009617007814803902,0.00403947483546796,0.023436206405171855,4.3160452303347974e-05,0.0010271173348941343,0.008779498371493388,0.00040256112368441954,4.285374415502474e-05,0.00019524455129193985,0.00017073875865636357,0.0003523070324013,0.00019288497285174788,1.6555381421423654e-05,0.00042448471599443316
01297.dpt,7.67603969361107,6.365089272042953,4.703971539965023,4.997737691225319,5.012004223099511,8.353378031580675,20.698476738891564,7.3198155827445,4.766147561126772,1.1511469288185323,2.203768529202661,0.6431864154977405,0.5064515037004642,0.4909243512517857,0.27835722280475483,0.38593488464020653,0.024468031550318514,0.6805153319594766,0.02905319821045993,0.01146036015854679,0.06523216527431996,0.17626924746343287,0.06312251373732769,0.024464959380340212,0.12831549514977147,0.028825367890891407,0.03794331300074427,0.013119902270635753,0.010551755712543631,0.012387367168303243,0.011335220613880925,0.0005757202870622091,0.0011059812047756745,0.0007566494132162926,0.0027780915646058446,0.013839958478806258,0.00011499771100864642,0.0008090930434331289,0.004969216503722729,0.00019522273593408634,5.5635020700384175e-05,0.0001855450873888831,9.819654792619925e-05,0.00046657124843563214,0.00012046692174916274,4.158402680642936e-06,0.00043710482941805573
01298.dpt,11.222589569245732,8.665841801896883,7.835390634837053,9.856069644539131,9.505688945942449,8.228399903840668,8.508600061397935,9.877732558125285,41.40709200970388,5.3577395508443395,3.6041871434718287,3.4429588985729325,3.922362416964761,2.686933182570778,7.306437257314801,3.131351609702197,3.29002586725278,13.138083519256082,4.030332667379077,1.9531528327213512,2.0108931442587497,1.3351970860625346,2.9640387553352108,13.161462897218238,2.1161592682841457,2.207216906236755,1.2654022654628325,0.19374784774662013,0.136984659302535,0.04131691846080077,0.15589744136258,0.19459448473313556,0.06402065693206282,0.036227670883031915,0.11872178348188722,0.4081929579866457,0.13455823974917624,0.08737810050235939,0.02497890655369217,0.031408721493841996,0.004761506315435371,0.0237233600533735,0.003275971789203469,0.024496047493043127,0.006871184356419646,0.003232657353997914,0.00395202494576008
01299.dpt,11.501277810199845,7.932084952793389,7.7334492972634,8.870913070603699,8.294972163937391,6.46443037480735,6.004575970742316,13.50510941480972,32.09243829919458,4.4755339079150005,3.6743249394524327,6.670842776390007,3.7538813380722083,2.451621991497499,10.44319831112561,2.543779884084794,6.487498820142059,19.62487153447663,6.918946758559391,1.1441118758093491,3.2693986933028505,0.9287832167402865,2.014074745760845,14.294488365663351,2.5923035438225748,1.8765085188792674,1.7964307456442237,0.30258086258366435,0.3863222223473415,0.029029261341193546,0.3284634660964152,0.23974749390100958,0.06722888150400497,0.06148495447618396,0.2899679967941682,0.6510810367073545,0.1947529708120943,0.15407840758068514,0.03862562883400533,0.033529578573210594,0.018192681512467557,0.03775714455728907,0.004820270378052105,0.043124234403710604,0.007049691041824513,0.00519256270060664,0.002840046307243882
01300.dpt,10.397058320522003,9.013883231854502,7.799098642605289,10.291289684872794,11.009277250673378,6.595228909841237,11.10636904799236,10.66387319637894,39.231430250579415,2.542584534304955,2.9750395028753123,5.737011797862907,3.048901613240652,2.856048136384958,7.535787308500328,3.5980048518998995,4.933257474045736,18.491449526930563,3.6539084021027985,1.034067640773001,2.297244738618552,1.5171195679659548,0.79885885594512,7.596380594571997,2.346186203484635,1.8236021486935279,1.9972126412262154,0.09749382987413013,0.1073236897024894,0.027200753369703623,0.36357433715207266,0.16347747713557215,0.05333927117581272,0.04613439142112852,0.15435354701423565,0.8048755780060777,0.13353008696685942,0.07732771510575076,0.007690118374192423,0.04308725747160502,0.03310698004406665,0.025499230579465015,0.01804123110540845,0.06698249368160636,0.028397041768720377,0.012507186132155956,0.001673520678117879
01301.dpt,9.06439222448547,10.255347226050626,7.71642747103272,13.591572797507624,9.503343610436454,8.21956397755235,26.20156541581992,23.983888256282153,59.65345922603602,3.043316806754279,2.29449072474461,3.155707975838097,6.2899183729864125,1.1935124722070118,3.8195827154398163,4.885787213739762,1.633877231729655,8.900431471857924,0.9826566815450488,0.4859545594043375,1.104538264616774,2.740864823000172,0.024471378177680636,5.577702025396629,1.4002237529543105,0.32707107878403185,0.6210532525360295,0.04524914547818737,0.7563307440866966,0.03462447500871524,0.6235895734077881,0.05865428302712816,0.5417387651343577,0.02444272269343073,0.18927037060904883,0.18810998699460946,0.01579907170193473,0.06404191705209572,0.0038380644442138623,0.05629880633238893,0.0026035329960556464,0.0012660030496869368,0.0008136887837940643,0.0010099548283558635,0.008171827792692099,0.009225415496006528,0.002011026409004524
01302.dpt,9.69368032741103,7.367628125935699,8.63994754550651,10.521101154916437,9.40796629245989,5.165649780235915,16.79433070621033,24.723753042236115,46.27034074971173,4.386009131991995,2.763290084639604,2.312935463683339,4.711088077097806,0.8884098424642706,1.8112809010925042,1.7332816698745375,0.9180733310965514,5.285587294055987,0.6096357492781901,0.2438736692225293,0.6399048880869269,1.1707541426205523,0.07347512811206136,1.3742523836180585,0.6432288507838144,0.13341153225832447,0.3975168187093543,0.04256617466391566,0.0957767630771501,0.00226044310365614,0.0947551226341683,0.011759720004209662,0.0972017805613864,0.001371328814527728,0.01099082310458166,0.03991167580219246,0.003650241641371399,0.012339992786391196,0.002431448114140755,0.006512401840619186,0.0022306318037315087,0.0007780117315198121,0.0005913552162645219,0.0037406804567025054,0.0011271478338739094,0.0009680177540791757,0.0020379026766141894
01303.dpt,9.690561885314498,5.933310192380015,6.021490743350616,8.87441901325278,6.729505564292095,5.782672113007481,9.353186637423445,31.115425822145145,20.673250735666684,2.2859547831555376,5.131552732271402,3.7619890910196805,1.5406711920120477,1.1206428285476626,2.954482886306975,1.106605710735044,0.6983493012662005,5.074999358249478,0.224451688952662,0.22606570972504558,0.7167215517154688,0.7310215681418988,0.11023099995760521,0.5680689246637411,1.0836685493400617,0.20471232085345104,0.3920889980452693,0.06692603146872855,0.1960147307822091,0.008317341030540493,0.08649190584091326,0.013578668658165038,0.02724347766720514,0.0012657662756354604,0.008915154619670185,0.08399647609345284,0.0019288544943467656,0.006113274433816485,0.018058327276014197,0.0020668829702080727,0.0026909648042887646,0.00021573638081584523,0.0001813303211004591,0.0037522204630738853,0.0005445097874553495,0.00012799166479326995,0.004042719626491609
01304.dpt,10.077403642355598,17.56875782415737,27.76258329526729,37.49054700781867,11.523511549992797,12.010135160350915,29.626535558341168,5.800582856343306,88.82023602307285,2.516783083171354,1.8366815223356774,1.7572167725452053,6.113992843709551,1.1377020653218284,0.6770814754503953,1.9075753694286237,0.5754269506097727,2.082646248484663,0.320174132440438,0.10220983375094916,0.16708627019694622,1.266863166764316,0.027792616542529625,2.0446103583347,0.16383768425135325,0.026614187321291505,0.2814214843381274,0.010629876396303306,0.11419234621234642,0.009525659613200066,0.1779746708200245,0.010558231648908678,0.15086729134730448,0.006704277098732447,0.04337095593239626,0.04911053863348147,0.017548136058834873,0.010107680547886688,0.0003746918851433856,0.026817313255933173,0.0012214292804603177,0.002172261097038719,0.0028724663773425085,0.00010332968720427882,0.007880812258136416,0.0035490586428985615,9.758643341040152e-05
01305.dpt,12.343803205285724,30.257272053153265,40.590660715463976,47.24772701591212,15.902911852445989,27.487679922260313,26.446766883792712,5.4887645106253755,89.55808721061453,6.401537237452899,1.4139839896543303,1.4471144356662475,2.2229452011141557,0.8241494650895083,0.3503055599334115,1.2555840906918134,0.3869117537192681,1.2592563651318927,0.09749058240887143,0.027567409173896995,0.11642872556853745,0.6065426038162829,0.08597567411039542,1.3420220785093018,0.03331467458732351,0.012134550331570737,0.20080134712988673,0.004505229363093166,0.022614436581616326,0.0023469886152004404,0.12865042562119888,0.008713864941302218,0.05038331653457084,0.0007855384499133589,0.0027443496353233288,0.005056639628933102,0.005430734680487825,0.011272029022805219,0.0030579552546408095,0.008920577988984046,0.0008730381369127516,0.003175012975233482,0.0030161058940577634,2.261522891822132e-05,0.006666947995546568,0.001065555892738268,3.0565933638371234e-05
01306.dpt,17.340955016882283,44.144159962330875,50.876340273146724,62.37879184460895,18.879931701292954,54.9269803993617,19.303222318858978,3.2949299409049027,57.80702655744581,16.47225528524375,0.88879872629427,1.4088722449617717,0.6022685030850601,0.5093887216219906,0.12122986987904594,0.7028581225849679,0.19362336470709218,0.233658513968382,0.01476704148492436,0.032984050982238555,0.13440475830482734,0.10749209367017942,0.1923348133830518,0.35960932413315994,0.010653141466790306,0.004368231271318801,0.07818668097293724,0.0006495958703176541,0.0019545360976691573,0.00029322010403687315,0.03451674832346541,0.015556722783325316,0.00011400771392577891,5.698055743463826e-05,0.0020965832569358467,0.003005118586616229,0.0010635458416665688,0.00976085647596081,0.008348460455509854,0.002154343570186734,2.8943443660001122e-05,0.004257098058242703,2.2905356382718622e-05,0.0002883068883264839,0.0006249471602975953,0.00019800006370773726,0.0006184593221681967
01307.dpt,16.27295518990274,45.10937032368803,84.95743720304048,75.94763869227984,24.669411084069882,57.42371750219552,15.065648877314127,1.8928537763397721,110.78667529548866,5.365782596436062,1.6351163930126993,3.1351943860716824,0.9680145549355168,1.6353176581372777,0.12080070477289917,1.1019701553781167,0.23241836615008038,0.25653741033476596,0.009279690153636277,0.06494841045808675,0.18703810700096102,0.10832469883515883,0.14711081965851802,0.7155414410556851,0.16299617419662538,0.012083959894515828,0.17677885413661643,0.00317060393339752,0.001049052620405888,0.0022140162294854715,0.0568284566215147,0.017838347450197967,0.0010665053549212544,0.005067637343768361,0.014316182643088093,0.0001023085069793428,0.002626345580587164,0.007927174927446656,0.01238774766429629,0.006248200619245359,0.0005145153787270429,0.012536220107654095,3.030398064041151e-05,0.00043322814881285865,0.0005898894067949412,2.1951523883845248e-05,0.00010697663637626587
01308.dpt,8.180255528431347,6.884677421675251,5.137105991048661,9.17887052426125,5.16131752689058,12.411966668755948,20.295829629193634,18.522453502598427,25.956624126097594,1.6954322833547768,3.425707792565256,1.2141040937742102,0.47147506417892937,0.5783827830613193,0.19809447204519848,0.22499319551750285,0.2179793701025834,2.547391067442733,0.06517419263778601,0.038281453180106784,0.12208704598187514,0.26529317102596983,0.0287155504325195,0.26665832345296514,0.3467389286668743,0.09630232546540818,0.16234235225495286,0.027523854093242872,0.0946599373384972,0.0048364488499723635,0.070456747225637,0.012588195151121084,0.028832040710186857,0.003320775741624926,0.012088731077114612,0.016428651869700106,0.00040208504723449057,0.00426632187984044,0.0036551034133950333,0.00012777751908243928,0.0013142938932922954,0.0002850383803123524,5.604884088616924e-05,0.002106892595944654,0.00045915155235753957,4.447078084190981e-05,0.004007204485311333
01309.dpt,7.587150249781548,8.748797141323777,4.821894703103263,8.183899615717376,3.6988543390074726,7.107504981233427,21.761820004249234,6.710475992420164,5.550382173888721,1.1684955049875785,1.8050924851941974,0.4298837291508879,0.40114305849491616,0.3660255847503109,0.1988755997060523,0.2838462449063024,0.029682939208340864,0.6637479929067305,0.031601805404851024,0.00953440299237962,0.07093493827359332,0.1746077446680082,0.05262050348032388,0.03044651910461238,0.12331334726250875,0.031292032034033856,0.05492049453858683,0.012780516698353783,0.013588571812895966,0.009473575853778615,0.008574246272577857,0.00033692422099640407,0.0014044461336147895,0.0008040542986137433,0.001697818751350444,0.016289891198207007,9.060794723270149e-05,0.0005618359226285952,0.005956509764652118,0.0002113352002363067,8.86245126756613e-05,0.00023313494312326988,0.00010850586996702383,0.000353200029482692,7.62213944099921e-05,2.8140550345390203e-05,0.00036039039946100804
01310.dpt,7.834702715161445,15.700515247533431,7.508348095244585,15.56375469518937,5.755606162383798,15.264140082342285,26.45496182804648,5.888071977307651,10.762598981229957,1.0950724489395078,1.2815068834708556,0.5757768362038127,0.31173737643487254,0.22850261263728044,0.13559338257763653,0.11449576484752155,0.03401986795005851,0.7301290153792859,0.03883093453673003,0.005776713269561196,0.061237670277046186,0.162490319420746,0.016382322893110812,0.03379745670244072,0.09013491529474904,0.028810417043908076,0.06982877201362592,0.00639966465075148,0.010777689455256478,0.005843041687985884,0.008503148291344131,0.00026767136995065055,0.002940657122040058,0.00047035203378809065,0.001053346196383531,0.018930382945747226,0.00024151199995292583,3.8230795366134274e-05,0.0033530357860788174,4.9880782753031205e-05,0.0004715102126553461,3.69968872109272e-05,2.7141304709266123e-06,0.0009272850265568122,5.175720325500954e-05,4.8958866239234844e-05,4.3117623478750033e-05
01311.dpt,7.5018704008069435,9.63634460776319,5.028479568472983,7.966075130611243,3.6109726917287537,8.81434308165354,25.381211302722022,4.965286675329937,5.071450517917641,0.969288875501551,1.1838316910227005,0.37131065354890647,0.47376948345066194,0.40013830387073057,0.24852822690121057,0.2953084893691613,0.028479490343998215,0.6523887568032105,0.024825084608859016,0.006034696475377022,0.05781775322812355,0.15801791111892827,0.03100834143144726,0.018954805320916646,0.09828177898986401,0.021613477327081076,0.04336064001351658,0.008653940727114007,0.009215944781405971,0.008094096988543908,0.0045869363676454,0.00016141613459419446,0.0012905030822117913,0.0008894487689455888,0.0006150873712620353,0.012799458951225362,5.6544966906546534e-06,0.0007755231030929233,0.005076992599705954,0.00017441062023160203,2.7207081838120928e-05,6.912293631267108e-05,2.1609612236184184e-05,0.0003141718927067716,0.0003386902677902093,4.550896201327426e-06,0.0002389111874206984
01312.dpt,8.689815720444212,4.919322031117739,4.755105637478881,5.055568153040713,6.8188902345278715,5.763153991983615,16.18075698601523,6.394742168452744,3.3675987094858213,1.4274377438188173,1.773771776813867,0.6548128969001747,0.7671721624195669,0.7038302493505808,0.44442577633834224,0.45417048248392844,0.027149327646319055,0.7911451015359963,0.017348693306738494,0.00858473794854231,0.05000263446578701,0.15474995319991702,0.04440660651149175,0.022757131541648046,0.11681607605289401,0.02134519791435341,0.02719822233177982,0.009480142689501925,0.007091723475102674,0.011005335703990315,0.006370852410007788,0.00019465951250074998,0.000803297213014198,0.0007491907434048484,0.0014592777126973822,0.009374270045531485,7.289149086653346e-06,0.0006340826429416246,0.0044728617922873415,0.00023685595808853321,3.4440904979060605e-06,2.1604076504644354e-05,6.688860750059256e-06,0.0002702876279659927,0.0004277504580528779,1.5222107167756072e-05,0.00031101019475798797
01313.dpt,7.866417806209238,11.463443821663,5.007787064669177,11.50343079164415,5.619184842043047,5.803800125736041,18.93968785921247,5.795741724008982,4.272189315835687,1.6318541846258396,1.709044695101357,0.3880845929495609,0.36999186880983603,0.1576668141664178,0.14427189853510713,0.1300054343197068,0.05243424556656351,0.8525843912857332,0.008683522448779568,0.013261945691782628,0.019733185119691687,0.16982410317390972,0.02941276895765199,0.05189048243092986,0.14660703078828963,0.024688318357882766,0.02085563596112161,0.004252969186247513,0.04613614916075026,0.006700067023652112,0.02318646423292492,0.0007183230362158843,0.014413161214808623,0.000964134908112313,0.02173866874357755,0.004860506507193385,7.6178962656880955e-06,0.00031973503015192417,0.00678900155454587,0.0001795150851857663,3.218356750767093e-06,3.428434436425487e-05,0.0003197266455495784,3.0235745156259597e-05,0.0007124828307996101,0.00020810557263661877,1.3067118997511784e-05
01314.dpt,7.485925654265504,10.59196409478001,5.07789389723525,9.914176508362956,4.148171493375415,9.307686486867752,24.08418390566056,5.4292522561492245,4.766961874945865,0.8949518371751934,1.012047395875389,0.38351423479039104,0.4100794697682858,0.381989331847847,0.22769755065473873,0.26208693897913493,0.021441647258617302,0.5875770999402643,0.019459716619882217,0.006532603619719857,0.04866920383544404,0.1715606241437041,0.0332765948542868,0.011447445282733004,0.09292966692412252,0.01737404641748652,0.02796754209986707,0.00797087430440846,0.0068687123723366605,0.01026294654416049,0.006969272935598569,0.0003409019350921749,0.0010260047481328582,0.0006747598896735818,0.0008828115393244573,0.009848322346956984,6.215901001360713e-06,0.0009577559442726091,0.004729566160083465,9.801374030393717e-05,0.00014452963823574638,0.00016850300719728484,6.462991745947999e-05,0.0006314238801163885,0.00018665428241515514,1.6741522487095928e-05,0.00043483859876525255
01315.dpt,7.418685713468015,7.596323958536921,4.387453206142743,6.679802540649089,4.374948910553057,6.787480754880845,16.797974595733706,4.423443818309129,1.9846467689250349,1.4737717659723912,1.2907521572303962,0.4529877597327867,0.49311276773352963,0.4090584270829487,0.23294378372986757,0.304192777099078,0.010508630502227723,0.3725317751272328,0.006059793696270299,0.004263123779128741,0.026145598410937443,0.12280877668897616,0.03487651257235391,0.01597591057212011,0.07325275446543156,0.016335472707240895,0.010434673547046414,0.0024563042523291223,0.0030903282374263874,0.01088773343662508,0.007676073505935688,0.0010666205192271239,1.4680185413840086e-05,0.00035990756846848715,0.0020693903245552203,0.004305710237811233,0.0003195978565077029,0.0005737238399974309,0.0033978917010625276,0.00029497723158866673,0.00031445640641303285,0.00018822552751829313,5.865248356218267e-06,3.753648106719076e-05,0.00018540721725290865,7.505691391485048e-05,7.791146996249942e-05
01316.dpt,8.229849044111333,5.024694052551924,4.359771156013174,3.9059110385566704,5.4428926866303495,2.344917639072845,6.309962528324633,5.930355515692791,1.027265489112895,1.8681403084203323,0.885542692718085,0.2258228427753627,0.40772506260124874,0.2888321494544661,0.17069872785624673,0.2968691046491325,0.007036073910644758,0.3010435959396558,0.012392140795126516,0.0027653262399505163,0.009574629640516696,0.0695780533201571,0.02409800474742929,0.014808989480399659,0.05166207481184082,0.011965519373289601,0.0017140325516670218,0.00030257842288239356,0.0002507269956444347,0.0057031925132892125,0.004289300519365824,0.0005536633262285262,0.00045529542391631317,8.380161279908371e-05,0.0048194626128321705,0.00027588628925134806,0.0008473995190280137,0.00013355302002637792,0.00042314543784194303,0.0013690248437948638,0.0005357197127827673,0.00039809105998833694,0.00012386991979829176,0.00035178487741904796,7.016663390158051e-05,7.0122483073475905e-06,3.866699556742681e-05
01317.dpt,6.999475865359828,7.617813864016195,4.0374578446451626,7.013486269775327,4.733442947008404,2.1226729594683333,3.7473180539613704,4.084529159158349,0.8026547317892627,1.3186951620728802,0.5813464844652838,0.23724834908733572,0.16789756812448653,0.14023496527009827,0.10543513287581063,0.1268787409787886,0.008370483209465984,0.15465771330623124,0.0016796501837545996,0.0011671042095988682,0.0018538379827380824,0.035515823684687864,0.005870237200763739,0.005213078252109593,0.020535848741107587,0.006526669193852697,0.00047096068903040855,0.00022702191184276188,0.00016157988674703194,0.003710522707841224,0.003343513621163252,0.0005378525928104727,0.0004140468731536062,7.456414127382516e-05,0.002480302993762562,0.0001916485456785466,0.000859487929031455,3.588323537295768e-05,0.0005864320467544593,0.0006979725285972682,0.00022332365507216068,0.00026150644004341306,8.271089896338957e-05,0.00015294753056360744,2.73315268372043e-05,1.3494058741625459e-05,4.140774322547447e-05
01168.dpt,8.889936123385867,16.519804274388946,6.723358746652196,6.898842980951645,7.2997539045207205,4.786045731584273,9.848423398987853,4.4401753904912376,118.06644681484971,5.299695961934203,3.822265587456764,6.311559689675338,12.020303982506384,4.788480379952102,9.071111933159019,6.373035995733494,7.83440898115755,6.776516445274786,13.495205560192746,2.0506585367250167,5.143529504778286,1.064241557577566,27.416164506381207,79.47360539124428,26.849564621758546,1.2014809057274745,3.836186889510002,0.10732624003355196,0.12381708981844919,1.2251266172547475,0.23550922811433495,2.9210280185835376,0.09582260351833294,0.10440240584848182,0.028488695070579828,0.24511924451551526,0.7219198433267549,0.006894495979578474,0.06595398375205297,0.25466930783223085,0.01102188952524008,0.07503730971018496,0.018899665438568358,0.024822477789174124,0.001904312461764479,0.002190536276946542,0.008041297421105598
01170.dpt,8.656472227666367,6.2221425559061325,5.610862027776902,4.624918826501109,4.73512015142186,5.487651281998184,8.508104722918048,2.625688777001455,41.602906856795,3.0764271237389225,5.188579713809165,11.003413934543781,5.289892102243553,31.680964046941895,50.28463029385545,5.192777980521317,7.687930089349798,47.47183930253964,13.880605800190082,6.352306307141045,0.4286327808727617,0.8670432361309492,9.516041348926683,151.39809327791343,96.47612022607645,5.155916736091936,3.538840255776706,2.532643873697077,0.19468249294937812,0.5815336498103183,0.2201414470674986,3.358752150645152,0.5333964675764316,0.052138540624095064,0.2839549727663794,0.5994679599512553,0.2086757520746242,0.5012134002488349,0.02386513281248559,0.8797575769205239,0.08126970708958925,0.04504523426186402,0.11759346235486912,0.03307349811232607,0.0004003407811974391,0.03415617422542783,0.020447538125216713
01171.dpt,8.614343241051259,6.761583945335251,5.5884289528351765,4.284023979699426,5.86608681417195,4.260308535585827,9.425521463765818,2.30609397640028,49.90851714845729,2.041922695340497,4.0123235734869835,4.389967430978437,3.009683640363045,26.275678257294942,36.26956259608819,2.9269257034319485,1.6402926730309577,23.49652896488092,8.716470583671112,0.732036300328462,0.24928486551946039,0.5644239098676853,13.054078826701089,99.16402771958947,42.93652260164791,4.110310360748245,1.420689338232701,0.11358934367091322,0.09637991815302116,0.49438158513864994,0.1727098370747021,2.535803947966108,0.007021323056835116,0.001464831552201562,0.003936114980799488,0.33905620105023404,0.20933872617570393,0.13967455358129433,0.000995379812282926,0.20379737662403308,0.11700709939246035,0.02439758062473274,0.004189985940135976,0.04654822123656077,0.0005236015982630349,0.052746993718008506,0.019432123386097677
01172.dpt,7.954339132734228,6.001652600702747,5.897678861859393,4.434212388647855,4.806820466721819,7.126199414854833,9.286243958033545,2.2239754285155744,32.24988511654842,2.1603692632559732,5.21160307178444,19.895902470843662,1.1793541609119693,22.348358789421574,26.633427122263036,6.197611150461356,7.218481287443587,30.943051103317522,11.82069207445186,6.295277539437052,0.4477469199572618,1.4357855705673543,5.566437448849515,78.3662338113395,48.90252402107644,6.215093137088994,2.167221202809035,0.5199845830284042,0.1478238637429906,0.02540766128035854,0.158492557509464,1.6580073873936554,0.023959558779757084,0.0014706654389138318,0.03809712231218565,0.20265164974104266,0.1920784909633504,0.06649319898590622,0.01415124901866538,0.2894720689187157,0.04443134830973472,0.011751748519207128,0.0017850617466278473,0.016672349965336952,0.0072889220807038635,0.06475848963743303,0.010854316400663033
01173.dpt,8.482660931939265,10.018547721629815,5.357924993013423,4.670967620830406,4.278931761743587,5.642105472649457,15.681257612783874,3.4936782188080167,112.34131470136535,8.946284987200055,2.8128535086402557,17.32705981682047,16.836631861536123,25.579985123542254,36.257719756715424,0.6297241961147859,8.234326598269122,39.29915676997907,14.554229890426482,2.1780256066482284,0.296222636458926,0.197021341004478,11.432830977910397,96.21249155391914,45.802064526564926,3.7073963622601447,1.6698567140995015,0.3545665457177958,0.03010159159231529,0.2861878068649911,0.14242696460891968,2.556545540405766,0.01040654157386578,0.06586920411521957,0.11388227428749953,0.07424125044164476,0.1369164458091131,0.2164006332755335,0.0008244130260306459,0.23496365253099627,0.05085425114917708,0.017077940012548365,0.012166138667266124,0.02285624896989169,0.001500717283639541,0.03579923538875596,0.03250055246447625
01174.dpt,7.925473242119157,8.910904980211656,5.269226161153862,4.499029889682141,6.220323455316566,4.052645669557425,13.983615069182925,2.358694799670929,89.18094633331422,1.5929121501659353,3.3550051884529246,11.990947638482515,7.398127178581531,16.400663008138988,15.144105741815693,0.6755551138933471,12.42505414970327,12.040854850162466,23.053069704328315,0.2997175801505192,0.2596972575119798,1.5387683366884386,7.572300864968197,76.52463290704046,29.927277636764636,2.1431556264275766,2.2655112458863753,0.08177572826253898,0.10541412492764779,0.43496748812347563,0.016474231055343624,1.4100963056946434,0.06291998884524475,0.0019120738880057386,0.0077032097383904485,0.10102042676971024,0.18314604997912143,0.13612104506526757,0.00287122954788277,0.14967456971115767,0.05045886985418124,0.0033674824335708786,0.00013034166924541513,0.07257465335012292,0.0009040580703175705,0.04290789439784659,0.018781453731747
01175.dpt,7.801776371259177,7.602393427562937,5.016011193198976,4.088393318910704,6.813027948677294,3.660459781316124,14.155601252090666,2.068731080324726,72.21454024958567,2.361264584745528,1.4786839615402811,6.889327843807543,3.6853142239409173,6.857998240426621,5.954436769783143,0.4289805149632907,4.2727778314405285,3.217066441232732,9.388560790465036,0.9418129528736567,0.09218654928689018,2.3328285367102826,5.212437115259996,29.88679921620147,7.810454546071973,0.7372584958907773,0.7876386643177642,0.09049324386580682,0.1437502134137072,0.32443199447313886,0.004288566542014927,0.7126055985925004,0.1479416755322045,0.02910360010752544,0.18374882408152837,0.22768943624954596,0.08670450021772425,0.06085863812672976,0.003575947225552767,0.03478597974623854,0.0387530438567697,0.00019449279945726872,0.0024795524007400482,0.040724077874355724,0.0017857710266666604,0.03229346927002641,0.008417713534118243
01176.dpt,7.634250521553078,8.254425434797868,4.759237614052472,3.9939917084997623,4.079295242155385,5.772531094842645,14.235409959062425,2.2745118712546875,81.4795314241151,1.742774328321886,0.8838867064282996,14.922212530118628,14.371727644505981,5.817981041301427,6.878161254429931,0.33210205694105976,2.460139890190134,6.23968523012497,8.448167724711832,0.3393045691714158,0.1200496449979298,2.023510827612527,3.217933307391413,21.06909101631612,6.431770672600533,0.6062602601953182,0.35609426795096344,0.05672975727430485,0.0109932137691362,0.156522692379653,0.002278874802991937,0.4124390986234264,0.06443925800392125,0.01927552595117188,0.050352307555789566,0.09945874395453802,0.049035257578126545,0.03342021423899011,0.00290178036976374,0.03220007092015831,0.024831375004032874,0.0008214418446176319,0.002890893251966564,0.01601526403871467,0.00013780067038926536,0.013929829329898391,0.00885325744800447
01182.dpt,11.335211595019588,37.064385836037886,30.057761022186114,21.214278772410516,7.055251892964648,40.31311778450506,14.911180821880706,42.60397130770349,339.5187626237988,103.88935955311403,32.38358733333369,32.17690039421841,48.202110727034984,42.654562750458346,5.031231670276171,7.620491431989162,25.59280404841807,36.67678073100581,4.623324647118116,13.615316905365733,4.736031949179685,5.757274904239402,58.684889041722144,151.60584771435734,69.72272346478657,3.369744714881014,0.10199688485210856,0.5717634204326272,0.06265469442955396,1.8342617810180974,0.43810243200121113,5.862051457579901,0.005845659271470849,0.08124159543642129,0.0016505151175372212,1.0311567220424236,0.06585582452357408,1.1494297164164577,0.4904221634612602,1.0064654471739514,0.20331568505284203,0.0006786092652641962,0.06403607963905089,0.017092327899381754,0.0008772811162833793,0.044678543172186114,0.10500642888129663
01184.dpt,9.860448951377785,36.9384165504643,38.47178433849951,22.717809552919064,7.5354060914242105,41.975061721416985,18.095928152532434,83.57708406046443,348.4707181738425,121.82269738228632,58.76540454803193,20.66824950590087,34.36614689084428,44.12734473746178,15.492720205078648,6.88895511717346,18.5724318107524,33.888997383052214,9.241569210916355,6.993366647423409,0.6407236729547554,0.2627250397252979,14.493623945488174,60.033774752501905,23.359491031732766,0.019875184953510816,0.6584675982230994,0.0389958967608135,0.1088312953345586,0.5683219961166275,0.02327866944675605,1.205845671624667,0.14511270081509176,0.06472001275998529,0.009511814615502545,0.002964109913460855,0.03160902356609718,0.17523852603913048,0.027460780443811728,0.049628506667729,0.059761982239524114,0.0005890757896752641,0.00784805129540822,0.0022938292618054357,0.0026629282868182447,0.010041664547365547,0.04590142350448834
01189.dpt,14.324071812088953,43.65314419109596,22.803098919559503,22.32291759018728,4.546717015233429,67.07562291865005,12.008335972733033,5.259883220308073,417.4524717225464,133.8715489733686,52.815791021211794,52.823049446749295,14.903138699144495,80.35067885346652,42.251221829189234,5.7111338555390105,9.092690549920336,63.16247851929192,4.833139920652203,0.4170239328274856,0.27592611643131515,9.778849402608717,29.69815000628304,141.45954016287,102.53626343698129,0.07978427538309862,0.05363804762333402,0.022464966355216998,0.17780912109641567,0.3713835945699858,0.24803100167948122,5.679075242699445,0.2632236002807715,0.24536541296843983,0.02966760026242632,0.18699344776829907,0.3034655810805327,0.18690139231518854,0.06980952452786937,0.10619422194266714,0.16469183793378006,0.002539897482829123,0.04816273769824131,0.022850700069420804,0.002071988160561089,0.01848505752867724,0.09471155662869546
01190.dpt,8.001881738733932,20.454955940828548,17.94103476085831,11.507342956975357,4.022315710580169,19.63431175201024,16.41514668348683,13.892105436756763,208.29304111696104,60.281497108032,19.37352096800896,17.470673586194465,21.215521284768613,55.41767337168393,51.21451801876248,0.8135672074592142,13.591346500892413,57.78727682695786,2.6701783194041355,0.389825710905094,2.279951878419458,1.5279729194387275,9.266368887872199,81.1434503033145,30.224888529561124,0.2093613683475648,0.06324825398905198,0.02464620909748716,0.017108763047226416,0.3032676141424423,0.35333966318487,3.4365528738793443,0.02496846715755796,0.01223179032690791,0.25941946036228725,0.11210528316436652,0.2790854438497563,0.18997175118033116,0.00375649051085325,0.19499084925783972,0.0997245768170637,0.012587084554984251,0.010578306032589802,0.003907507921195763,0.014806831142269106,0.0056075041445525775,0.04570843809334191
01191.dpt,7.976661658585883,15.887795130460173,5.183501353689564,6.67847921589634,4.029093407052545,21.06912635732881,14.248487784235179,1.563273825392863,103.32595157466395,14.682351057279465,2.768606639058854,21.247343784853932,0.7515774303117335,17.207837829915654,9.535634309615807,1.4377940892148209,4.789936530515922,5.966386263790643,6.207834101506277,0.17043350211623087,0.3377190829060064,0.7870437654545372,1.8941647822611718,12.512787464103685,2.6699294095928834,0.39668892525699007,0.009987328860600941,0.1735685079853998,0.0011925134694592554,0.030010090325418126,0.19987608760525089,0.9293931717719395,0.0002752779567417596,0.051970688156458666,0.027364462796394706,0.1851262066521795,0.04806293079409851,0.02704576810680126,0.0007927106598032418,0.033329224522369416,0.028510902453531384,0.0028429271640342257,0.018384511578374507,0.015173340386172796,0.0002472901753979295,0.012738554070723995,0.007085916529489755
01092.dpt,9.778760434957698,17.12202483756833,7.255040592255355,9.090572917120223,5.590652455281859,29.095640188730133,15.61554208888337,2.567947207543377,137.18818907551446,65.06300887111443,3.0941512075737565,41.479678817860254,21.460859295856828,43.14609779570419,37.22734171319375,9.43162359846784,2.980725539714965,69.40883726703477,5.400654101433402,11.4733093296494,0.6227714716265114,1.758491497439667,18.096620981112036,67.89320490456528,99.16336903264435,0.30279318094563235,0.25565906462152865,2.4306563027628543,0.03945894688073648,0.5458772007349137,0.10935308263667776,5.898814120497378,0.17709141851693155,0.06579687428851455,0.019423641872301278,0.7805277263267274,0.01265341987434021,0.31909444631441464,0.3285359190448419,0.3455674875868463,0.14276327086120144,0.012620554659172334,0.030588791968714335,0.20776630974298693,0.004015329133119416,0.018784444859165417,0.01640554334902422
01093.dpt,8.880688593707287,5.893546807432329,5.405714291974892,4.415636986328186,4.356980700357528,7.242602744398943,8.778565202096953,2.5915480912916316,28.79228103848644,4.965591204690372,6.035581912987089,12.983686614333488,6.869214634361095,52.83165304009578,74.2034690863857,34.62404327469224,0.965427998235943,113.49912193616474,2.2383907508641174,19.5086779300037,0.3527976555902297,6.332991817359526,4.061641118551048,94.27506422705041,56.28075836289813,3.9220802533249586,1.60505599267753,0.13279902221265805,1.1742301727537825,0.2556976801950217,0.016593094980011158,2.1840824560662035,0.0286484997034977,0.0028845505689480966,0.3210485605803507,0.1908438717666896,0.02522307161360493,0.08599526746011243,0.013501581021078013,0.5463895712599445,0.01144736326106277,0.001225539916113405,0.011412032145726059,0.053658945140068415,0.005565563540600671,0.01915889094012857,0.0200496106222805
01094.dpt,8.07991731858968,6.268674426436028,5.089543232149359,4.4707839000135055,3.8528908075620842,11.331476308330132,10.41550720223077,2.112326752831993,30.25704209321922,11.904049478095576,8.693383383437107,18.69091654699242,4.468705862100665,41.349513602662604,33.87010961276223,21.722552119062854,0.394203830095998,54.00725101961747,7.762548453382275,11.071001105103964,0.14400555650428948,2.1824230000530003,3.066411176034838,29.4846687951601,24.608673643463234,1.8829776212199847,0.09334040820534151,0.045789646470316914,0.09657078204200265,0.0029348002362685754,0.0076287842572244635,0.8585033211435458,0.048213603027046914,0.006582296969407708,0.13928237142775868,0.0659705214484867,0.008775831637906406,0.01070857123247626,0.00019881043443514823,0.26126754808544095,0.015668306246843122,0.01350233767979614,0.020667161960155722,0.0039048471918234906,0.0003763865086355844,0.0032002052051718355,0.020015588821485908
01095.dpt,7.794254687329168,5.555199054159377,4.644464745149533,4.1774266844121355,3.363950083487706,7.26906948376104,3.43807742043661,2.265409185603874,33.43273710744401,1.6158650198626492,5.397516349220895,10.288062593345334,0.5777006880216036,21.53028881295303,12.893842045730786,5.634843640760549,1.1455062095795863,16.346831160406776,1.5289499968180102,3.926351625171799,0.32189880974062524,0.1370790837557374,1.3109709688898519,10.01895307827129,5.507520029698602,0.35615398560824585,0.008690132521033012,0.0019934662506130296,0.06902220952285865,0.004890332338403636,0.002542372909558388,0.34405590408094433,0.08307065554927018,3.814847541094846e-05,0.001170871498356152,0.06006825884173439,0.012445995435563573,0.00270790407611754,0.02024561025987459,0.09257555714254007,0.0028773221734487153,0.00888352305041007,8.634129552542724e-06,0.0007761646946229384,0.0002481079262079966,0.002321265250566862,0.005682026833729759
01096.dpt,7.429827289842224,13.71901624085131,4.897864513083781,6.9902175634300505,3.580548209163502,12.67257816673414,19.977617607939695,2.6973071912781093,42.895769494084625,11.753829877450439,1.6957436397597023,15.524530817307351,2.7143702095052724,36.429595476799406,7.032647493385127,6.566551928120805,0.20001788448099656,20.902613844238147,1.854088941395442,1.2753085215480258,0.04675478430522806,1.91238023794166,2.879655516444941,13.127960422317864,7.4862605478680315,0.2639423540391499,0.0479144644012961,0.04814538034752658,0.03163899945854065,0.0041478202046327795,0.03862287549863708,0.38327570007913014,0.12620337258707648,0.0031306045850946207,0.019189487595722032,0.05531493133672494,0.000488950331046567,0.0013888605116736397,0.009090217772109499,0.12205464262737098,0.007528487119742189,0.011054452713028518,0.0009944017099573488,0.004646172186085651,1.1861415504466066e-05,0.0015175881336405572,0.010384512894262343
01097.dpt,7.586200800018995,7.890178332704922,5.037334512140916,4.950076847672966,3.2634586727809958,8.345748424510646,14.027696802614042,1.76895326862393,38.846200700591375,6.204559478283814,3.197547423033332,6.620013558875361,2.2156361826103153,27.030788132158083,6.677120404147624,4.8319157846176335,0.5094492191996296,14.187672774640319,2.3166205551375274,1.147111328459772,0.042179013536930654,1.353366210474374,1.6512082945455049,11.624316358921616,5.916580320093238,0.4176492454239076,0.029126323515814456,0.02474154850097421,0.04301488409307497,0.001117361375507775,0.026889495469410996,0.18037690010459717,0.11379497716320075,0.0034962899837069905,0.01293996225928462,0.032930602708920675,0.0035568945417471243,0.00012430991423395543,0.010957443470289818,0.0883019973828415,0.007529600910723522,0.006747390090562466,7.365500260392288e-05,0.005529562300764068,0.00015768675722205305,0.002769129270660309,0.009400938938731507
01098.dpt,7.212432899558028,11.260330612105363,5.3650039834127625,6.575692352946033,3.10621583815678,16.268936399630356,21.190834642634307,1.5631364092864923,75.18013614672266,15.939234288177179,0.891498079438618,9.364248399310577,3.627190868972723,19.77775734197578,3.8151628040631698,1.3922752229223891,0.16373044481537247,8.040494054961208,1.3223067042449432,0.03758609021353121,0.10706948066914257,1.1646653434965293,2.186066883602473,8.249723624731574,3.020854907935781,0.09151972180701828,0.06464717990378555,0.022795863144821293,0.010663137191178618,0.013025120142183266,0.03923172678050113,0.17882745166605352,0.14359963280132626,0.0058060520990737,0.0018293309906438626,0.05441098867898908,0.0020687675752599777,0.0012303111830629376,0.011230244507892229,0.04521297768750876,0.008858407765502063,0.002360358219436698,2.0377989493058912e-05,0.006535192123020783,4.027906425840833e-06,0.003076151151789941,0.008300923596930687
01099.dpt,7.454276013364788,16.167805909034108,5.3102921881556835,8.523323103867915,3.3622233160234654,18.35572677892575,24.361925982551025,1.3055550248079417,85.305351555216,17.31386913580658,0.5411249829847373,12.980766987948332,4.03267294093059,8.780168296945337,1.4585596439896986,0.5013473943447275,0.04860586817773238,3.140669162026241,0.44864352544696984,0.010641136419571429,0.42006597481697894,0.5078986512049037,1.1523143608774178,4.398836328294205,0.8927987924279277,0.001415338468174876,0.04194969604720589,0.0007173360152455954,0.0012247736169036516,0.003710619799918602,0.011626778320334652,0.08068360895129334,0.12573830427710275,0.008149978491923338,0.004109172439309194,0.049912302764942185,0.000553762293628135,0.0013173852484660298,0.011553815422768232,0.015933327866069935,0.011849521136760965,0.0010983280167959908,0.0002608470121583384,0.003743083694027538,0.0001271524603558838,0.0033616263771412136,0.003595856437153988
01101.dpt,7.6034112219043095,8.806671694443581,4.811805283481487,5.331657968611502,3.594309173689762,9.992084959649883,17.393470145950754,1.968805418822111,25.172853707221112,1.8683323079732062,7.068124770783596,1.9145736511186424,4.244619486878779,8.84341047226229,5.431841546593149,4.580891435321245,0.20972457903254715,1.7642281650108718,0.0629892999694297,0.06469718796023627,0.12846561742446538,1.1357802011948566,0.17972824944464483,4.345464274547733,1.2031807177670242,0.02729511422839237,0.014279543475351986,0.01727607680592691,0.05070892168170538,0.0017016779668962423,0.11746539331228645,0.13293433652347553,0.0987917312674621,0.019515480714212385,0.04504949939470981,0.2834285453176265,0.0041376304765979866,0.0027977996051230525,0.011321262533948717,0.021760483793771268,0.010234430723554122,0.0016642851109635037,5.897031514834339e-05,1.5766456262444883e-05,0.009273960136252701,0.011232498997541973,0.006283263304055042
01102.dpt,7.249355443706422,8.842937800077593,4.651258117007599,5.366113655405429,3.337626735689387,13.172156968909935,14.922876119527025,1.9482560205431398,15.805412712290522,3.9841240415847787,8.170883196915407,8.475283794701793,1.2275111071899754,6.851308810622351,3.4246824275921384,8.025727677067788,0.5607448808046867,2.759125239406321,0.16443920305257875,0.6362595758064289,0.2787872685906637,1.5188236273917877,0.1577023695021823,4.683618561437504,1.9028237913190207,0.10887048866567262,0.003967521733655666,0.00355485026572655,0.031023243602048556,0.006481303230974289,0.06545288840393537,0.09202829142836566,0.10157777091773124,0.025679257576752712,0.02742063319333221,0.2929200106379184,0.0035396176153804637,0.0007619298562713261,0.005475418365155527,0.03856632384870906,0.005947630276595284,0.0003891454669384675,0.00011874923545773797,8.061228717881619e-06,0.008635529568211786,0.011374060867988423,0.006989837952853906
01103.dpt,7.206322705302117,5.947586603735419,4.3252222794130715,4.132855048998974,3.3549331036852945,9.67498528672973,22.935615960449425,3.211175735140869,23.061899916689093,1.2093043498919465,5.518906536027649,0.8896459772239129,3.997543104225004,2.9523291675235983,4.517895032073951,2.683825509989705,0.21998226596378068,1.4716174056278104,0.19640759282165077,0.20116939528672617,0.38754544787358414,0.532652943751657,0.12265630130870464,2.7180589938666437,0.6122626314219861,0.00594950825938545,0.053370935527649155,0.04582356202869842,0.05670657650024735,0.00044676023808243315,0.1428134185820763,0.07861743451074688,0.08538202164523545,0.0218989543657786,0.07101740455867522,0.26980714123128235,0.004694043892253141,0.00017570658703913722,0.00578681242761081,0.009595818752667129,0.009104958643121441,0.0022070044882492867,2.5310293352287516e-06,0.0006332271726725569,0.010237133637226004,0.009252820295219788,0.003917920787165463
01105.dpt,7.556264002754032,6.877368016198336,5.388196144141213,5.25599673701393,4.18378575991918,6.634483687263801,18.705815547948934,1.4879463933102544,23.502758452465343,1.428823836844732,6.244873323095341,0.599908117139144,1.5933085569594296,4.921983301844755,5.251415417235577,2.7579758652682353,0.1077332085641739,2.93918600134339,0.34140749545966276,0.34130384606326647,0.33624542424910664,0.4037933887226436,0.18925966993514165,3.453964572308894,0.7187588952070771,0.005895338222893898,0.09082935711255946,0.024284539916214154,0.11435843428724635,0.0025867878908720776,0.09548146396219548,0.04493235870653045,0.12161956900428739,0.02799158103905297,0.10666281295212698,0.3437674165109299,0.0037383226594255303,5.762268563602735e-05,0.00646634175150218,0.02616554112491809,0.004639580204766847,0.00571645324635639,0.0003244589867542613,0.00015449318547855473,0.010475227305514423,0.00849010327162636,0.005379846954523426
01106.dpt,7.138464267944182,4.8185397702355806,5.658711603010029,3.8113639980099574,3.2066508916694483,12.46435543252091,7.958946320482031,1.6736412155415903,23.271690251383475,1.4172771043268848,9.504376689339377,6.7896151135792,0.610006381692848,2.0466024981567643,4.495635487663707,3.8259479436732233,0.7950108337839257,2.8615796994340355,0.061129108356024586,0.6783588773083857,0.6771075380038059,0.4775088395096744,0.09006548464688702,2.5639569075524586,0.8462589845197224,0.11226741344697277,0.10574908341227962,0.054291054790881255,0.023980404297810565,0.015819334936585272,0.11733813314114139,0.0762020639852452,0.10811336673840055,0.015796355441558663,0.08386772624898686,0.30397897863436374,0.004924311526571579,0.00038908350784283563,0.007926253433035324,0.013723831232916428,0.0035390479067203273,0.0021930838387766993,1.4832208061643648e-05,6.425225557593617e-05,0.011508730517476806,0.012054667777018024,0.0063429179832054094
01107.dpt,7.387684059326712,7.036241668781983,4.261107815956133,5.131410854480446,4.102985263805403,7.729683612179221,13.46287829372309,2.2627218049410494,15.100983488165454,1.4045115896201767,5.571044693809241,0.5825757496516442,0.8074831155178963,1.6316157682702404,2.842559000683199,1.5372942971540957,0.1268523948659771,2.0654632615702444,0.14098098310940843,0.4009601527033435,0.49974352380319365,0.20875551735590414,0.08004121354358229,1.9157360199666127,0.6462876678603742,0.01858307883049215,0.0853097939922981,0.028508756242928146,0.08859888684248496,0.0026970437538262892,0.0730207434916188,0.013103497314812307,0.07873422707290112,0.025852410906520906,0.11826955562135821,0.3011472376576424,0.0052609883334533425,0.0007735812232032568,0.005301786917108364,0.01409910396588343,0.003056182502713334,0.005171516276284649,3.753629919711621e-05,5.107498645684494e-06,0.005120625341070384,0.004549054600800795,0.0035063158929617977
01108.dpt,7.82312664010235,5.126305708358044,4.341085781007916,3.9947824066725133,3.3253738959584167,6.977405558524967,9.56672025710464,1.924075509898541,13.663154257506424,3.009592459221491,4.298864664059055,0.527639675464505,1.082631480320349,2.6589489663810473,2.0517773462180067,1.3796227401502215,0.43468315424702375,1.1431368537056843,0.0727064087495638,0.1014530273813582,0.22935745997766133,0.29128631146776895,0.02498247599078085,1.5859912526315743,0.9866561141495298,0.02811354540500377,0.04751952283355543,0.006468944058034443,0.08219850574601628,0.0002724877811819404,0.08326585978849765,0.010564749435765575,0.027375872531589462,0.018821359056065967,0.06613976455713289,0.22250960613922754,0.006086494860214842,0.0003823061168575226,0.0056401773517429366,0.006703780935965797,0.005531634082549197,0.0023335353946914994,1.7006096366678491e-06,0.0012776606470661367,0.003110915705184625,0.0036068104848967497,0.0033236903393376593
01110.dpt,7.568280803203638,5.77230948128331,4.292570243818857,4.601598346449551,4.293006872892391,4.873090432935529,11.798059687033717,2.244500386364417,35.24608902968576,1.5134635372312686,4.750301533115188,1.1364190934586231,0.6738012484484055,2.238283168006224,3.9540890968274844,0.364358843665915,0.28902164784991347,1.9950371136899974,0.6470493540213749,0.07362896225522153,0.5266219638104965,0.029298928723762607,0.4984186978089029,3.006083929853525,0.2685064827709449,0.008481644127892207,0.037334338222823504,0.09707630584528926,0.14304673258416523,0.0007857733144273071,0.007063305272434817,0.01315340175986801,0.13467635991096605,0.011212413770760432,0.12736199220765787,0.2384103844155322,0.0035484655765377626,4.1948030369387546e-05,0.008508108691780536,0.020595585264301053,0.0014718073854662617,0.010557901887640497,7.578770009375457e-05,0.0003581200700468745,0.0038343728273886324,0.003624482064801593,0.0033451560068558095
01113.dpt,8.211567792303775,7.351041024099574,5.30332885015193,5.858887854681681,4.145808097902546,9.80050541493057,17.607417911476933,3.239116800346482,47.19716749104595,16.994893959794638,5.942532264475111,15.209575848310742,10.958479082387772,48.112179865502476,79.42545617321987,27.855550715692928,2.1925739236488804,100.02792831491051,0.8952503631110509,19.452410525020234,0.26114656881777754,4.145827142490898,6.820455863672988,122.1555742421527,55.54778600121115,3.473137127032328,2.8569623284113534,0.04938110623117531,0.8916055727171839,0.3496206452597749,0.0077981105294594455,3.495892751985093,0.015721575095204665,0.00248996554771419,0.18686283643834423,0.31101401850177646,0.001161869853047337,0.16138723552992984,0.0004463367928478901,0.5026067176340128,0.03477027153666423,0.011759103121832926,0.004675350611336837,0.0588360436033154,0.0005150265382338759,0.054591013616286044,0.020047368712705294
01114.dpt,7.745197802331278,8.072843063339477,5.280309756044799,6.356963090683856,4.408057535019298,11.24965280351427,17.052078506387705,2.0697730875179072,22.13642177728622,9.783916717752659,10.84181153624588,10.90252074660106,1.728969029647423,11.458721319761686,23.598540418778242,24.698236373157307,0.34213606451058487,27.234096187740484,2.211772622836308,11.814274235336958,0.25416930457200415,1.7708479197807354,1.5658699620061536,26.235139465254633,13.968421041375162,1.6107012188453145,0.16266628821323814,0.004755347540565724,0.2720095757091512,0.009136250016084646,0.04600007008235796,0.493285295543872,0.11490351398382392,0.01637657895870226,0.008785054947000881,0.11436119071795892,0.03181437219702743,0.013025531004390523,0.0040703084583644245,0.19867636729513416,0.019780495203744475,0.0036641663829837245,0.00037682883611578344,0.000757360595600387,0.0019235057551023615,0.033242501196977026,0.007654219962358488
01115.dpt,8.277310310825928,5.847538411469691,4.637989152393135,5.021668332291096,5.586318660203686,5.975866389804897,7.4684434474856465,1.90411396570937,18.476472195054164,1.1557084679968956,6.076518822574658,2.8981588951256274,1.5466323980617789,15.796655264205935,10.886365064984053,7.725507443413624,2.691795378938894,8.5828185850052,1.1643460459957256,3.3244301573421824,0.12159312200561301,0.594438350319989,0.5666639854496984,9.257796710401353,5.149852386603667,0.41122568206452514,0.0035703884053385204,0.0089166265120042,0.10054795054641041,0.005490315699074433,0.02293989126221274,0.21354879982167263,0.05216564079246655,0.010124889972411899,0.004364608286588134,0.19350046410189237,0.022916871316379872,0.00666459889407911,0.006153022836879463,0.07166421444437865,0.0020104793649017294,0.0035699931785979633,0.0007902186232174868,0.0015366677238757287,0.0022069143143557124,0.009469220629819919,0.006601033937453482
01116.dpt,7.419121355135971,8.437637651942874,4.666951182200986,6.983017068311623,3.23398248254943,11.266417553114069,9.784997887014633,1.4987406893021473,31.31542219981616,3.117504499762144,3.1127741394237045,1.521985281597558,0.38040344788215197,8.531713372640812,6.254388001343825,3.774348067999557,1.3779994549247492,1.9004809604417514,0.03749228786112446,0.638928622157263,0.3858803770228574,0.26862289010274387,0.3458095918461759,4.1183913853389456,1.339091574252352,0.020336859905139337,0.06661709647556846,0.04744697221319283,0.05770792097873212,0.00416749593073662,0.06806101077360638,0.1068655969015605,0.03904472951619742,0.008969037980281036,0.06573708775264231,0.2500226889892606,0.005548447340815055,0.0001857059671838135,0.01698000325549065,0.015404631535904434,0.003879097262525444,0.002568385249542282,0.0002053776460133605,0.00020867227399490318,0.01495215601746358,0.008875475435177194,0.005965844254183672
01117.dpt,8.263991884501628,6.904372602402572,4.646701749870242,5.870783516555802,3.6195786058366446,6.9574971177050156,7.291823623788785,1.7982836008618612,20.245637609477555,1.1957120538248625,4.0597138968771755,0.5976772690782295,0.7689802146787938,7.3758575567333695,5.539846286782532,4.349563395623087,1.417188616030502,2.2844273556666783,0.20620431683335227,0.3732312082473872,0.1710259280916001,0.5453644571501628,0.2784207285487985,4.947662952173331,1.9900287548459934,0.05242993932848217,0.011900330768608414,0.008272921388053467,0.04706760882242733,0.0001946783128886631,0.032071263418052776,0.06089760176344794,0.03856395694810888,0.00927959155571012,0.015492014879180949,0.21957269004118407,0.0043889093751298125,0.00021241371131053288,0.006095563135077753,0.032971679721307545,0.005880102220826133,0.0007530246455421663,1.1950684632000552e-05,0.0032161750348870255,0.003021855046285271,0.00749692882378139,0.004936441431820704
01118.dpt,9.866412043938695,9.844313595278114,4.778622681322156,9.979551453686279,2.8363081508428603,17.43184521387624,9.574150076814963,1.3263352226343357,81.25218541315746,9.4373254060026,1.6107453458542165,14.342410728640271,3.428578250508861,2.1725742680630264,1.0823751814443219,2.0747132657320284,0.08610567893004029,2.290311247623197,0.1583525249920541,0.42100842262164306,0.6252403272907354,0.21020856403157528,0.2190935337025407,2.6993373754641614,0.778883589081907,0.008722653265903713,0.0027184336069908666,0.017809860217736118,0.004777197311572112,0.012104642227987461,0.012572895803312667,0.0727842157569284,0.08938038917279256,0.0002055960344679031,0.039037060681811786,0.09018782725899466,0.008352662093067509,0.00509405942038299,0.004765646865896311,0.0024758229863844905,0.007437033600311005,0.0009258651559507225,0.00010198170182662558,2.2383216257138017e-05,0.0055767134286289766,0.0075531827102394145,0.004279564377296374
01119.dpt,7.357507512187653,14.905605614925726,5.5955716953103725,11.87681340908815,6.067757288243472,14.59808384931807,24.24797278903914,6.3856595625119805,50.54598083979196,7.791925819587545,1.8713833428818716,1.251606986169275,0.9737508018557608,1.3337242402347602,1.640441990587603,0.9661732429403385,0.07643441856345712,1.6940313864064884,0.01767203722912125,0.39956628986431464,0.6006033587534754,0.20466687815738682,0.3454616055247366,2.8590941813173667,0.47967545587667804,0.0019620187904022535,0.0004817505023989588,0.034698599526257756,0.03594530774253535,0.0008333421450996692,0.0014010910640918084,0.011723525944730695,0.08681775127866453,0.0013441313701171298,0.04314841811407888,0.09461389467932191,0.003735374092329047,0.0009653980703285825,0.0021884863790312403,0.012716192875031784,0.006986037292075364,0.0029350741728980667,1.240385714040837e-05,2.107708968468458e-06,0.004220209618031934,0.006678693356132914,0.0030075686394456236
01120.dpt,7.160407631317661,11.284846112158604,4.389879004509426,8.947757630227029,4.341559217352707,10.46264731739016,13.895033931509296,3.388493026448809,52.94930654744762,1.0667151230471843,1.885383117340039,0.471495576789452,0.29626807088545304,0.8039243747704532,2.02303831032608,0.14653096306680335,0.6425255959474445,1.5138303661241457,0.025759029867271188,0.4536417086550776,0.6689888936409676,0.007105830689558168,0.3053033729987039,2.0548665260437686,0.3247762548240005,0.001998365684243164,0.011113269350988109,0.05599435757428384,0.05083526928144333,0.0019939705780134265,0.0016645927317625597,0.006507317690741976,0.05789270463079399,0.00033235071621717793,0.05566462506447578,0.09124892682734953,0.004505691347267304,7.157787157741069e-05,0.0029153912522842385,0.010606442700352603,0.002488277735443911,0.006970451903735353,6.805381333430116e-05,0.00032863637897029285,0.0011920333640924596,0.0032299965585904644,0.0017329736935467466
01129.dpt,9.78848615991353,14.297248458041263,6.206677979689505,5.606713903789825,6.147381642965027,4.8505012343384575,10.431909730070394,11.672886377246495,34.08208088013432,3.177182694760374,21.946805060663586,4.982229604499711,26.0100281442176,8.951694203091158,58.74418887380103,6.203646306569928,1.4294968762159994,1.2623783732753628,29.860512418619034,9.848708424473191,19.62387572277017,41.07733398904424,2.090886452213325,0.333373219494853,4.929086898709947,19.844821389539447,0.2665462318973555,0.7765297694180149,19.128029333021534,0.6419146827361022,3.2086496196596235,1.8957852928082337,1.6191286250496915,0.0721312665807724,0.13145670736232584,0.5871505656339904,4.83300876226294,0.17662587085575465,1.2787373895731695,0.02354275290989838,0.04954569995238811,0.041256875621236144,0.3500087820564183,0.07515695811503731,0.05578750155418666,0.713978767847242,0.070595741294739
01130.dpt,10.508893556606282,10.6516851722049,7.657609882112743,4.704591112896792,6.105515501893036,3.7329336729402103,8.524909132029823,5.571055536482197,76.58645323383705,2.1950724107184656,15.542538424663896,11.534257387977984,21.23482119217184,11.45783655518856,51.17065738009696,29.15923211888325,9.91984611690171,16.73609407562769,3.386736481375446,2.715997599600235,20.182289305423016,18.02945566774545,4.759575317619442,0.08840278743050933,2.2907298209636497,5.16667981401636,0.14094277588411397,0.7200327983800512,7.644915287540723,0.5601445082486363,5.8889804417252964,0.3414059450559809,0.7480481879593885,0.008120869777127893,1.0900451580847976,0.5483414012748731,0.21769377079095809,0.0798149872389795,0.3501943400913664,0.016024996091628774,0.004853018868624215,0.012369419902244494,0.040771721356334334,0.0001359718031028745,0.005852641661628466,0.11631872287879053,0.00021410736813887166
01131.dpt,20.42844226826886,27.05440969698223,5.672079256194211,6.922305424413295,3.9598314877780876,9.714821046358184,2.962496390409669,144.59140907278453,171.32896958858632,4.7044018630925635,12.231597650063744,28.405730475715586,1.6468569702063864,8.512410262578273,12.494697227236587,18.030812302065442,5.3829982003425485,17.35971793869305,7.146347793932617,4.396636659844948,3.4246208865511645,1.8409198552277464,0.9350956387990339,0.10716460183289489,4.932802526791477,6.165640067770793,0.1309671511368069,0.24147258091382628,1.926015429806586,0.2684616913144018,1.7997680991506813,0.46208007367763304,0.4233403684339496,0.00030498029311032404,1.035256472960304,0.45391026672831514,0.09479782907488454,0.002347613363955059,0.06710023274606047,0.0015495965615202056,0.0023017594205615444,3.44924078276021e-05,0.010277371810415326,3.2225433085897315e-05,0.004645687234483553,0.04240620447967913,0.003395738720678221
01132.dpt,7.250416370436569,15.186436432915567,4.413280737964043,4.294695092501845,4.258891267934453,3.6517610937217064,15.941962590565812,97.06923393813126,12.269382515832557,1.1381241493374232,5.616928578721215,4.070336326601858,4.669850189554611,2.9493810315737994,1.3177606914674842,0.5204978356872361,0.7565081834976479,13.33752885524413,0.09319121108641037,0.1351867209288068,0.010849373818885732,0.7377127229840708,0.6591910288467357,0.7318717826654642,1.9198547418868248,0.8300859536244607,0.16478850440883053,0.19850748030533727,0.39845601959958765,0.02627024590146565,0.6114150590077778,0.18148759457888697,0.25598648746272334,0.03866691481819906,0.2969460328893978,0.0658856882891582,0.007266735474065866,0.03294084247800322,0.0036851652357391407,0.012365177236809632,0.00040437885221078496,2.270361337108895e-05,0.003384210597480064,0.0024982779409317146,0.0005749687698710648,0.00771648618755616,0.004363706404463374
01133.dpt,8.044427450801974,6.873861109040568,9.79566494349683,3.7831819669798836,5.038385983386696,5.750690885506708,5.828093392701094,90.13322194578994,16.09529150496054,2.7669735696558204,20.95973535545491,11.364365065475308,5.456157738341033,3.3798775616820764,2.4367986939438238,1.8772177209797007,0.8460588873475552,14.762887870109246,0.5960401797140527,0.4104086608037347,0.1748855605654065,1.3242954646476532,0.9673219431280904,0.7735543666601854,2.27345591653129,0.9148913999933743,0.3067589354440464,0.1772339457398069,0.5058816821277596,0.08554155166729027,0.8235478935461782,0.20302728330271103,0.34843575211488553,0.007672900963345164,0.35783610338002514,0.04271368172548551,0.03613260724870193,0.01789661843737378,0.006570699760109711,0.0031073345758027004,0.000696206237680741,0.00019484381496726044,0.008926187083464376,0.0005746673940159042,0.0021445446947577773,0.013769698618349757,0.006444987425371473
01134.dpt,7.204079784917964,8.076267526332474,7.780472997172625,3.2925676199837093,2.8574655625853764,3.5503041881842003,9.158346952929392,93.58995244643937,4.90153613300745,1.273264702458517,14.762805037096433,6.228588816263744,6.464760096928776,4.197511135069242,3.6048811724013277,0.5340025627031397,0.8498095576909646,13.884788523281648,0.34339051315734515,0.5617797601465528,0.016065660368381196,0.7140401702931836,0.7658835025890143,0.6163392737333748,2.1155019106712576,0.7929049552779444,0.17438741512460532,0.2144163057771954,0.31550443471026446,0.059094882095728885,0.6362450233788348,0.10919245098486263,0.21674625210950982,0.014708751836704392,0.21403656469060794,0.022136440741030716,0.01648737124426225,0.022548872410990684,0.0037539902441097173,0.002538486627879699,3.486075395020549e-06,2.6907575082502078e-06,0.006722150923749837,0.0003194230800425135,0.0016731325809339337,0.007240731894882391,0.005068725951501318
01135.dpt,6.864800781705056,11.866065534580148,6.178249347712473,3.6079640284578467,3.2134414015914614,2.9415741022065487,11.84041878560836,65.51502783627448,9.474890840340073,1.6596853403076652,15.462147824633231,2.9617978753090846,3.2812673534451102,3.3465106518755796,1.057227462091936,1.1350758463454569,0.4272756405743334,11.588311450067348,0.017070191331995166,0.08952216751744235,0.04308235727860277,0.48162529648943164,0.40757912442633404,0.6815050328244163,1.378349389029274,0.5376334881382554,0.08223054853869327,0.11350259050313982,0.5123418556477632,0.007767316136363833,0.5677267008306739,0.2078825977448424,0.2838334379014602,0.04703763657622895,0.37980490650690146,0.10131375647174534,0.004470225111597004,0.0373270232346985,0.005696275263897044,0.011465451426824314,0.0003261258128681721,0.0006741396754502693,0.0011111481371065546,0.002912304052603565,0.0007975108585115409,0.00624442251308277,0.005289745524501566
01136.dpt,7.701139852497363,11.96869335193563,6.840097804916418,3.5730777355595906,3.992127746133624,3.040364407179765,11.370725803579377,33.916865632181526,10.41387928958983,2.2936900093450645,8.198858194028304,10.68676606599035,2.507377231442544,4.921299713611345,0.2739784120462412,1.3628743036269984,0.13564351705691335,3.9941528963058905,0.13716839460581554,0.25419873556678674,0.09320052039441995,0.12441065782267258,0.016824389832728714,0.4690691283169228,0.18056914402565294,0.025277962450569902,0.006196005543222194,0.04540616522007068,0.5607620374920403,0.007655925461326207,0.34731475986015514,0.10160438708232211,0.17729268875642978,0.06364416451381305,0.22735111876300063,0.15567141917500393,0.00470973559415977,0.027573846735177154,0.0034118561972149575,0.03232903542410759,0.000238484356582358,0.0008432725415906672,0.00028752399027676123,0.0019782289003067444,4.745444404963273e-05,7.303613939513287e-05,0.007838309477848693
01444.dpt,10.404469578142843,7.1029542088853255,7.003717160562458,10.276199785951174,5.703234051286462,6.302075521309687,4.819273605514946,10.946989978532155,3.6309748511778173,5.101672396843828,12.576634629560235,2.780710328821479,14.15089359777714,2.4126549825209382,12.084344009751902,6.617583788226083,2.704801387561149,30.83845838443668,6.24377793596744,1.7959226321936974,2.455142824450202,12.849315162076726,10.258923890331717,1.518058255150669,4.286790539635302,0.8061466913231672,0.3688003294050115,1.486007628453558,5.498091834584986,0.6697151712658564,6.685116655425091,0.16521943536673633,0.9365191254062759,0.19016909591784636,0.8938278291938364,0.7924951871520003,0.057701944725636056,0.019950186055474384,0.11921469500496307,0.04031748115444067,0.007252053032117067,0.0034051713161703523,0.07515104587365529,0.08596258806047885,0.001643187255480072,0.10659139610363433,0.007690885538727543
01445.dpt,9.542592821570503,6.89892155112825,6.5940950257040285,8.734765094606344,6.338940996788896,5.28359518837367,4.2808802926615765,14.563612700502382,3.2207950923480757,10.268782447824492,4.266520606422315,3.5596039188141155,20.53937160779416,2.1208201527110715,4.9614912714914325,2.124407331959146,1.1261442548754828,56.05735438130729,2.5141085811284816,1.5144138713840487,1.3079138224152742,10.577619071358628,8.026009861696382,4.220639984323958,4.0300904114150695,1.1492705061975945,0.5882610677791162,2.34240087991604,5.783611457181027,0.12964301129179656,5.3070156931534544,0.304698275353384,1.116365904900696,0.29682683103262386,2.374599628738872,0.9009802721764064,0.12219468330713057,0.046509362237111995,0.10265429437023033,0.06937804587186736,0.0021922679072228224,0.0026757253818729954,0.07537981464722865,0.12436934978136427,0.0008480868870208713,0.050351623443611104,0.005972272683566038
01446.dpt,9.891538008398664,6.132652033639878,6.752562291732098,6.307012902892068,4.5615457657194804,4.507826740150508,5.311194669030771,27.42136603498963,6.699762916590255,5.273496909534181,2.581437948640895,3.2272802214939365,20.010578408813256,3.1067123156226013,3.3233673852493038,1.438230008411932,0.9353080046875653,32.618384898596325,1.2853808681545296,1.8016635380748762,0.7977482519390979,3.9417448935675674,2.5244750068225406,4.202643748690611,4.998602116637401,0.8664607990181183,0.39441459251172395,0.6825287785749614,4.265131143275832,0.03234401654779906,2.3047503473055824,0.3503713324000405,0.8265685133346274,0.19608099618434738,2.777454916036045,1.1450102929189616,0.11409779515111151,0.019420519232351774,0.15986415619176186,0.07277974123118625,0.010461148951695476,0.003022991271460329,0.007244610878807234,0.07455295513094096,0.0007934504115731933,0.017744228863244782,0.00489609574035621
01447.dpt,11.404150401284895,5.462323177294382,6.1069057258343005,12.202872145476604,3.7647777002867695,3.4545030158720187,14.182543722561551,71.35602180389527,3.5524230042404046,8.009794715131406,2.219049052461818,2.9764012323046236,23.964725851910934,1.7676627700629775,1.5117655443582754,3.409680038269612,1.353937449115302,27.474444974913688,0.17221352016157365,0.9272625038045375,0.7229686993267335,0.48763761260590377,0.7764483550804344,1.2865565101658074,2.4091458273964137,0.5788319308289636,0.03830196743123182,0.22016587988656222,2.818057046344825,0.009899055369113285,1.639091034454275,0.4633080519132532,0.607266005936971,0.3685359459753028,2.45452002637388,1.0742921547464783,0.1032744160379061,0.11931096737402369,0.026005732668254677,0.03050298362307613,0.00013379270003299748,0.0010126481883701022,0.01250834881641949,0.04418148454369397,0.007885965344090584,0.0007296253839317313,0.038493038042358596
01448.dpt,9.597801116012274,10.910283949973937,6.1434572935037135,15.326766898365811,4.462253904869647,3.6377088646277187,5.429205575840637,49.68245018040051,7.951280211757595,7.384721967601887,8.1773418829668,1.6423632260378098,12.80937507286799,3.2006094151889704,1.9435697101357121,1.078745575888366,0.5177110733321175,17.592845843366263,0.46416609359453265,0.3430034052666061,0.3279856853270309,0.7907025931332912,0.9405819977242342,0.9288997646333366,1.4935385617874175,0.18598062921442504,0.04576449663640614,0.24124982822219065,2.1643830029381395,0.00444854655639948,1.4994724689864816,0.15986148155022695,0.5449264923693304,0.2267130791871682,1.3513130279873913,0.7749620727749862,0.10071007801007914,0.0411516669790335,0.03666590229648625,0.0221850829221939,0.0022273401748490462,0.00048141659411460314,0.004816823606626497,0.03920463757389192,0.0031905703065223667,0.00162386513178292,0.007050392472153444
01449.dpt,8.87588722198095,6.023100068992378,8.990838053638171,9.135107483947653,3.9028513714646094,3.609312935682749,6.099140892203032,48.97834576789486,26.321398001497084,4.909082507561193,2.649305139498916,2.691686057873219,20.7463139722217,15.743382361740416,7.959449520808006,0.8743577877346975,0.5881369204961195,10.722039242320255,0.26346910283303204,1.0964409106705515,0.4494901699992293,0.170389189706168,1.0025918921684736,0.14665993562511026,0.4624653230078284,0.12670928252588065,0.13728539555420327,0.8517205052196211,0.4501727845084986,0.01560742103410373,1.5568622924273505,0.07228512464759229,0.028284038212812335,0.020405617762663586,0.03448086169435438,0.031006508199315608,0.05453475839159583,0.06478617066134496,0.006620983944208514,0.0010047424261218074,0.002759607960443944,0.003093941589680016,0.034720746833022065,0.011327096075360754,0.01938935881940984,0.0006077716694417035,4.796286274211248e-05
01450.dpt,8.062531027004512,5.3170639858711795,12.74836073086309,5.593386898099267,3.924612351989051,3.717216981622128,3.9646480817001315,6.825427603675809,4.295880941116771,13.387951242502487,0.9896956620123016,4.535858070185584,4.624133568282216,3.858077418716083,0.5056616311371362,0.21839274869394576,0.06867828841815704,0.47621485648892947,0.035925315174742845,0.005138267296310617,0.015777333546146854,0.030735995685780892,0.034186657208961524,0.002307128068773867,0.013059313996865107,0.005332225643531752,0.0011486477258813022,0.02438161385687232,0.03644241141518623,0.000553143118565691,0.029599930386765005,0.000730126314837598,0.0029985865132463596,0.0003094635821043745,0.0031332649195927598,0.0007092945713180754,0.0014164179115507824,0.0012139956517903672,0.002041935146139928,0.000782839092533294,7.229117468920965e-05,9.42858916652689e-05,0.0008583177673117115,0.0008730450754785846,0.0002108785249375078,1.1700964852479068e-05,9.452424130640402e-05
01451.dpt,8.097656763330388,6.205302114047618,9.451620408313573,9.337166601592937,3.8760660224035535,9.301207511621518,3.2594154875575505,19.065895389929633,17.96662191369071,29.04337171211363,4.506083562559113,3.268918205406721,7.98924606068986,7.143853440300314,4.615909018834447,0.8437623353193815,0.2512645335147815,2.0529038281866665,0.08150970704291804,0.5252740264860694,0.12630373629142166,0.030321528766202643,0.25480290998864497,0.02340052762225875,0.14499266523092835,0.030362518903159108,0.08600478618598828,0.2886416594983716,0.059633585176108284,0.015844682832361068,0.568780072461573,0.10275264519794569,0.00258622628898475,0.003779608081670438,0.08025014774355599,0.019957919999409213,0.057465991061294686,0.010545525102862663,0.010833989908636377,0.00017992389499243977,4.318749730347626e-05,0.00045924842517031106,0.008410733622246203,0.0015860531690085056,0.0076681876697393125,0.0009208058539093011,6.921042836183222e-05
01452.dpt,8.284312188432937,5.2113077647519646,11.145826453157456,6.840948150737207,3.842988255916798,3.3570006655185347,4.815298110355419,24.75811511485328,12.697881742872411,15.963490028760702,10.511242573515322,1.3158878846768016,12.662476056485033,8.143262515667264,5.142346231407805,0.7214263556801253,0.35247020053529665,5.619784415028224,0.15340305582910496,0.6335243134072814,0.1120196212212694,0.16541925530463386,0.6343226595104494,0.0762979693562662,0.30605624839954926,0.06758101816265616,0.1880556515759788,0.3560742356007268,0.4038630108347484,0.0231687165947152,1.3094897159841838,0.05330335390505303,0.018819528149964238,0.03735519342864957,0.011429079772501516,0.029226588062308823,0.08470919471103944,0.05441133310793367,0.008587127475574552,0.0020289464544743785,0.0005371504423494766,0.0001154360917227093,0.009080063955342776,0.0024001300196019315,0.017669268799411997,0.000540477364958214,0.002183269509682395
01453.dpt,8.229710052441114,5.508622075222936,8.816637310389977,7.873574220552989,3.43765264935805,5.441135521041604,3.5689973791712912,24.87257059676379,9.008356125800564,24.553759306998263,8.143547269190742,1.5019763587607429,9.59492417738212,6.943715657739048,3.7832602976862724,1.1244966644334498,0.23898749869902014,2.961046034456529,0.15807588659347338,0.5914518342892356,0.23390658511328022,0.04358688389274901,0.35452219078927205,0.018366892678523872,0.2745103066685508,0.043429834993010785,0.08654670031180411,0.3380598745432326,0.07388710054034087,0.01935259613889162,0.689507081949229,0.09639644999400021,0.0024463313800414666,0.0045723453147376025,0.06811913689902016,0.024149559423400246,0.0622197702111299,0.023608741051143856,0.003190071701392072,0.000716497085350265,0.0005702313624560418,0.0004483822202183685,0.004440315085755597,0.0001868858911487914,0.01245476130773926,0.0012639115286203761,0.00012558953293928532
01454.dpt,9.198455399588887,17.18689380880066,5.180549559601405,21.038018341960417,4.996038500620096,3.3735818604164067,3.1869811528636047,34.199439535738684,3.1284709613956916,50.07781023179978,29.097465210076265,7.761112201588025,9.053871730380992,6.976888085191733,2.0434621659994665,1.7381929525803184,0.46583636715891263,1.4425390398631417,0.11440231447753735,0.3114670823192702,0.1443156924132556,0.20992538128806304,0.4378530882645101,0.012787283588855836,0.21566162088266205,0.05420264477725678,0.10548302499828421,0.30215598308028624,0.05314459549187833,0.01804755935874569,0.5281622910537787,0.05579726683194852,0.0010604278973538328,0.02676151265297899,0.039601261256026254,0.03207413081616828,0.04884724202368018,0.007640831899497935,0.0010207210098573949,0.0015527972613559315,0.0034163279491035148,0.001090807761153112,0.00512844992991679,0.004225740324708016,0.006684133345886578,0.00015633987718044473,0.000507292222012512
01455.dpt,7.80696524816962,9.372092682685942,7.201897279752442,11.857744220624225,4.154225099391591,11.188384772271586,4.23209923532946,18.749187115094294,5.92633620772359,76.89410860780553,16.48097225825578,6.526365145479591,7.697743036898437,7.273885493371506,2.0725854907630383,1.4644612819357399,0.15717993805729114,0.25896652767745143,0.04634101725151285,0.20413479184790007,0.2825249321379987,0.30084277925424996,0.322979308219589,0.022753072267376107,0.03762517537566323,0.17960740632953365,0.14677161112972048,0.12162065211332806,0.09777249075291261,0.025408068592020827,0.3618790685406501,0.08545844789556423,0.0024253417040728253,0.005757709823285162,0.022807055652683927,0.01660108553658901,0.0348977859199493,3.933864483418592e-05,0.0017147736932040525,0.0008922350009132884,0.015558426357964228,0.0034778385920396504,0.009799587447238745,0.000885275045087619,0.001290484481278109,0.0004057102095850196,0.007643977534348534
01456.dpt,8.544780043937452,12.279668866722638,4.897823832634568,7.792110095518465,3.2768540259660117,2.772710207568614,10.387678184651568,17.53439764480876,1.9758303750972948,59.15310528904119,11.048733723052582,14.757884629917276,7.330671720230056,7.475138520997909,0.5416875913565606,0.6527236157483978,0.2033133901066857,0.3636308830361521,0.0435796803618933,0.014056478976138154,0.2899841195190407,0.3561654359583306,0.17787944298924807,0.011355504839339337,0.04188411721584928,0.11999093037660491,0.013459937252400356,0.017421634416783904,0.10501821981316417,0.019496665355739795,0.07405589066592833,0.0006130076299650788,0.015445655222840471,0.0012811345377220507,0.00021015439862381857,0.030032925391559884,0.010951964548996052,0.0002096870643532034,0.00021072831032376005,0.003987614225871683,0.0037657659452160486,0.0029718616826794886,0.00016075198943665825,0.0009407072306386599,0.0009611140878055258,0.0017961406690458759,0.012782816567894373
01457.dpt,10.229231868553867,9.37283350916546,5.775776658697315,7.241646149655534,4.7976470220194685,4.261921297841726,3.2765757226137153,13.721607973024936,6.238102750990567,53.43533868472044,5.524795412057492,9.811664779111208,8.045851086981209,9.786789922527149,1.2054388491009496,0.3456230674514271,0.21900064173947442,0.2906510209319143,0.05613056903317715,0.03830639036773298,0.18430816371166026,0.2841158763410456,0.16734791732983856,0.02647390374547598,0.05326797981094611,0.12061623241272501,0.030207331811961446,0.023822920923948554,0.1258448355569155,0.01865152430133854,0.14660548763230186,0.01015049137997115,0.0077341480839902,0.0019601190239528776,0.004485792019126689,0.0251216461657795,0.021933116970178634,0.000977350560695256,0.0006451108377020232,0.0034865622887592096,0.005296134211051573,0.004477407628080132,0.0018015390030308165,0.0007390057972120889,0.001849333032583167,0.0023841063403765572,0.01159219559952529
01458.dpt,8.569405120766389,18.044704957277503,4.79003947999881,11.391100227366035,4.470499336311689,2.5271930856266325,7.444539300222483,16.670029809152233,3.321961044656234,70.76811711802318,21.660867691123403,17.913254397911157,9.39904055811876,13.45893402259426,0.9777534066989275,1.2078992143634877,0.13884132089527812,0.2847641308312052,0.04152843512155413,0.10848015058233429,0.3967526398315585,0.59667728821856,0.4133315437625559,0.051747616081510794,0.03198156731950641,0.2904358061726201,0.11965692935174554,0.025798280534501616,0.22791092080202846,0.05787783851826844,0.3635707818823719,0.025005095074592254,0.0081078099936146,0.0054217494838655345,0.003414450465545671,0.027321755444931206,0.06487592655785346,0.0013805814192835442,0.0006186723808832006,0.00011254728904230848,0.01320727108652442,0.019866297301101454,0.008045434572093835,9.933126552974514e-05,0.0023902476613496537,0.008458736918456,0.012955261144753316
01459.dpt,8.751551990658077,9.93215623648605,12.762047464004862,7.338524090229331,4.727185031887257,14.547487287914867,2.7198121258039825,14.116160830612209,3.8390503979664157,53.71554362687726,2.389569284825366,11.040238112643632,8.20903454056588,9.334131636935597,0.8346235179356154,0.23975574032781088,0.31430707929225843,0.1305225019886106,0.0657906048657163,0.004679355127973461,0.20601175723343268,0.2346668512139315,0.08588941933151728,0.0064823337923113344,0.024981808287994345,0.10899608515412429,0.007378510126874183,0.013803704378628656,0.09773384093104831,0.010008101500720623,0.06828962343053357,0.0012309794328810852,0.005428260663119522,8.650998649650798e-05,0.0011011311213708908,0.02272240821442595,0.014130931608428932,5.226933070823225e-05,0.0038308005988594296,4.326513296182277e-05,0.008242422111411907,0.009342616193016684,6.358067856038208e-05,2.3514592601969753e-05,4.831612211442238e-05,0.004480781848247073,0.010131782845872128
01460.dpt,9.353695598603252,21.763025783934367,5.272995995601221,15.503029499441123,3.287596244855123,6.124358133037655,5.345538807440292,16.721762292044296,0.9160462892063104,87.36872948075111,25.72357997792359,12.847368173279076,6.477514020734539,6.426267683736108,0.13801518357921383,0.7120261288397338,0.0312641447186226,0.11459692791313025,0.011197321904796609,0.00375304387456199,0.6169044444888225,0.5975906953501038,0.19359370357214478,0.0022079032193123016,0.06829633140176916,0.21310206516947572,0.017846145689308535,0.0034696165967031956,0.0960286504157335,0.01940508137227359,0.06956802857757871,0.002214014465867553,0.011743275941775266,5.24775694366042e-05,0.009778259302170356,0.023643597204017874,0.010351718955678102,0.00020482223259254972,5.370569553109217e-05,0.001098578764517466,0.006961279489857364,0.007648654811023836,0.0001345242128931723,0.0007143668534426162,0.00014892224176976665,0.0020206974949179557,0.00976378297560665
01387.dpt,10.272475421174533,11.265275456063009,8.106560624355993,9.194536680569698,7.0752496336139545,7.504853443436952,10.106920765723627,12.483290572904728,36.816907335856925,10.85758674241612,4.1302593745402945,7.108190187294587,6.455372470274545,2.9846198109817683,6.394247251926091,4.266043465585716,6.413632136801816,2.454114439455671,3.0441863625907457,1.6280095275084983,1.7575300140218757,3.0491180342707525,1.3377903068117027,4.9810726808427805,2.5821461846899862,1.0435931377426986,1.199097108293983,0.6226089186338142,0.9033887750144813,0.12812298863288007,1.0664017864857076,0.22851999308160376,1.0197470086598615,0.03985156485445551,0.18634306290937475,0.43294145658179917,0.04560299073191043,0.05577915274752043,0.3194449980146701,0.022788122480739026,0.04680946930854679,0.11941718806429447,0.31206973474125066,0.052701745644196385,0.05602238512047086,0.11196632054647204,0.021117486034049393
01388.dpt,14.546011951149007,12.275304927979032,6.839858128823408,12.996599150303036,5.257497577171355,11.346046290110394,4.845840477905115,29.74867699104661,66.29966602204107,26.400549277323183,4.177999096682519,15.215689208228783,10.325415288388749,2.727211414185364,6.655102860143154,2.3905721565,1.3699430936849373,2.2823021100568397,3.5716277796608873,2.40149405452087,11.37347986096903,2.6108332184414347,0.9193373110271934,2.937983736921884,2.9234437120296484,2.8066403166742786,2.576777301716734,0.6910034722950682,1.8800454867820964,0.1721572339339812,1.867270548266084,0.7782231068850818,1.3077926465504344,0.06910225910397849,0.22470467883924228,0.3797174997355526,0.03488334719943509,0.026791846547466358,0.06458338344205017,0.014348424631020817,0.053539209810408384,0.01845493041523416,0.09812668408311609,0.07815953468727199,0.0267488529205141,0.15242745341342867,0.026515394565182815
01389.dpt,12.513997466571656,6.883669310759237,11.965550998716896,7.390608308814301,4.592854260145857,8.992968400431158,4.243922721475532,32.33860567170979,11.151136150400776,18.34464864406544,2.663421143145534,17.55547648322083,4.681372773922302,1.7391528548606976,7.106070714834638,1.6968480863978024,1.0615016096507888,19.91397968598947,4.42964295639315,0.5607300560785864,1.2382842841201591,7.475539926986154,4.159983107127807,3.0197652955800676,3.1610451499719625,2.997103504896616,0.48573844268817457,0.659884857990741,0.5215796316859591,0.6263144597928612,0.35757206451879664,0.04471547029712053,0.7941360007374656,0.10751571237098567,0.07608483025034674,0.3405000396723613,0.09421513318626396,0.03729731139329928,0.08405401730541107,0.08204760569153713,0.035544305504915275,0.04078720880620379,0.06431116613024634,0.07386931206561753,0.06991399992756098,0.09831358153306025,0.013982605849505503
01390.dpt,8.591676546373678,7.475020499625264,7.124946590045975,5.726648609943843,4.4273356658885055,6.518934192620293,10.433791908042643,22.258047788745163,3.787608075525796,23.002365055820015,2.9628762176571453,15.85615320595726,4.233465465358721,11.831016556413731,11.330192695465955,5.74993470427048,0.9769568714514913,12.591611026606564,2.124896286957031,0.4196315154216468,0.9844831437110981,2.255862783836327,1.1923619169927142,1.9194732196091007,2.622519523485231,0.3598132808322374,0.22612752043368023,0.8802342340663547,0.15875724827051707,0.36328890732334906,0.38807727943018666,0.06430400616370358,0.10153953140161043,0.01838546925300122,0.11177557933555737,0.3516691703982677,0.017063438385901075,0.029501605268176467,0.11437037936792915,0.021382645904395092,0.02745856483184894,0.005705074501252905,0.0019738949554126695,0.033939236219577174,0.0001793147806267159,0.0006733195718875429,0.005623497031020053
01391.dpt,10.432601935195496,11.33979393565711,7.3905869224075635,9.412629594467901,5.673091688258932,7.11824757606308,13.531335673905279,15.533519532956884,51.760169530157675,17.231476226976525,3.667889846342926,5.851601112605786,12.617379113235204,9.204287760309082,10.236728521368963,1.0942499768140448,2.7587447872088067,3.8442913313454703,2.7006460426316106,7.276988685402998,2.2498363006580275,1.5444915682092049,3.9391803620365664,1.7762669717938198,1.4102858723829266,6.31731083305365,3.600859676282849,0.45620928118694226,0.3492126402922022,0.10781201652424821,0.37462550694735874,1.01734111256076,0.2554781491713136,0.034856303224632845,0.07694751667690847,0.11629075614425455,0.02628683339787452,0.04288980252537944,0.140990653494653,0.014113110677532292,0.050507052459987434,0.013001711565975405,0.14587428072755537,0.1515194209709081,0.0075545429556398425,0.06969315882285632,0.05710970537237592
01392.dpt,10.518857888749816,13.03536008087211,7.239740709718454,10.000560685161027,6.467420255997592,8.83720287548608,9.473023197461234,23.357318117834417,32.68897442254171,16.626011116684605,5.152654189871765,8.629399992317175,6.548889692138535,3.015683287551306,4.875646447295404,5.833444255816022,5.078535168717477,2.9816586818721964,2.391471581569414,1.4666872364739167,1.666761911541224,1.131296199527846,1.3386907707607483,2.9068331569753334,5.622904431802242,0.725835752877926,0.5439414641335647,0.2518447741096975,0.25135809677160736,0.06910007229305037,1.2099518809295697,0.23834607436552924,0.3538880732017853,0.044158034899017484,0.0673344115192932,0.2627072787588828,0.02455401816174152,0.05841245245662863,0.0837097748263167,0.009613031243048353,0.01593627448255963,0.005214078045035153,0.14994446370707082,0.07154006120138179,0.028471672178889795,0.13898280636818472,0.02098580330519595
01393.dpt,10.335432017893892,14.043260607982738,6.767136861747209,11.386882356851995,5.428772071825693,13.253712854250848,12.939203458226915,29.966210678918653,75.20927756330258,32.98904788230536,4.449453730509003,7.839719017056284,3.32892984252669,4.978540449914942,6.426083397480614,3.965543948781635,1.86642924926843,2.017420553245385,3.6581133128317216,5.266884894398935,2.7621755343286676,1.545455641312663,3.190870499632286,2.8678125562786274,11.653134103556429,0.8967250194840515,3.4100044942958347,0.32460540654003034,0.24614163711666015,0.05128838968483829,1.3418400270824655,0.7968137797433898,1.101301734600865,0.1360951369127542,0.19816356664305634,0.09803807819611765,0.015266011923536937,0.01363714895110757,0.1580202228664903,0.05881525223200379,0.034589481758305674,0.027387904075325986,0.1450884335823901,0.26977649079131516,0.0689210145280823,0.17762401135328587,0.10370894611525039
01394.dpt,8.725043995889381,8.240478903075678,5.166998131663968,5.195475714942525,2.379393524989001,5.144047128259697,7.4142919784598655,4.549661947396972,13.960923098385503,22.459345312211234,0.8690049971388647,2.330899327356878,1.1888199923236387,0.7274362274921766,0.13929738033239347,0.026238125906069665,0.08797909204900412,0.0074899582271038545,0.04712515607718559,0.002155999520677243,0.005332021440618728,0.06397128215130721,0.0006490281074912341,0.06499701087285226,0.0002876847405769434,0.000507461946528287,0.0004527298447210004,0.0004329494249732946,0.0015535714810857026,0.002741819689938141,0.004842587130773013,0.00039848168719591737,0.0016455815816597275,0.0002588430928361918,0.0008653771332213234,0.00010286490774968904,0.00017493909529286977,0.0003325254972680325,7.022988670390973e-06,0.00028177143170116103,3.457932655193119e-05,1.4544840531982572e-06,9.992750068543721e-05,1.0277119574242377e-06,1.6275977898771998e-07,8.71208232057219e-05,9.814455325773963e-06
01395.dpt,10.388320310979914,9.268754689990534,15.12786074238636,7.791358799069524,5.68839816750572,5.902547099801793,5.880668165572697,18.16397406113742,17.63654766146867,13.363971228482164,6.530113481492139,10.819124159871535,2.7091663316156573,3.346896014862837,2.619144731095581,5.176373235941103,4.1525777768988785,7.723550112858442,5.6291871167173975,2.206781565125255,4.802862801828783,2.390263464982865,3.146659843872714,1.7724995177245355,2.734065277697849,2.764198661048769,1.8582772587038523,1.3710058440683128,2.3728819160600834,0.19502424388335393,1.9520611735122317,0.7094345924629877,2.0168852261329278,0.04398759615503267,0.17979384093643447,0.13499109769556505,0.09982048851179504,0.056835566259046844,0.04007514476390672,0.011431102087169354,0.01014515977251318,0.008620298254922387,0.17752882161532912,0.036433631079049844,0.10258707852400051,0.15143715015500847,0.03260099626721835
01396.dpt,9.443699569805332,5.774127772079996,11.013838764538292,5.042462180609306,4.637368482292956,5.168169278531684,4.4385108301942235,7.237067440082135,11.126056399587764,6.137690319275267,3.0923038684632282,6.505583400634274,1.9554944995308219,1.9639786377565298,2.626844036399134,0.4963876103306518,0.17771732415258878,0.8186939452376369,0.2930609993621056,0.027554535609672026,0.2108787046368985,0.1783232662512798,0.052834113631005986,0.017073962351954908,0.10821826055541917,0.05787193652208722,0.0016512822317175102,0.0073819523233285,0.0183954487044109,0.010140567226132546,0.010992843679296316,0.0007646493705326662,0.01954080823897464,0.001602274219298483,0.0038072307789817073,0.0022914171353309865,0.0016171570897337562,9.038929447635624e-05,0.00023585940128134641,2.4197408112880403e-05,0.00040070334651998163,2.030265528452091e-05,0.00037634953138565574,1.6645225398459473e-05,0.0005182633031834971,0.0016416097860219026,0.00014675179748624423
01397.dpt,12.367484112487476,11.810258483330756,7.464214200628107,14.54979798026947,6.205601280216344,5.269862530287819,5.303309627860606,14.703317466276804,36.54362857474915,13.762107149567774,3.314923689860861,8.49122447407295,10.671391008430948,2.8905316794629377,9.121218013042185,2.2641759479100134,2.5413696989354335,2.1235644619453886,11.251319336103963,2.117177619625706,3.895824537109437,4.233213883480962,1.2836139575276653,1.6898715376263875,4.158154126014156,1.282993795700773,0.9923261087630673,0.6987167115657775,3.014258445152975,0.17456532856335305,1.6519530894244676,0.2878417835877214,1.2149460157957046,0.04242635009796558,0.7814525661052363,0.4084245379652707,0.014375296055574416,0.02715946674201486,0.036269824043219434,0.03474118294721251,0.05748045798389323,0.016905017001513922,0.012570732150376296,0.01666350061315436,0.01201186988383518,0.05734702758370436,0.0022679122259057216
01398.dpt,12.110754195117497,9.751739000630355,7.181750416293549,13.570246883719268,7.886416016277996,5.232173452130236,4.889741902949588,6.338869362289005,43.47406037178701,36.49095251069991,3.3532696142021776,11.829816611538908,3.205696004527926,1.7976825215403385,8.625419642935594,1.5838614005443894,4.337953623949453,17.065955491761507,1.722837951711469,1.173279553709655,9.187558627346887,2.4198729283963205,5.610352431661779,1.2890953525914002,1.434833826104217,0.8412401414344748,4.068772979426365,0.7943713507223491,3.771328325500507,0.46806939690089866,7.989187691620376,1.612384787661254,1.2278185000108253,0.03680937594619893,0.1824354076311423,0.5972259882310458,0.058519587840198284,0.0212933480652977,0.09331034387337334,0.011929387541378844,0.06051428297869388,0.0368097589322971,0.20112768106536827,0.026337425895186173,0.0035678745996594596,0.17200881653702393,0.013337144299600423
01399.dpt,9.452116623702562,8.062453224278821,6.318379374332544,8.757049477637787,5.715058193462462,4.0923165326510595,7.716575062973826,14.406157178726454,24.075682593313363,14.625496252167554,2.6941768708493323,1.2097371339387717,0.4473332870426854,0.6787440971358014,0.8371298754066696,0.1670328429594865,0.08861546392693775,0.2013619416683714,0.08758857995548441,0.04226314322917424,0.09374145360731512,0.17596378314635275,0.011103660151811634,0.1892138512564292,0.0037892672120128923,0.0007470077357824012,0.005840158864955702,0.0022052131621648208,0.01801154541562311,0.006793378201591871,0.02244682369602602,0.0011721311645364052,0.01202278527624312,0.00039085117963311156,0.0006120068598121087,0.0001222723129649106,0.0007784017962993994,0.000654847591526897,3.9096217555933954e-05,0.0002716403560707459,8.466821914310252e-05,0.000326345392292815,0.0005364884127218028,1.0485319779318658e-05,7.543774240215129e-05,0.0011488723562590453,0.0002763033757083866
01400.dpt,26.799518304202593,26.111994163316385,14.08951554131308,0.071612009485018,0.02277793704224962,0.0790342262882866,0.005222321124001006,4.53676219586141e-05,0.0008760236938329946,7.873816521009047e-06,7.65331682163195e-05,4.1454025742071465e-06,2.5532263520089415e-06,2.669488620488103e-06,8.083497960997832e-07,4.083386489384111e-06,1.923851489116224e-06,5.25355181246745e-07,2.848193382032349e-06,8.054909073074157e-09,3.048032354291408e-07,5.74251179163987e-07,1.5689960441989115e-08,4.3739003574572166e-07,1.1129159294132052e-07,2.4000593934481174e-07,6.922911133244725e-09,2.220131301022832e-09,1.3551838651260084e-08,3.292713601776853e-08,4.7361567223624945e-08,7.0129719809131075e-09,1.265122362426041e-08,5.196533314766327e-09,2.3420943073837464e-08,7.758517162059775e-10,1.8421463243711855e-09,1.903084911880626e-09,7.725708961459077e-12,8.008001151083022e-09,5.723226337295273e-10,4.5815573557206335e-11,3.824067729141234e-10,1.5415668741525224e-10,5.590639062802438e-12,2.2471791094602622e-10,1.6480705689048136e-11
01401.dpt,17.890026231897416,36.38229524866275,12.374886080282266,42.538352054232334,8.518708131578988,20.49634030840291,4.8743395817680915,5.071562647989063,273.9757466529491,113.12632835103649,66.32814139984004,19.530711780442235,47.86784130381033,3.8163908781968265,35.98521292446432,13.365337696763504,3.1593696636118307,1.8522137458642107,0.9542170734699957,2.225461939140618,38.12195817624485,0.9939546004891349,0.9242008940552435,11.231077637932,1.7105864389921654,1.4348385069122587,8.63560879118114,0.7766170973863531,8.340639103592675,0.643311788101661,4.776022214195974,2.3065726998000713,4.443845367218925,0.0663338542686196,0.3372610841547501,1.4643361758400826,0.007024222893980081,0.3179192763900923,0.24816067932489339,0.0027750162260127276,0.1540405800185023,0.007261577524542928,0.2345007546864183,0.15933107828732718,0.010943412455656887,0.41347981873463346,0.0043494402760108075
01402.dpt,12.186358536396426,22.810184046173624,8.31120023964625,24.723325656365876,10.13474682536538,6.501089753373244,8.288904509017335,13.362312283747428,85.81497757766004,38.324427194937165,32.1910755368451,7.836066474172535,9.54347418988031,4.623784530800833,28.02727745399039,2.357819646595235,3.2622261929180025,1.3090540121765204,1.3639720853695336,1.7952121542890893,19.836651298148944,2.142241329268915,1.454516973388079,2.135450773924867,1.2306285252920255,1.339486463133073,3.018911150538611,0.7667906812443142,4.581401723715703,0.5901837746275422,5.58238237760415,2.396500454360707,1.4798816968117272,0.05718314985209072,0.3030070711167482,1.7101514287352142,0.02891178022463492,0.01867912985221265,0.39463190031452433,0.005341630526477847,0.16534099008719194,0.025957418645558783,0.11044044415755572,0.028810594403442025,0.002339721048187249,0.11638004297689464,0.07326768234651104
01403.dpt,10.017135659934802,8.844507496651891,7.32772486933093,8.24904087065405,7.278132243429254,5.00211485233345,5.18084393118321,15.61645996730838,15.573396210193579,9.997001599204504,3.9412605180651124,2.483701313001829,2.891416796848765,3.076426464537163,5.317185769968768,4.338301245757034,12.835474600876069,8.172948897217271,1.5283781066632809,1.3588317087250672,9.621287307803298,6.815415867710823,3.2568128212174448,0.11202657003607741,2.7887191019369295,1.129472652904651,1.8100632897617182,2.659871601970457,2.6516590437378054,0.688795828314041,5.786321776703801,1.4319887681999317,0.6749887703086381,0.058533979591232965,0.5389669209769088,0.3108439189685226,0.04558730400598343,0.030799190987244263,0.35314942436367525,0.017755811090278684,0.01708458334674212,0.02155606067872018,0.3979268564078039,0.05616661352188901,0.03953664818670011,0.1211668289703679,0.05960010501434021
01404.dpt,9.831362404522343,9.955422564767623,7.443190096424358,9.278781190777874,5.601064918745502,5.0178289941605705,5.208214102128923,23.51023848829821,13.159650138417886,18.54696357011246,3.3222419466628152,2.372119336705353,2.879475732106734,3.199799634655973,2.6566205372125182,4.420895636734651,5.074522446133523,6.776925290832955,3.1368036250511038,1.3519617253171954,4.257428823881046,4.576816967635651,2.3329672808026913,1.084678630691759,1.5066588813339088,0.5384079510874944,0.30243221893950434,0.8497687352261689,0.7406019707532403,0.3472319047479976,1.4734631084658458,0.6751932090428272,0.42931948649669316,0.05564195137839112,0.18253952145298769,0.10534770509320657,0.01991660013372165,0.023011470274555745,0.06973341501028718,0.004827346978173108,0.01423680877104283,0.00442700850864397,0.11235129107923958,0.022509358861743434,0.04077260822836859,0.0815842074518962,0.018534476013600698
01405.dpt,9.536636670292244,13.308925253022215,7.130809402238235,11.605523906758236,5.012505801605144,4.943469349768892,6.367457290800781,37.20912482650142,25.89643357442374,23.934620549004894,2.6577514224225935,3.017579243916677,1.4319968720736664,1.9693812106399378,3.507256470098225,3.204241035072698,2.490557268359402,7.911307325002902,2.4558973816892467,2.5145470537310306,3.5986726940827207,4.916174420164744,2.1484907304775573,1.0097052541319405,1.095807909589369,0.43807720252316895,0.3284951207243765,0.6333401485564938,1.1173759856584105,0.5081583512322814,1.6652708147624793,0.6584264913481266,0.768308895508349,0.0973684917696529,0.15865545525052138,0.040471543493590056,0.03795402561805861,0.04221436973894288,0.1001674601641207,0.006330737531936026,0.02106669009511941,0.006036228060298354,0.13941493672350525,0.02495835336336838,0.038726568677172946,0.08955333558328737,0.03812600650377951
01406.dpt,9.562057536150014,8.906912855816332,9.120466293794244,8.799530616597384,6.197816915849985,5.105950026900044,5.138994122321744,24.66375173149159,8.13582634872558,14.297952224636877,2.7228577563632688,2.3393012115317355,3.018544101748908,2.5740273489288827,2.3922225224944555,6.677390470546337,4.967494766731707,13.522518564440986,1.8896198388307726,0.8754824369262255,3.072620716542084,8.635689373337984,5.081626459530525,1.66743179639142,3.452388651683798,1.290185668014823,2.4967090912919483,1.6470823017201202,3.465807505575051,0.502091515934576,7.158138094136741,1.2490803018654812,1.7160133700458093,0.05622843523294074,0.3184154039657099,0.4953190317853906,0.03237980729864365,0.03099587052211994,0.266935776299272,0.006361391229226854,0.032054548173506725,0.009576626521966558,0.2721963875379835,0.07267168182320849,0.08125450375588761,0.2667020244582762,0.04090853542738371
01407.dpt,9.972033342445489,6.908812580912437,7.63486964237598,6.924857828578448,7.081650195441126,5.623838008832024,5.506657374511974,12.350682275354208,24.69358139968597,7.2823113997981235,2.869104532158323,3.56558218268259,2.8728122521109034,4.470396597718889,9.249287580014787,2.133680792711968,4.020549557145083,6.088802700051031,10.820260500892497,2.7306703274568846,2.5413458841445067,12.021212058564641,4.689554997887955,1.1815587756662758,3.4567485200523578,0.5138269446492667,0.5017766904724161,0.7147939883316696,4.384185896792639,0.016145839114153904,3.2426410334127227,0.3366182066065653,1.0340456858089095,0.04999632700933376,0.6643766139371734,0.5910521507224815,0.13550811158366094,0.009103814629319973,0.023441859931446096,0.002768733499235898,0.010690642562895092,0.06900430774955113,0.019903768479908823,0.018483734184519318,0.028750637053627903,0.11360690094039938,0.005269418207529575
01408.dpt,9.606997473985109,9.333053294785696,11.584135225102948,8.421962335945716,6.502469121999841,4.851298742096962,8.586617568875358,13.98538530919729,15.362027790588073,18.064211474095867,3.0129671238709315,11.516947725210585,2.376267086183802,2.4785179774941724,3.5923232028818086,2.60774763093457,1.872743467568856,17.783499458935644,1.3675568448680204,1.0306123855283695,1.5765055980493794,4.734445332502727,3.087926552631486,2.37209026251343,1.8606974042933704,0.4232650127179054,0.20092358572775726,0.9864195690985855,1.9943486386605196,0.27113368074601896,2.4916025917999103,0.4000169940963345,0.9112862240222965,0.015538240076787058,0.22076514567033667,0.15748183892182377,0.011778891115372447,0.004194378577920488,0.18217466549778627,0.007608612085986843,0.010298945754080635,0.002004368908578802,0.11935963672580296,0.13173419860801638,0.012375758089851474,0.0798217033607761,0.0012985385808391703
01409.dpt,10.064894270659991,15.908636320861888,7.096773139911079,15.139668852546098,7.52274874356689,5.502810719451105,8.75397648692195,12.153462198675754,34.05485315695767,37.31312297084132,8.953150803886963,10.358164271488077,2.0967820952647225,8.1949591743987,2.5772154299769117,2.484611271034791,1.7532955991123735,20.01567120278194,1.6657033919383188,0.9045402804867237,1.7330681522126792,5.0422182048614745,4.055463954087258,1.4671790391871609,1.686578951548317,0.28018566311312354,0.6001940960309349,1.0848129596362281,2.90118882577822,0.24852866277658325,5.285124560777158,0.6247840571807834,0.8433525219567011,0.03599916454555718,0.2455932862943847,0.2652195122095422,0.07873692256969034,0.007237308507526352,0.2504674640965592,0.006007022111994109,0.014614080156178044,0.017048434267906143,0.16620874946973108,0.1687855045281227,0.0016493150352194785,0.06355040587555372,0.0017423634484667883
01410.dpt,9.404532319280003,11.872882777017256,6.99037026384887,9.930358608759828,6.809806730503208,4.469331234117446,5.592800025049113,11.540629101170467,10.310048140990313,17.587265112516636,3.1818654358781866,3.0117965481305413,4.049064228771368,11.775528603597541,8.001205579586458,6.6666738043497595,2.4336581091880682,24.824095293316198,1.9382663483016698,0.7115339658913988,1.0961081146522191,6.558052904789014,3.328746488623499,4.600539781904854,4.8328359859471,0.44130323425224427,0.37359001292546457,1.5729187913988727,1.0256754249983213,0.454999063628895,2.2623785097897064,0.12700581413552536,0.4873284047060664,0.024085540285811335,0.06896976534083754,0.22804942034717124,0.05230334334941733,0.0382683021898752,0.2360534070967666,0.0770181417528204,0.03251708119210284,0.008724538226327794,0.0530376308927869,0.18372835106134122,0.0003446746929095523,0.021780458729518726,0.011799871297832998
01411.dpt,9.274456552631332,22.59199326389915,6.418416481125916,19.550568907640027,6.139890057152221,7.236992546787729,11.799054986777962,7.769959314139905,48.79504065735185,70.54102755119983,14.395068995673688,12.509006420404177,3.658134377788505,16.039974231820022,2.2849548574709226,1.4524965238206407,1.5937602800320336,16.911984072728067,1.1670713963731776,0.8870474054666027,2.266339837717002,4.435588553413394,3.1728039291870154,1.517673287284024,2.349741850908771,0.12478074564785047,0.7683389368159472,1.0583780578771658,3.3939688866498576,0.19830876409312748,5.6004721888772755,0.8158762035354481,1.027543812069936,0.05531923709997266,0.19445596189023073,0.49049877589028457,0.16531008984883933,0.012848883452856952,0.3239210221686363,0.01979980878893639,0.02848456195889537,0.005653991534617653,0.1316152864639043,0.16681195163021123,0.00042252953923915815,0.09202730757112243,0.00022875055674964617
01412.dpt,9.431271481737447,21.518499494500045,6.073499623497702,19.950472928126395,5.873516765850463,6.716094699820071,10.358046281309436,18.33223462029229,41.381047257772316,63.48268645081463,7.214972142870881,7.481917488109621,1.4606317363223715,7.803036607158825,1.71686032692697,1.7437341752760949,1.6179704787878904,12.097090477343997,0.9544330199816,0.9705628672605044,1.166142483799274,3.662290139308233,1.7519593739098176,1.5355951546500552,2.049044388729929,0.11026324227058137,0.20149533706288003,0.7533494433761874,1.7834930627001788,0.13782278773672985,2.777548322514365,0.2517589625417116,0.7188356551305533,0.05013212972154413,0.19594397257842133,0.2747116291583387,0.06914001786010437,0.020860468726566994,0.20909322840405176,0.007288095511589376,0.014882839993398456,0.0005536950753596281,0.0721486230892604,0.14206181729884582,0.001717064933734358,0.05884625948885025,0.0004844614325475449
01413.dpt,10.06395779455735,21.835870735185747,7.131042396011286,23.311897547056965,9.655121651532923,4.79279245619243,11.450139461170252,6.656624558150746,79.66750423957629,53.69387026676068,15.37907183972468,5.631194103950517,5.512158733419558,14.99502115427116,3.3155533662765144,2.180174791316941,0.6924421603281206,24.464661103496077,0.7105978514595659,0.5478737296772787,3.4515278429280705,7.932258696390621,5.574628533201823,3.3307696523175196,3.3598420098993893,0.4782675067086245,0.4467852425444001,2.3119868434449624,7.983016400873645,0.29333854187005437,9.444656009268709,0.8216559478433525,1.993882331646224,0.209053268654261,1.1063290071495717,1.4634338279342756,0.23374488588354025,0.0061902297746411206,0.8960939318519245,0.00955806531837422,0.0024748586793675864,0.005132480637501491,0.2935616831095068,0.44367582928976657,0.0007113169031252031,0.22096032350558714,0.003952712649835433
01414.dpt,8.818472642864041,9.794922071924438,5.9147616513310375,10.986580245959132,6.456770215673738,4.234192415830151,6.482172475502535,11.515748409273595,20.789450969366353,26.61870184775115,2.306572195776091,6.4680009973757855,2.373011507178128,5.966451565626626,6.09593423947691,2.1878108700461176,0.6572679186354342,20.9769744600179,0.9838620271112855,1.4035402178556562,0.8924262048842557,10.210663008977138,4.670489892739595,3.5234384068021534,2.6812178414988415,0.20514047833469096,0.12869927551465743,0.13798700372691197,4.072584341229238,0.45481827875104486,2.6360453546569644,0.020535853468148346,1.2587173011320716,0.03747123555239895,0.887419219213474,0.14637392800299942,0.10327136031759276,0.009185548199304727,0.1733501245793816,0.12158154814073308,0.02858388601303763,0.0076955016273339005,0.02469747243269871,0.12863172422317226,0.001886284390516746,0.000646470732454163,0.0005543672033545555
01415.dpt,9.088885733780417,9.270876421044324,8.244258300536162,9.147768946546048,5.490821457765466,3.8727802176127817,3.9214300396646875,16.893950033320554,3.5184740192651995,19.45732513808876,3.653678218179647,4.699936950068514,2.677543185178118,5.079654462645676,18.856486769661494,6.2587583733790435,1.4776304261574702,31.233274277873505,3.908884882064453,1.885501571088441,0.7666099901234122,8.573078971817498,3.21115678509954,9.355690830079357,5.541342569013465,0.7095579333482598,1.2677054192789918,1.0759820233255954,0.7666488005308967,0.45999577433789796,1.0807051093810183,0.01899788038739092,0.7181907330126611,0.060284667688298876,0.1721499699756962,0.19879691709277925,0.032903872186550664,0.05230301433177076,0.16108670499282063,0.22599387035277418,0.08313871368434012,0.009412876079616384,0.021826987935243514,0.1976455650157175,0.0006164247714923743,0.004730661363340105,0.007811803639318771
01416.dpt,9.321587675822112,12.987080934244009,7.35266015098017,13.93456656330427,5.779389709760209,4.524718721518689,5.763977430170616,22.57618551527144,15.316843195861631,29.9354376216312,4.2074768672331055,9.332829869608707,4.184008877055974,6.934754866949939,5.925598503204169,6.3935106931909775,1.3303679482420139,34.19279841453487,1.4990030989337484,2.651103980348666,0.43747499911834276,9.635429497703107,4.743946038039638,6.859362373773302,7.555135349815696,0.7130373934644294,0.40681982584627285,1.5494189526544697,3.058539950572369,0.44376219619612345,3.5308705542660332,0.08910361391467148,1.7991584679699892,0.06474214175092663,0.9762129837144264,0.25344066175521385,0.1202214899611993,0.01048611461030069,0.40574044400331843,0.16997712804253506,0.11822801267573058,0.007183597787801865,0.05789248386186652,0.4167847442586904,0.0022690767030116854,0.023704373410564084,0.0005416236617715731
01417.dpt,9.073342623992684,9.884983016589972,6.1222929738899605,12.629712973113353,7.880350960201518,4.721655508053954,7.652897507421047,21.85124005394388,11.239303886040487,21.40812565662708,2.1298054118648153,6.001972148233503,3.3886873295059163,7.233884067848356,5.11073233829279,1.4829838643024227,1.3508657064750964,26.03565580045866,0.6479423001366833,1.4808244474576453,0.7077284088799747,10.07069012798838,4.196686076474146,5.102221758672899,4.497141161135238,0.25116148319836396,0.27172971237891796,0.31755677808622784,6.0125062618467275,0.27537267054911074,3.900358528693747,0.0370090228291553,1.725869623300209,0.1532376969891307,2.165338594630265,0.7223432107889889,0.20710197865004776,0.01877358979068755,0.3508172874678507,0.16417813723972408,0.04815616567073666,0.0025796911752730134,0.018668980802038382,0.20204192645001795,0.001827639004716053,0.0014018083173286122,0.00031761089533954845
01418.dpt,9.107698437903599,7.335369255840992,6.838719326541716,7.379531165543802,5.5434020926574235,3.574685500521544,5.027958235358874,21.847740735682674,2.663274145758603,15.853320682621188,2.058668833810397,4.297972688897569,4.924079484779645,13.884213961369557,11.60622196021806,7.7307284607400515,0.6656073211071147,22.34734836742857,3.5985171404353444,0.9173011010783967,0.411567708494909,5.960467268708497,2.822194988630009,3.984498994168864,5.916351763706598,0.32678946594391045,0.6839338405670077,0.7820481249310258,0.8411016980608477,0.6405859406009169,0.6386330372567328,0.027467802516625395,0.3307682181821544,0.028747090709789314,0.013218793454191746,0.3739136805182658,0.020058772993272744,0.04086857776900232,0.1458924431755304,0.07634979468176395,0.04743438612813744,0.0003599595467682626,0.0009856391777088858,0.04329012107077301,0.0006059991052583813,9.942061829415483e-05,0.0009556983298506516
01419.dpt,8.948814126316494,8.751656098311921,6.173101765961472,9.0071903357421,4.833361613229152,3.6583290565143143,6.323039342837953,29.212810775634026,2.963101049228039,25.134731523824573,1.7524159188247879,4.0692012155054575,2.7560382552274305,13.631455889643114,14.021413968570373,9.014542708305443,1.4673010525853991,27.474597994471136,2.98068012255946,1.020785127982633,1.0105304149667496,6.117944568257266,2.72554029332548,5.3456355961588224,6.9024346438593565,0.6454062428539848,0.6538167634041376,1.5604498278533283,0.7030445656190125,0.5559298371727865,1.0850080204505437,0.10829303478466945,0.38432575359413057,0.02456271711923319,0.023315054596337648,0.3039549103411605,0.022174436651058005,0.06301324205052805,0.20194623773371168,0.09998823352618125,0.06394598022974918,0.0033831159350407036,0.006081363561324493,0.10173429042271565,0.0005413639625483357,0.011311192317199903,0.0027274098195397833
01420.dpt,8.905983205794765,17.308426808553943,5.99851961476104,16.96262845208799,5.611133450257169,5.431631412129428,11.214553396144241,39.497587966462255,6.293451232365447,44.64454995098248,4.388009059215058,12.667441733613167,5.052963450087653,10.827309711657398,5.724040287133004,6.060565181595889,0.8333556467984433,15.772082332790966,1.8357927860361873,1.2598260134901302,0.7558710664352464,4.427776856734166,1.8544269684560186,2.4968387398393777,4.578702736133895,0.32368540434576,0.17057242409159745,0.9490510933625682,1.0112412498351813,0.32517356640254547,1.2570187363056173,0.07546856721510009,0.5381516534492681,0.015619004842554851,0.14264323871542084,0.06305166081565283,0.0739880870348476,0.013264385072568219,0.1870890548603228,0.07540884790698255,0.047027491513309316,0.0006122469314417955,0.011643146307465324,0.09704255739519996,0.0014306601387107376,0.001906992378791439,0.00030631529164781846
01421.dpt,8.557342548377902,8.191659233170345,6.942266488214768,9.97027781739035,6.093479794198503,3.655399299819506,7.904588545104218,28.97764841173039,2.432371668006122,21.791064418397113,2.4186115131162946,12.084506673931717,1.8684200410790361,6.104922584189035,16.18532459376314,7.795497429956541,0.7549357693262282,27.17781061739838,2.160744079589744,1.813570137059711,0.6844933879804773,6.669711073882651,2.8015109321831644,6.216814097796834,7.611399861460319,0.7645987109797423,0.4571137556145717,1.0367647075943867,1.2179297745733824,0.5270772239053434,1.1271908562224557,0.061146424507150465,0.7736513719863312,0.004034434371565809,0.16827057389661093,0.09331845445668363,0.02527279173433794,0.06128465895245683,0.20520567191014882,0.16922718314611307,0.08190454080109133,0.006756344264008507,0.000766425369155388,0.09157486824837813,0.0003652520225068123,0.0013804388341553953,0.0005061427722133915
01422.dpt,8.494029845284741,13.714676353632132,5.9023612792562945,13.379249492280895,4.764686659018336,3.7947429847584155,9.406705192136565,48.64653453216235,4.369925466744217,40.30313695345921,2.011004458706272,11.413822372597098,2.7912184062530128,11.11642513144948,12.072070145447128,7.171895943713764,0.48647908566403797,22.356283105078727,1.949185657199462,1.4158118882648802,0.5726971805318415,5.7485235705097315,2.0711233287618196,3.605701816245775,5.629114273315268,0.3124222857269079,0.21310144277902843,0.9114783012936889,1.218105580490517,0.45001973259292305,1.2853403088659743,0.1005252560508817,0.6996417250464617,0.011381359600208363,0.14010798977426298,0.056193623336838194,0.05731046814197971,0.022478493157537915,0.15957255174265772,0.1296345540706254,0.05708760167207805,0.004522648611989033,0.004511611860580578,0.10545933429876497,0.00011014248573248953,0.0038488884666073586,0.0009577759949157549
01423.dpt,8.756081886575865,8.448145617125517,5.8476435539528095,8.5544561324911,5.650112336748315,3.6449052622876295,7.400389890671001,32.4607329565078,2.309682122021865,22.740667383871017,2.6929182158245695,4.555825631391013,2.090308747866475,13.129770533416577,16.310680964913185,7.384977600537541,0.5662747304253017,23.369398764723737,1.28093388168032,0.6705578410567006,0.22120101711724915,6.165014661047259,2.8847225709352564,4.114127852377533,4.722136480492257,0.10472707188960273,0.07256396907027285,0.647617062240831,1.703897264412273,0.6174258581429901,1.235880835853418,0.087271885823066,0.6322438151020529,0.001815890311419266,0.07333809549755343,0.08905069337928961,0.01647188677539213,0.03065520836618152,0.11608548331328161,0.09201250762938074,0.02118948826374134,0.02043728510673193,0.0032642999308790666,0.055033688357692734,0.00033454669568211415,0.001956258460172222,0.007786773825391391
01424.dpt,8.231377739440543,14.266621785074003,5.6373502866180925,13.70989530201902,4.7035427769615055,3.596142552281086,11.95228051394766,49.33469198387703,2.4227515981964225,42.80410946756204,1.7969174825032632,7.313191619904386,2.160918029240947,9.629558161795616,13.374403900452055,5.351417755955346,0.22605089579420934,22.000983255996726,0.701677462706656,0.9166835972870264,0.20652260803149547,4.404573669970063,1.0601945076610264,3.040999333761511,4.40077652543168,0.21130510171348948,0.06182131082410125,1.2233335834403145,0.9941542983752254,0.23129475530180688,1.4459070173889952,0.12333369315510334,0.5721362766520248,0.02725174850618084,0.1571990711814717,0.03640260704677467,0.03876958027984556,0.02793003444835418,0.14438537760737835,0.1142127786322571,0.047044429212168226,0.00995408859871938,0.01057763948744539,0.1290224130905714,0.0008356140516995181,0.022577552047905902,0.0015703615221508427
01425.dpt,8.609488253304612,24.32720222563216,9.506195028612328,18.144393487427664,3.4087296156114135,3.15999817974294,8.741348361317431,58.098134033799454,2.126200049292187,59.67782277286664,6.759450420191644,13.556804448871564,5.138570360325407,16.07428685605262,3.477790227236907,2.21356998771466,0.667510437379728,1.7710713804173235,0.28309512816593085,0.545610720311559,0.08926660266801689,0.09747764085107413,0.27698706604392076,0.022583127719796092,0.11446581436106462,0.06526370771767465,0.28460225130428163,0.5807627847940744,0.09231120588580566,0.03161378344431187,0.8221682922410702,0.34100741028367243,0.0026379560907348054,0.00032277800153035496,0.1540394717938539,0.005717596093916644,0.06669461931814846,0.003233377845471397,0.005234299524933372,0.01796059119894,0.0212237953462715,0.0014960962399801492,0.04019853610683988,0.0008551961554281728,0.00029063900164272294,0.0010166105410422954,0.0028535333633330495
