,0,1,2,3,4,5,6,7,8,9,10,11,12,13,14,15,16,17,18,19,20,21,22,23,24,25,26,27,28,29,30,31,32,33,34,35,36,37,38,39,40,41,42,43,44,45,46
01324.dpt,1.3712967231173867,4.403524781351244,0.020526804355354686,11.38268513986999,2.6474071435850384,0.14517376620982791,0.7432732907272197,20.611763646666855,91.54286557569698,13.133199142704507,0.07210797373551808,0.20028963280244955,1.89397899103462,4.039545036035583,4.03544539368559,23.79538035629497,7.121051398467248,0.010330242885612299,18.077884686107787,71.20616924060407,0.010382336257075905,9.20181327402355,30.52541673442433,8.968340005937678,19.285004312552797,100.2761091285912,3.4384594299059494,22.22709949710728,32.49808485461931,15.934698850570658,0.14441894075764855,19.829443572465465,6.417617878897736,22.390035081058997,2.6702363676815213,18.411491163681156,0.41402088860899644,3.0784186955429558,11.234329238061296,6.1890789721881365,1.946893184849494,0.9984379511225588,0.0037440088946545614,0.038992647473939816,0.001753455120566451,14.024909287567286,0.818033922094454
01326.dpt,37.98598565471464,109.71883824351603,38.755517473974635,180.6782522082293,6.427508534799148,144.23114297875563,5.06614690140302,46.448057557304445,1368.9654441977602,622.5468353123985,568.0765898079194,109.91842214266558,8.607719333329593,41.108246185128905,0.033330291887363125,19.88942252076487,1.4416860366097672,2.6374891104754803,6.469906752998736,39.05979408993114,8.848604978347636,111.11476556487136,99.69798254206428,60.35375077623845,13.49251149238509,0.5005248801279275,0.366275854064038,16.716101754933902,0.003051300784374914,0.000880669313610354,0.9741562509829392,9.608571219020021,3.812588327582108,0.9031031375239401,0.6941081482944403,0.2797417250557893,1.0611209129675396,0.07115371919686882,0.5251938243681953,0.6174178992760379,1.0366891345588392,0.31227035320572843,0.37661734390575985,1.1287001951925884,0.03253055242489113,0.4898823868437422,0.022358348239638417
01327.dpt,3.096949455556851e-05,15.495246290515967,0.06089861323768603,26.234890336032414,1.920394581055713,0.3242813705977706,3.764461447233505,16.042175904855903,94.4892884513333,62.09726662166835,0.3584468831207748,2.518511960154897,1.2377613575396993,0.006309077656982588,32.907325802065166,32.76579658441699,5.909037556504511,4.666068653247925e-05,11.896831045431334,10.94848091950395,0.004295477159195075,6.400518311871483,38.605855065493564,29.615509884932127,0.8827234388421651,2.0328346467455467,9.483798524747574,0.6978203906303482,0.025095511894240658,0.5713081499853204,0.19986959679962973,0.006285395586442282,0.10789304389821543,0.3884062506936108,7.0121674978720955e-06,0.07886475008892424,0.12527991891852802,0.00853679107949849,0.815937909442415,0.0003242962377014256,0.0003508107853099813,0.21752157226491287,0.02334449597099036,0.4571496454608791,0.3154660830041057,1.8073841421223977,0.4879958396973559
01328.dpt,0.01420189060767072,15.821938336885582,1.4639302414613404,2.34631266205122,4.485502822136287,0.004453897329002023,13.365799779608851,0.7144885446024235,124.59091341082637,8.880981960949462,0.13873434786103736,5.795124514000717,14.58426631330079,0.07359607066207338,11.78061746087737,12.296129239396242,6.479830369025936,24.595221109657334,0.0016401976439864806,0.017780062384371666,0.5081397122871231,1.8679495114360682,13.660015592405841,0.76149579041566,0.5367989921178047,0.4623296946471069,0.05727646748507001,2.5050471871196405,2.0461558973936267,0.013159192393475426,0.2741778025414283,0.014326230033435769,0.12425449194126155,0.6756026197898493,0.15247810605258819,1.056156156596184,0.00891241698594203,0.5290770315425931,0.01299711643214853,0.8358060336013365,0.0388769166898043,0.43013412513629007,0.0844231665749724,0.09479751559296294,0.008404874651437397,0.04296364118624401,0.05698042659780747
01329.dpt,10.789356699633286,19.478663584288018,22.360610963189252,11.988393591147426,0.5092390949476368,9.547689663094701,7.392426200946847,2.4416136096255583,534.9726121208122,128.3875884745676,43.30941717557776,1.7158792973521189,121.78894057443232,3.0080428921064084,2.817200790222082,46.886666783827295,0.039747843220898735,0.10085691312481355,29.69455204380137,7.35405451920539,14.434273260198463,33.93021118401744,40.43714027560201,14.61935949567496,12.239014565615753,0.6597458746774669,8.296753346219349,3.8099489969324782,3.5194599296146634,0.022229974702285795,0.010864060678118981,2.390946063579209,9.573250804501544,0.039168650715764065,0.905279390278878,2.544707114788547,0.005224353706476124,0.6023485623105578,0.27972167602033376,0.6028467080306656,0.9853425978997482,0.7974775905673953,0.35365254517998146,0.08042635259675901,0.003353286386447105,0.7006023784074055,0.08133254421517774
01330.dpt,10.276057102617658,22.230401748103166,10.207288572234079,11.328272856313895,0.11161065579310749,16.318816377318644,4.096307847514946,0.08180926589287979,531.6552177299562,177.25527447283255,56.03794299624483,6.810072509199858,100.2097721496672,4.536748024481176,3.337441720526416,19.052751219882044,0.06995651307130255,0.2874885514277291,30.996305355008534,2.0925869909343917,8.77807948926894,24.97008071288453,26.48191834098908,3.3794412362624846,9.796926979342368,0.1519515690538417,4.246674445148548,3.67269375519921,1.6337289973082558,0.06003895424250166,0.01465533454072857,2.070725964179829,4.206969857106223,0.4469004497682165,0.007843853700063361,1.157899228941933,0.07051657151595371,0.00663626763671412,0.2304657258351236,0.38267701259892506,0.9759895888683934,0.2603884857272115,0.17938013292527197,0.008529628527968385,0.009626938633627631,0.09857324243439175,0.028050822130442455
01331.dpt,0.026770048806030636,7.463962138240587,1.3000572393285008,1.0719210250959075,0.6748573675993356,0.3238008999419852,12.716280396329044,5.538890777471736,110.19884798516749,21.41322871569391,0.0477900632532582,0.10819302710369631,2.925740717173217,6.179709155209957,3.5401100205433225,0.6575839516856582,0.5497522788793335,3.5195981748902954,3.9057875510939284,0.4536007013873997,4.148813914043489,16.539700771279218,20.692782761843226,4.103511701122401,0.9496689041223859,0.07632284741343044,1.0533940350401414,0.8353540707149714,0.3642774230657023,0.08618435699812439,0.6049533337662619,0.3583010495590286,1.594114833811211,0.6101885542847133,0.5307856201213971,0.18004475316302918,0.05934853931856646,0.00022653690556330224,0.09824332014495228,0.6016531323988746,0.41186271247770945,0.4141390168994223,0.00674564553194152,0.07344279536930602,0.0224146187903434,0.12485552482856789,0.008522373260896384
01332.dpt,7.873970604045726,37.76220513076885,3.1583278130862866,16.96870140593204,3.235019783502125,17.749686418096235,7.3148305482588345,21.52969677387319,326.053680494341,141.03396290336283,16.692098824237938,10.263385126288439,38.84471971851807,7.085740105978181,5.363063763953371,13.430248031817946,3.107489036584023,2.9854984777193896,9.133176824041524,0.06941770791168085,8.638197737355867,11.855835364433213,18.999347473913822,4.245381452609446,5.249819640593424,0.28672665874536013,1.1970236325369703,0.29378644003409804,0.09931176692397561,0.05839156539928293,0.017425202815272465,0.736348659747492,0.8261102873945406,0.7663659910831585,0.32929623393783086,0.010643163942493959,0.013204706644741881,0.04147068952029932,0.2084437626643107,0.2471130520122776,0.4722230340860082,0.1552515911988601,0.00020054167440682256,0.09080628198825447,0.003901571463537207,0.04508477336029046,0.0043225394368623365
01333.dpt,0.43117377649393085,27.57140303882353,4.326115862169692,11.794451037471712,2.4398147717174,0.0019486667559024183,11.037176218037004,18.901025105577915,282.24907027303794,38.49985075061157,2.7885708502523676,9.138217271927898e-06,43.95610577808561,9.4408353172242,46.664410289631086,53.15609343788315,1.0613425562667729,16.734487634368485,11.488898618654998,7.076732567182077,3.3932945121624325,0.03282042064616586,7.203490668431894,2.173887490961391,5.587709227981158,0.5290352366501289,2.59549742129925,0.1694938737509931,0.2639982740629672,0.021194627246492532,0.4518555779641947,1.2084820264395637,0.004947671221141357,0.02153392405638459,0.9513867372151854,0.04640077334575335,0.31642971902673095,0.3846495010738161,0.07956867795360792,0.34922367254346914,0.2158406854878725,0.06340302701103778,0.03506764163826052,0.006555582501448921,0.0010044052294158443,0.0012477866050450742,0.13205074301857198
01335.dpt,2.1883374360907557,27.908092187082577,5.194132682116266,7.012662724216246,5.503615317496997,1.5190691625801145,5.625704369833885,2.985644266026209,230.85661206567488,5.642705820449766,1.8428275506649079,7.435711320592457,2.405302909374701,0.3448616661864111,4.921965645366874,3.3477335428770667,8.603696664021498,18.611899836022282,6.464418797827676,0.4389855908825399,2.1404947201527005,0.713643098558401,6.099625507305153,0.2486745894691283,0.06259026900054333,1.7178031258288868,1.0673832111333785,0.16487397929731476,0.11359345363019405,0.0015035507531206383,0.0009415283849421481,0.03334323954591393,0.6024868188629645,0.23793843402160256,0.013627361055330257,0.09346499588270109,0.1564537022093693,0.4173113075894232,0.010985277170260632,0.032626181253555334,0.10116247715426997,0.04351643454545134,0.010898388535730356,0.0011875728615743956,0.0009030205869764073,0.0005216456779777696,0.00035322849349493266
01336.dpt,0.1884030556333372,33.12977841906639,5.024467188607188,9.359127469251714,5.451755424743014,4.531929324052311,1.4262900289410458,15.615220359060263,159.8187632588579,0.009032583334601095,8.830527616822584,5.52231330886223,4.041459789296278,11.384131096909996,69.52826696152933,62.63740256349352,0.5945690340294929,9.281724536447529,35.431559616803945,10.932241602918197,0.6416461136331931,0.00016511473021113996,2.649816476902374,5.073883532731113,4.529064650370251,3.443965659109318,0.5179185409622468,2.0078505699336975,0.0344874644590864,0.13504726766320183,0.021940377808549794,0.009830061072865312,0.018706830805575923,0.05126471862604443,0.02289668985464351,0.4751984471792754,0.2263292948127975,0.6042061285349327,0.05348625183905641,0.528922831776384,0.2895238484642411,0.04555144696247937,0.033756114718236654,0.05180491132664877,0.002673347465320832,0.0020069167243237044,0.12551463331209717
01337.dpt,0.34591132675135233,30.79334751293634,1.0924060580909716,10.336530910452014,2.871798624639123,2.7481136941351467,2.7924153188935192,24.23723480148224,291.0430658682828,15.137634124989232,0.032082031538059996,3.59793321712612,10.732197686923678,0.22265142133246457,22.320949027884232,21.470632354029206,4.451570043820252,21.125983857698504,16.45893507642909,7.444810438545583,8.659026465497963,0.011503915555678647,4.277995327781335,2.8388538476359146,1.7873080879268988,2.357986935120279,0.9693411719044707,0.41107804416218535,0.03564470487898364,0.028498548346219565,0.02127558772641707,0.09819157408574289,1.0832079476237706,0.22310830657063835,0.029814627107479633,0.06099150035080514,0.2957324516672912,0.7474479824563383,0.005885215673172672,0.02748804384406584,0.050178626216645525,0.007185052602972036,0.03101547119933725,0.005663194581061381,2.372518947531545e-05,0.0015170454466524928,4.19880181429454e-06
01338.dpt,0.028241137609097987,15.352756413903402,13.696066757054394,3.1636401163081143,3.2059721876205955,10.46702676528357,0.4315969639298126,8.526374601240345,101.21165232748939,0.42693620284365874,19.706178393542043,13.609276266604617,1.058633807699917,0.6807861724093631,14.514905836100889,10.434568052145424,6.121234323639667,22.603512258802777,12.865158922202005,0.9997259306812889,5.947463334262026,0.6435151700296309,2.117985995046233,3.212554185759367,0.41099625413841,4.215307107440979,1.1549915655664575,0.43060634447075047,0.007837106548438815,0.0007688660340633362,0.1359633921283784,0.05687738363812775,0.4562211514456393,0.11771921176336796,0.02714340776032957,0.20222102800795078,0.10245260560368438,0.4192166617506049,0.005741587921014123,0.04920686729401113,0.1228011412669722,0.0013490892626335865,0.000294462024325413,0.011426763090476546,0.013370505765602697,5.5572134867309685e-05,4.779342852146186e-05
01339.dpt,0.0840534556768705,21.55201706136601,7.19178807054292,5.687019709203799,2.3076714762478847,10.433383680294506,2.3179362152921463,4.870570582630752,154.63127284664574,1.704315718455028,14.633345030135395,9.398041770810654,0.07288086500717408,4.587547831684722,39.172737838641545,26.966079839483008,4.157621550180028,14.761108243836707,12.358991528111934,3.1651858847689027,1.896248829509472,0.02581676749563452,3.3701276737664396,1.2980799363749,1.0623022361016503,1.1667704608864986,0.40022896046561324,0.6045371251928605,0.012644581556915634,0.1009885645413561,0.0026110879259819606,0.001840462200929803,0.1261140777196959,0.0004801789091540022,0.007128510868617331,0.3423087536399844,0.015784255500821402,0.15679971922249947,0.0001325183547687837,0.192422254514061,0.01917093906140209,0.01460188334892186,0.014826060585126529,2.5946836720535812e-05,0.00015884615940118884,0.008727807351512962,0.03333002902799068
01340.dpt,0.14038754750989496,15.718794795688137,18.565494029014523,3.5168522147288503,8.111172985988917,18.465644695941755,0.0006140084966963976,3.638169191323124,85.50757336814829,9.811093294080617,23.831905150338354,30.59228777764813,1.8026642953281309,0.509809255879517,8.15986954022728,6.892341557508806,2.118035126074474,13.010343603139326,9.034414186861772,0.010208261960137256,0.40900762448064887,0.9474397784968994,0.7209131171030079,4.100303336889061,0.017160350823333326,3.660538126123838,0.5240864219797712,0.9358309787326708,0.008234641144107215,0.013099889346325598,0.1542703989642565,0.11360784773818511,0.060434162208639994,0.027846833244159243,0.1600436577890777,0.2901402919437118,0.003338998148284827,0.0713466139734889,0.008235316190572991,0.10667941766804287,0.07541898530373926,8.64263972750711e-05,0.00711984959303626,0.004430373983667771,0.04520442270521924,0.004827734287316004,0.005092467601330195
01341.dpt,0.07006958596732975,16.847254030636737,17.337975134698702,3.9248611013520334,5.932651818573288,17.78421176025524,0.20889274729462504,0.8270516477146463,80.88208606804977,1.9021471842557789,15.71186280902148,29.83900368669736,10.061563876582028,0.15399457806362205,4.3849675390184375,0.44966467487273576,3.221999257615737,15.21526240335807,4.318432313799727,0.3004929049101608,0.0042047204706250636,0.2832708769493207,0.8286626059571047,2.358932609343644,0.0756528528262331,1.0968876289532092,0.48689275830085754,0.5372844848378,0.0004973405869644487,0.0102303217702758,0.09677298053994629,0.05892835823877526,0.05769564711129643,0.06036736302357167,0.05244703930530534,0.23798311796528068,0.0080217684070191,0.00189253278057401,0.01776046917585,0.05715326341994637,0.055473645590479174,0.0016228374794955188,0.000329157566539995,0.004337690856488159,0.06163385267864473,3.927123464968206e-05,0.001543756326157261
01342.dpt,2.5899942546473143,16.381253996077536,15.541495189688636,5.37192611745489,4.3040694889876265,10.26502234332268,1.5496768398737646,0.8203953420281425,106.79029643924352,1.0138399021819302,2.456206900742952,50.37044002799931,7.285016648630941,0.44471465002930216,1.2231414406189027,0.039209997120759274,2.7589020823637247,12.751649071470231,1.970644655152368,2.3107671944013943,0.5190963282135439,0.2085872434892336,1.4779200941889923,0.6849720282258533,0.09707946548108938,0.4375649920428149,0.5299080995684874,0.3629336776676939,0.002338879552280047,0.02630155399448648,0.0009326618255325859,3.637921089249072e-05,0.04964142299942055,0.10778616063769206,0.05005339088851797,0.13796438416432596,0.015314706052551263,0.003700571890106431,0.07286769879259407,0.019711061033863598,0.026808013792800685,0.0010872312498699755,0.00010289515824261,0.0006596708387563393,0.06798231705626195,0.0008168950220396019,4.0912053281721905e-07
01343.dpt,6.80954374975375,34.072635995449275,8.306420665009483,14.191795287904329,4.10866159118403,9.25691020633368,8.59098262362513,7.683766311314298,169.3671164457689,16.69831088711062,0.001083857348521232,36.72595152755524,19.341989597344796,1.3657465646329379,1.773344873568678,2.0905577486780693,1.0645993444414765,4.590687489838864,0.3009488255852883,3.240338624645987,3.9842627620543745,0.7997172350475167,3.1347577728813256,0.6295012624473431,0.4092054048596344,0.059076457518557904,0.035659126183067665,0.1542582731380058,0.06328620968632512,0.009146075492199876,0.0842781998342934,0.0006884301582969085,0.018857319648036094,0.06136123808763574,0.030536240852750637,0.07064097523336459,0.0004013622601194439,0.0041434142721251625,0.0866686599012117,0.0015800449927068972,0.0024676214129002653,0.006033574555034496,0.003573979986869541,0.0010907473621059646,0.015177623473587242,0.00882921807380154,0.00019181995354724878
01344.dpt,1.7028129843489683,36.44980247151509,7.443510294575939,13.106571459964599,8.692800804426174,25.75722815372215,0.002430411988003957,8.405955227747151,208.06034245073522,0.06589470656204018,17.934105573204906,9.362065269924551,1.0737395440269695,9.454323077570983,23.817535967261442,14.487380915939053,4.380788075748993,8.19758744127845,1.4347631379544297,0.3436674538677517,3.516514312756113,0.10784181263942551,0.9199275539295392,1.9652834233361431,0.08541772820025496,0.8937966841579464,0.7538685499466989,0.1786783186198236,0.0789728134377459,0.01768210870808301,0.2681928323421515,0.03829932458762011,0.47162647744445385,0.24441520937412478,0.002770789392354651,0.04002944854958657,0.009141580569146653,0.022886666105139074,0.0058082104089604136,0.033881167888678634,0.019087582775097183,0.014707986364996628,0.0010013147957330765,7.3539193162908036e-06,0.0023146140598367523,0.013337063383555845,0.0077712884679869984
01345.dpt,21.37363227923733,43.1396509740776,1.4621667711260653,30.727548648574473,2.151920433958674,4.977084618272183,26.158678182982367,43.41103292211832,547.4838226154202,60.70351165301759,4.282949268990107,0.04197931273637474,10.634195245043044,2.2406385974328837,0.007069645538733952,3.1327265582069934,0.5313641686141215,0.12676258845088686,0.9457278695502894,0.7775796520744723,0.21899196865581202,2.2669806667986627,2.205933571702338,0.4334898717300278,0.9851285277784452,0.30515976659376065,0.2697782431216092,0.1688667689581205,0.13924699389238737,0.04269969763137214,0.0036695603962384263,0.022361609733777037,0.23942818404000452,0.20635143059546399,0.057381778813451766,0.007234409826463727,0.0006688035796360515,0.019082387935903253,0.039931451564843165,0.015646903443284038,0.05500028722383665,0.015575826003258481,0.004010997648794275,0.006334924721071201,0.006720946302101798,0.016015421495583673,0.0002732981375555423
01346.dpt,0.08048430786541068,25.258712638824388,25.084458090023155,5.942672638813379,7.373560131563146,31.682928251701146,1.5921204680791676,6.922127644701682,84.5314504303967,6.208011291848731,9.319167110594455,9.639603191329547,6.5491935254467055,0.04265273261865572,5.467431759232355,5.608617149068158,1.1573786735260436,4.473280026526067,0.017268254319332793,0.004455752113272896,5.640273343979642,1.2913112764360195,0.2441564864592999,3.2361778199707936,0.4942206419327719,0.07929079869488448,1.0285712509926914,0.2075859060245049,0.12834688029756589,0.025299185406812193,0.40344467596687444,0.35126393238298603,0.3724181977143346,0.2245293307764352,0.02299038610366769,0.006071970395560333,0.029794384878968117,9.044497338466207e-06,0.0013713315735609988,0.00477546972874443,0.0674048235873537,0.010722545299355497,0.005376005845243607,0.0028386028423260596,0.04754370148581759,0.011282873384285816,0.00026717685886850013
01347.dpt,1.2352801360991743,28.465994849075035,14.580476924300438,9.238322051719674,6.472376439681767,44.34943359701674,0.6460880048696999,3.9610610002111892,157.89728363687317,1.4043272695097848,4.3081311820852495,5.807281566344717,1.8943872067225376,0.14319131416077846,8.2076017056553,3.081944712827965,0.28424725270144835,4.777366233079545,0.004538295429088331,0.02449156644923742,4.54511347773729,1.0688154610815785,0.07362082138316707,3.2128327057345443,0.31620011680443455,0.04447507631654034,0.6352250439503431,0.15125784853819974,0.1027596133599889,0.04947364738646382,0.41489837197103596,0.36482605243333116,0.3310568968207381,0.19119647272676105,0.04835074773770501,0.008165279503106242,0.031208918504675266,0.0008113700491627292,0.00042069554274930666,0.0035127392164332524,0.05798546941896816,0.007808454939411607,0.007000583017009455,0.0038353431592014877,0.04043710633195888,0.002393402156198295,0.012667534956422555
01348.dpt,3.168752249412379,30.23902477618071,52.998082182529195,7.799962612984817,2.583553286078225,39.91590769355768,3.3354702617810386,2.764399276403116,39.28838894928017,1.058398008887101,16.849922791560367,10.411196174500965,0.11918989417926334,10.956728903183965,26.174125852452672,9.327697140762156,1.6699069114781249,2.989137581771797,0.19896996768145003,0.1890605693476601,0.5334495591467002,0.5170766186150237,0.10412209619234473,2.549673884192987,0.035156633155105636,0.004114534160235646,0.38821281731789326,0.33134155887325073,0.14155527143277102,0.027187283921081388,0.10032767530149451,0.03257839320552715,0.030612885411311533,0.11600103625746107,0.05514766201194484,0.029136109548304402,0.03224952395414372,0.017267159690517866,0.003216388980242717,0.04500971015521952,0.0129574170219476,0.037505035065831506,0.03849079101616441,0.0013618464913262576,0.02988530993655357,0.013269763396583993,0.022037710892478576
01349.dpt,0.16442785540297664,24.33054141482415,30.374699218424656,5.963770332939859,2.366970367578765,42.56660568138115,0.4215990177985188,11.76842218341806,145.45896002112482,1.7245505214955847,8.58376075092396,1.2904716026642995,3.44693495662859,1.3536901475977987,6.250151535867125,7.196365942043129,2.0567968565410726,3.7244248082736933,0.00672513008838412,0.07084328065254517,6.324361868671766,0.6465170788735813,0.4152786658723734,1.1215895016335538,0.3634136808620158,0.47725538910559706,0.6229150275130588,0.029304337420623106,0.08451963428619355,0.01006711856512021,0.4074562692678497,0.23536293851710047,0.3708825379079984,0.12222898309654183,0.01453476565980235,0.004969774121945117,0.03356721656639343,0.021639091195270563,0.00019665427748409152,0.009873154045394418,0.04603084408570501,0.006068772124942332,0.00019119364601953389,0.008414630903661758,0.006435606170223797,0.005565907569457381,0.006125870651315693
01350.dpt,0.018286993679563598,26.566872094096606,35.80519860363824,7.073555911167677,0.4742629290963184,51.90745118194152,4.990365763370656,0.6459182135422766,118.31222533108057,8.947567232303625,44.74833339046057,1.852398730310733,1.6397757148177259,13.564508981550402,35.942371089513195,19.153216820441937,5.912468783613567,3.3012836709338895,0.20537115156850103,0.10015393547995631,3.3611182185795916,0.3313146025433753,0.7193994364539895,0.7870698735408758,0.04963536343526147,0.32305059865602864,0.23385712108370846,0.04786895149543043,0.19470697786077162,0.004323375076024955,0.07048144462099137,0.0014380195556391545,0.1316727084916599,0.04121915958726481,0.06855816433387887,0.059816870139485306,0.008442992368935108,0.0020427805640839845,0.0007574598986776129,0.046743988349552866,0.017621697523078142,0.03893699357896488,0.013194998382058462,0.0020062877385770917,0.00041724962340411475,0.008801449670755513,0.02166194919516766
01351.dpt,1.5185680347910215,41.54482438637635,26.66488433546858,12.423349653202589,3.521929567466415,33.11874636082527,4.778312359590237,10.898594098822043,247.24470624639963,0.43195310811922577,4.468243666548384,0.007820488886292968,0.3477279478142126,6.60870931604745,8.842098025764749,5.057812407003558,3.280291782052884,2.0958771240987,0.0036150430240526796,0.15014022417330294,5.003231474286026,0.7514571236417991,0.523637947473059,0.6027357217883746,0.20493422738927092,0.7982407678701448,0.40921537855108453,0.03128261073638512,0.015118131376047353,0.028916236704663163,0.1483742840335307,0.04403302740805313,0.40927128194963347,0.10119301776916927,0.006397220914891443,0.00042684231898548134,0.040949489033462357,0.05174702465435868,0.002335892524596783,0.001704364737662194,0.03164645313216809,0.011785570136202196,0.00020583685115852733,0.008018510676695552,1.381320247655326e-05,0.002063827902473979,0.0009566078647794506
01352.dpt,0.8034854682433827,53.60037981158581,29.444276212344544,18.229627198225558,5.880569069909748,47.28646970002912,0.95217633852956,29.667597071198312,293.7919250593329,0.0029569296079887354,6.198200423983236,0.8763386660096085,0.09179604988282633,7.437679461131063,9.289153754579004,5.449855070291704,3.9071583222912394,2.176721215178215,0.08647991434394091,0.2733035641840689,4.111740523766807,0.19399490054494953,0.31925223984273193,0.5550746309320678,0.07816917505724702,0.9546747158651133,0.16330035686024083,0.028942939596806706,0.026596484298811764,0.015240563403618564,0.2561375780972659,0.0015718776394961192,0.2476511604907415,0.04139749004127055,0.0005105510833161438,0.0003242485834282085,0.03987838192693953,0.06800747670017812,0.013181994705837264,5.85199174380143e-05,0.006898143379254915,0.0162772675523351,0.000648846982802693,0.004232809186288067,0.005912594599699924,0.0034752687886610003,0.010681679135999812
01353.dpt,2.1811818821198123,64.9516806384068,32.93149975598176,19.578301116610696,4.831673008725164,41.09984844853539,3.4741771626321,17.38580300399196,288.4037195471166,0.05198091110596561,2.22528425415713,1.4779807489739119,0.02918248886959689,9.145386410569213,7.791802205189543,3.64875924975307,3.1572174858978395,1.7612119869001994,0.0558098503998993,0.240199826452518,3.6636843385771694,0.1746097823350632,0.23222356467580832,0.4502339291906917,0.07930029015775543,0.8029851132078387,0.14766131430119533,0.024080135001367024,0.016935124795777756,0.016264226318741713,0.221753715842418,0.00037788272288400836,0.2004280461879497,0.043407869093346506,0.004065629500097594,0.000863897558249362,0.03381197877452012,0.07499304953121591,0.005560889527861848,0.0009182853171279242,0.003456169623816027,0.012040025596560845,0.0026528139808457765,0.0032584856710217965,0.0011754730051995901,0.0010785986243046068,0.002707748297748095
01355.dpt,5.710322251779243,108.07220295869148,49.568213099862554,30.47785679366916,0.5853247491978779,41.58011822021341,0.030393678905246205,5.194846398006591,133.66918716162226,0.15046394281204253,6.458669628982905,0.15364738172864373,0.3448490743543969,12.400164899506048,14.464945013451691,5.225248377468663,0.8873271928335925,0.435004098521503,0.21800292169071353,0.26806038888196554,0.6208312951086029,0.005714449380431785,0.29861602306034074,0.4489821024357745,0.04840871945256407,0.19945897611470076,0.003211744164683145,0.048668171500321857,0.025675548323691323,0.0029011691557784013,0.07600012170346676,0.0015140602070296898,0.04723270663815919,0.02250898276599932,0.022592517298270536,7.062596214415082e-05,0.0013071488096609118,0.0129997813478146,0.000345531682921508,0.0031984623770404106,0.0003544480890954281,0.004758293838601479,0.00011232618297126159,0.0033114253739802138,6.77180328163511e-05,0.0035647446337355956,0.00016461934508614357
01356.dpt,8.46766221301973,127.83481692774474,69.1148694913861,38.5784223755055,1.7274967760712985,40.09176774746163,0.20628904837528694,3.12906080445902,125.59144290517422,0.08216035241241468,5.148526794210577,0.429959271543526,0.2169956944260304,11.732728251433636,13.716983526441178,5.2654870025683085,0.8339130506400277,0.4531666458398187,0.26142975052178136,0.1418739689154689,0.4804495985286422,0.013684074431563319,0.2983929823515404,0.4692977693038821,0.04779710794053533,0.22323878606148645,0.005780223894497706,0.05880531252818919,0.02296840856414027,0.0032608134529635937,0.08061715183463614,0.00023841428120074698,0.03455465694306401,0.020865308095577004,0.018863806264625246,7.595558402044623e-05,0.0013959377054702802,0.012790578034059107,0.0005941585685826893,0.002081321866887413,0.00030397429477013564,0.00447136698301151,8.737585762259804e-05,0.0023798340289296325,0.00017797609861396098,0.0035510944255456884,0.00042537972640794354
01357.dpt,0.21082611699155185,38.76182861744391,112.03470915020215,7.5857466671952265,1.9382848129506005,65.34671881662274,0.1170308486218192,5.472681648445388,82.8638029805542,3.776362951254424,16.992217071640823,13.492969615518179,0.31728314835319976,2.6605469718692683,13.048120581240843,7.195432103229577,1.4310381374050607,1.2231753887266994,0.21321439208836512,0.0731599170095564,0.9209941340090714,0.11074973150949602,0.1384990858386598,0.3457907931965204,0.0476947992772181,0.1509462714713351,0.0069457754587590155,0.07561570570725698,0.057397425761367,0.0007823013918475934,0.06342241364585381,5.535375335404874e-05,0.032726052992114604,0.01837908866222038,0.01513736095938359,1.9575927712431145e-05,7.092026077378128e-05,0.004784081121490106,0.00015607731499424387,0.002537661399940241,2.3184233622006293e-05,0.0024174024655907777,0.0002714011525224508,0.002940630373042597,0.0010720604430598942,0.0016041480203526032,1.1184168100046042e-05
01358.dpt,8.147639734509957,150.65886912775017,71.90197922754787,42.6830545038142,0.5034693902283857,76.29805480733766,2.446961769080054,2.33127654949607,99.94813299155558,0.45970709043198843,1.197604257138462,0.6961588183531128,0.00358174127467808,11.37191010347323,9.601233465944375,2.4791471772925995,0.37422046883639076,0.27073391384248513,0.259716431994473,0.15467607711698492,0.3635708810812073,0.01614282685847878,0.17130563779956157,0.4033570728363187,0.013040112144261713,0.14132369294424088,0.0010071910614362553,0.03430252633181541,0.02409602501175359,0.0037224206390687594,0.08388340012085986,0.00015097778910277818,0.010922403534605978,0.0043230170927144596,0.01378236209865934,1.0157980859986182e-07,1.7246422852279077e-06,0.010294604075645572,2.924519048990424e-05,0.0012142829258329553,0.0007749135877308562,0.0034144416631140943,2.4927719120438667e-05,0.0007717269738237605,0.0015207083380432197,0.0010850469270293444,3.8006395351382646e-06
01359.dpt,0.4666247116540184,59.06320889157609,96.27545485252331,13.53794766227819,2.2148583509560793,113.19391968647673,4.536727655911321,4.32850172761927,63.6815680770544,0.7444651290413001,8.378581710003013,6.809863968808858,0.38074490887491647,4.047158479570452,10.840782404992874,5.675345081191934,0.9535920046953629,1.2982616178523037,0.3360886386570173,0.04931723098037728,0.9143532865878644,0.004007128998830899,0.10494902278766992,0.32855397151027993,0.040136023868542335,0.15020174511688456,0.00012972694985745757,0.09040944496157324,0.07614529243191227,0.0017560560694693307,0.0740184911444661,0.000299037129389603,0.012845887268503909,0.016753170721437408,0.01144241713131166,5.5718018320757194e-05,0.00023604102967624444,0.0027540262343251514,0.0018586992832407708,0.0005596898488302727,0.00019443081135229063,0.0009432777519993693,0.00010751494151039439,0.0028047174367347464,0.0023937044803382904,0.002072900852554924,0.00018797102071013147
01360.dpt,2.534098777365412,83.07955236198802,111.3142716001355,20.54216141500106,1.5694156865124613,104.07637142562976,2.111328753074222,5.520885255721895,83.63741216820432,0.9919782845024995,13.021180838167114,5.727108186608435,0.304789603637641,5.168616297898021,10.065653503758519,3.1468619747761215,0.24073348882917328,0.6308340569528739,0.17925472607946988,0.13980997636184564,0.5918577093959823,0.006615432475233007,0.1658686786558246,0.5205297367626278,1.6887088627211987e-05,0.058818070248552214,0.003752431725040788,0.09749028213860537,0.06365376522208234,0.004117455870531508,0.052985695306510976,5.262628930740231e-05,0.005409292384924503,0.005483530402999103,0.012661755826196917,0.0005012374158860265,0.00029186452530781436,0.0010496844629262366,0.004479560369213821,0.0006548201019332052,0.00026251347963173203,0.00018182395494786854,4.0881239966049924e-05,0.0013464534101615031,0.0016811901078854728,0.0034064510182991686,0.000501425201899619
01361.dpt,11.305154696787922,134.62344619103922,116.98533047097186,36.872408598382464,3.9698441553882153,98.01464453179933,0.021159884306256354,0.06240266247821335,86.74901265972498,0.30303927252971713,2.5460223836358487,0.4776523890856375,0.12794285477927642,7.273719389770884,8.510637410512224,2.2602994483057555,0.22196455256262781,0.20250546884547585,0.3118919136520954,0.11085676145206498,0.07251690112943428,0.01198823933793965,0.13852076067574837,0.5909480080235873,0.0010121957799006929,0.057051240919309215,8.04454338667925e-06,0.10106961895705777,0.03221759519945518,0.008615725784635576,0.038066188422433124,0.00046989788313534284,0.00538412420145684,0.011840477579843661,0.006776851901905789,0.0003232084714536469,1.0893736809940149e-05,0.001351734887415366,0.003180128035348606,0.0018511480408088807,0.0017801309648334295,5.80349108987011e-05,0.0001394761653038971,0.0005681906738815625,0.0006554317316519172,0.003102403457779871,0.00023306438041614832
01362.dpt,3.061645692412949,95.67300210924749,116.24290611905322,23.270109992849783,4.471235305331029,89.95982400921386,3.7511453254072435,2.2803614611075993,86.09533959646232,5.0610678087862295,5.59472955351667,5.813789950100762,0.8031081184125746,4.99658899139561,8.232823246998208,3.525143532767947,0.2369701488034752,0.2547234927458834,0.3816131022239884,0.2564051108656726,0.16557768801388903,0.004306035021122351,0.27878664299666567,0.9096395196455126,0.0062294800502978665,0.010862598629320082,0.0019086226982012499,0.11298856259159103,0.09002582322177277,0.00474065742959592,0.027117637083699245,0.0020910250804746524,0.005777253550103871,0.008777825202693034,0.010822135998138754,0.0003647964991351568,1.170561386324711e-05,6.664039633772e-05,0.005917767020435372,0.0017026915496168842,0.0030289585647841925,2.130258789882148e-05,6.93452017139494e-05,0.0006392483139491627,0.0005233822941843141,0.005220725573023118,0.0010955282723221196
01363.dpt,3.7285962130746713,123.7507580920008,149.24697803649573,31.556902159433946,1.8966472030067947,117.10299180095153,0.27003116575163433,10.238497032870667,52.768849914021864,4.19132613023803,4.4992860500193315,7.072817711539984,0.2650911882137615,2.879042841689115,7.198490415884372,1.7728044769320335,0.06479044165291128,0.24680878971121073,0.29775632318001816,0.17116718256136604,0.1550230201584406,0.014446711882404553,0.1991048885494207,0.6818247357264305,0.032194602720099864,0.0013489319800459385,0.005472627912331021,0.06478472368624384,0.09629373744582909,0.0025679005964129318,0.015314707628242248,0.004745551534428119,0.002600963022397013,0.0029525530369237307,0.010480004323495258,0.0002466117207223875,7.951818934935269e-05,0.0003389494521728141,0.007205413752269422,0.0004663928463450781,4.441130233058473e-05,5.348215103208582e-05,3.3254071662464954e-05,0.00028483442875239966,3.207545998037564e-05,0.0022716362938944115,0.0012651622214945853
01364.dpt,3.423042843072463,88.14623928061465,159.98538471876807,19.02502174636816,5.5328375912097,159.86726304567335,1.2321678341312123,5.577635850881203,75.4096779926089,8.898426500481976,8.730719111756247,18.663695720111676,3.3093835085647036,1.1494604675620963,9.223576216300868,3.9311265315385833,0.26761547303115774,0.05263513446183125,0.39710056178631303,0.0357203601962719,0.0027188685555724753,0.020330409273377446,0.14500458330583416,0.7823046271293334,0.006288159894665212,0.005034973689414247,0.014214235355733518,0.08559425773498047,0.033500775894075116,0.0002841766646844745,0.00887934246616215,0.00930849692271221,0.005810143172101247,0.013606549677949038,0.0029195458084187373,0.0013909698682460924,5.1811849741605994e-05,0.0004747834824796236,0.0030865508590962867,0.0029878841031514515,0.0017837253612089112,9.964893040537603e-05,6.678198107652564e-05,0.0025560649425428396,0.00012715950337850948,0.0006704089848716422,0.00036496288219937126
01365.dpt,6.152160126237807,85.25223945120648,164.90603721023763,19.981893695118412,12.649718037427357,163.16161725068366,3.8483926673611215,4.970590107035549,75.52683748923603,8.154267913175016,7.727686324706566,17.401240958546012,3.21982631588775,1.2430894976958349,8.956497533770479,3.6356134577440806,0.2399854438747173,0.03168025659678115,0.4054594925884611,0.04293254236919936,0.0008300823151025154,0.019105830067364587,0.1625458230890858,0.8012954279562713,0.009853777248315284,0.003231669396670899,0.013038853689255227,0.08485793019247596,0.03412315222561183,0.0006013344219149163,0.009166706956339442,0.010204010396153212,0.0044059846740358835,0.011798335381373166,0.0031824755675435553,0.0015555996257593215,3.9987043616267175e-05,0.0007104299432311172,0.003391594290323314,0.0021949297661885696,0.0017055163490755996,6.6602814123747514e-06,2.026652384150163e-05,0.002597372240166747,3.7855744556446576e-05,0.0006253046040568147,0.0005676460217176321
01012.dpt,3.7066569031491876,13.395408654372442,16.886278010093722,1.866908092566908,0.6408633512763238,2.15974260735578,49.596760857905174,194.07361073366377,25.70641109289511,0.11640047663449977,3.6643509822559155,10.153052560634569,13.853238790637535,0.3983507882714478,0.4192973232535519,0.8902133042180749,0.330333786267536,4.682482663954224,5.324994842881379,5.631985451318918,0.009591544421556243,4.434895545164833,0.35076565719784975,2.0213550493889367,3.51784927829417,1.7202209753043003,2.574073712515928,0.005146970870839515,0.027683000881962946,0.36993936469755756,0.00023943726100319346,0.01611592726107231,0.0007938245075146466,0.08402837115447928,0.015380323649940866,0.37811082007749985,0.03032305249582947,0.00017932739096814071,8.32449627495126e-06,0.029930198056895556,0.007477748051805253,0.013582808375331835,0.004667020251818037,0.00584491465463799,0.029569001617554037,0.014515924390236728,0.004381293946040475
01020.dpt,1.490681031382607,20.24902272775685,1.8038435945386826,0.04529455105776399,0.008157580668522771,0.30381505229900396,78.95854111180506,164.13128337660896,59.2264624754012,0.752815660118296,3.567307282763244,2.5867753060177723,5.872936104246792,2.995415077498493,1.9599626394485516,1.6741379089698356,0.28834833083636907,8.830620584524599,1.8012972720914928,0.07228460820767724,2.9136061358072816,1.9684827182874765,0.2416875274059944,1.7096188118932452,2.841399009983601,0.6409806082593679,0.8318621468630799,0.027087558657149173,0.04060187591777231,0.15668646351553334,0.009824777016848607,0.03294822691730189,0.05475983542385421,0.028303459796694855,0.02898125105667686,0.32094967458594337,0.004551915636984783,0.030782315295086585,0.05999785244350442,0.007859832826218122,2.1779748257474077e-06,0.0012077641694554797,0.0008959415550539619,0.021363570648297883,0.0008682456634803991,0.028758771500539064,0.0013478597103960472
01021.dpt,0.346973898235525,2.729453161800035,8.829972144118843,2.1862217676967557,0.22200527743950288,1.845409617733724,50.51140318140969,140.40562835196684,6.7994254909810286,0.025858310096054812,8.241108803201996,0.6896479728095547,2.4945569564176844,3.1187082317109,4.622447408481016,0.4144680276921427,0.18353261459500383,9.333070036909579,1.2186237641539452,0.36000922105682825,3.089260258924378,1.857904806855337,0.8076981156950257,0.6739506800577081,4.541450769123038,0.4459747068043713,0.7012762372995083,0.056492120528551286,0.006891098762606684,0.18879004018128578,0.010835892154717032,0.0010672436706933776,0.013549733749475823,0.02488417599929501,0.03365706262866485,0.24089177725657243,0.00159557385509762,0.017454483945836926,0.03465850552002437,0.01064710421114395,0.0003505260823711289,0.010852680621258414,0.0018536649161321253,0.007220641093318047,0.016905054452373624,0.022191780335394082,0.00015603037250671927
01022.dpt,0.31064967070349514,7.408650069269059,12.313776736773624,1.4258691371131813,2.108913748239468,3.838831664197715,61.55852159392604,138.4044286063904,8.95677970967687,0.7243066119520293,8.927980252943216,0.21968762156051083,1.5382945740578031,2.7766976708756097,1.9984494382665163,1.7086428160599687,0.46951392582724827,8.831436933333011,0.9002877576119024,0.06559261448020674,1.910330223856674,1.3038763591295917,0.5725195375797094,0.44019697274582326,2.8395052218824324,0.5567779845643445,0.6259329478215765,0.05176718253188536,0.044941053633866745,0.1469195892627848,0.0025609573287189618,0.003665001658485536,0.017901189999543026,0.02852342863415154,0.007703184783815339,0.21231297990782388,0.0006068407601235798,0.02398221111310777,0.05494185194306346,0.006410143105705761,0.0005558848488301702,0.0022235416642567302,0.0011333914871711696,0.019977556319628987,0.015035106464610508,0.015928585266677536,0.0010911432834407335
01027.dpt,0.15162783356100945,22.538470239199988,0.5562250723276027,0.6060517636532701,2.3592704653091143,0.27519475317129516,86.41779393504993,50.45984855278585,38.273205137949006,3.0663968430305006,3.146553163195743,0.47238449018307394,2.0015038708496,0.7313616237578492,0.8923233579753803,0.9340408965790402,0.06833661037199389,2.638938376994408,0.5203627079079851,0.006438546538343105,1.4051297786646793,0.9400524611825171,0.055391767419799676,0.914576198129428,1.2818689547851494,0.27709052190036065,0.5556604486414796,0.004314810744370698,0.03804121896659121,0.09153846678441019,0.000661364068900846,0.020443896799976883,0.019103744582636258,0.00820112012176853,0.00024623174555565467,0.20868076765943946,0.0029056508782484007,0.04623831780122944,0.04638530855317621,0.012568188674609767,3.637097677907049e-05,0.00011727366017431581,0.0027233084745056074,0.0013135560924595836,0.00069199560367583,0.015869779619056456,0.004812937777855411
01274.dpt,1.600884580395009,23.13263689082373,9.25098599435088,18.071123460445477,0.02056151625677456,22.81671710740823,19.335775634411334,0.6530618594646703,273.05107519087744,93.30529658856116,23.255605411962158,5.552956059327487,89.45520779338554,0.3073046244553002,0.11585041475066502,35.67668873108597,1.570070961254445,12.970740098597066,8.625481957992362,0.11655565333239662,3.2362692948943583,4.552248506299295,7.127373089638816,177.68104263797173,4.29869337862378,4.207682951812292,4.8199623660033994,0.6286947054566011,0.32928349219253517,4.2124656103404545,5.894882930254625,32.18917070075681,5.925071424403354,7.5177482564696,6.6298155351208985,23.53270299651103,15.294330194102843,0.05935875795392954,5.827700639835564,2.2614082082699327,2.39742372028098,0.6006706952362897,1.187788694085873,1.0242964035687083,0.3406910402804701,3.4185577132703555,0.0021199741290755
01275.dpt,0.016563254020204567,16.93595793607704,2.489705383569547,13.24233526921184,3.553465460119078,11.664814425008673,25.95940739907459,25.141543907383415,106.48879120804935,7.0955840617997765,3.7417551031008016,0.07175633851489498,18.308212986426234,4.469718808532062,10.601445069451861,8.834184330130595,7.2372807032076905,37.8312276748154,8.175142101401914,3.4551016165427546,4.267526435965261,4.094771809502986,0.13666961141010023,14.078702021815038,10.084553405976733,2.5220974300197048,6.596321050534203,0.1358095798026552,0.3479743568171795,0.6296453138717965,0.08742464980453411,0.005980039651176521,0.08170240895214569,0.08660342262130209,0.6794610014296006,1.1563177591565217,0.0005795910521864886,0.6170951263322679,0.08276344347508464,0.027273977473415003,0.07265899565415786,0.010472315776117617,0.02108088583052075,0.058074697307982176,0.2854534022973659,0.038744432551693235,0.0012376071468078876
01276.dpt,0.2850026061024132,9.085113061867581,2.2546831762104627,7.8312014710856515,1.6862770701195673,5.69469352261248,36.907981485350305,78.88982314124269,87.02738841016591,2.0541172287289142,0.8927030222344672,0.6735060934707021,3.4399825564013464,1.2509943471029956,4.887382689016111,0.9951723782772987,2.0041196950931153,12.883466814888937,2.0319710004080016,0.466147220307104,2.790364396753551,1.1945338074914695,0.0051172454937258565,2.7712414908462946,2.016946021204683,0.46227844961285425,1.4420793484205194,0.16560555348684278,0.3129982931154049,0.013134927995846367,0.09186564259111805,0.0257071290354242,0.13805529974970523,0.003101041106244464,0.16630257648737617,0.4609736607784254,0.11296371744252878,0.004836020551933261,0.036031625736251786,0.002621487451024721,0.0022341766623667496,0.04794214993609864,0.008020532707674818,0.13216212334499353,0.0014687135128134683,6.354809391321471e-05,0.05454233460051952
01277.dpt,0.0011026396012881652,3.523772742856735,0.6835170799287619,2.8559802703524997,0.003517537924525831,7.451247945527789,29.794219852675898,27.527026660142475,80.31257900803581,0.8876784177234043,1.115181264978546,0.00047385130259483413,3.445937935300721,0.1885743166904365,0.8284842681411815,0.1203028193704481,0.266175832763882,3.667114155049088,0.7771175464916754,0.08521715455791874,0.6015596025686445,0.33572447989531484,0.009861310646433292,1.6927281395641813,0.3637858600170308,0.20114479471069913,0.7844487309287534,0.009452421597773847,0.031042609863263005,0.03581008668203531,0.1568346241233172,0.0008721399753779005,0.058873862907307555,0.00010664314602133684,0.11007749720295017,0.1100956138930131,0.00805032720278262,0.08568399349994507,0.0009328300483978065,0.010879572553281857,0.013319804487920786,0.009246504306973666,0.011348137317475337,0.006636395104063779,0.012222387504478495,0.015274247570170377,0.0009753707540924765
01278.dpt,1.4609026086715908,4.171730837463779,0.0016501480716507133,4.317307499382471,5.527543945896734,2.151000493301861,6.715653875530944,25.367823886035083,67.70590436936894,0.5818090111008548,0.6687484002083086,2.4160219510284295,13.159703709789671,3.9429861190571485,8.675530689496991,13.09134787620034,11.849459805855824,40.09737124376918,10.757588422657903,1.4552771567828382,0.2185276501577468,14.948296123954933,0.11088861856826716,21.466331172939807,4.2966531896049185,8.652884879765933,18.313092297418304,0.00043468321620048736,0.4841237281118667,0.14792700734963826,0.1880927201902828,0.02819948112858105,0.2270950846997202,0.4807518874850927,0.7622838815700829,4.099888193099335,2.208480485694264,0.3963951629404646,0.01574312617008243,0.0005949896711188612,0.3542251360571875,0.12932912949650952,0.5639156028330129,0.3478151194611601,1.075751212080189,8.929752395585101e-07,0.061780322082268704
01279.dpt,0.6306942003621887,8.670056126647221,0.24508526371912592,8.261242207204825,3.8186257145031863,1.3893294366977258,9.726742806568875,51.495673887719796,70.3665435914156,0.2419347505069217,2.019650738891166e-05,2.98804109827587,13.707507227201928,7.036799246586865,12.251632614230488,5.694948025438145,9.413067262146937,51.395284611328954,4.702549449405232,2.866799472115471,2.276681894813086,5.636452304363425,0.13120182273853456,9.723474153467235,8.638802961771193,2.5648464505300432,4.830337145005544,0.3435066834429561,0.934109427679097,3.3304974362104914e-05,0.01542016540144227,0.037906809491062,0.004138267424331631,0.2085226870916328,0.7312912887595885,1.2638737617293925,0.4395879846124113,0.2786584515608593,0.0005746396997195188,0.032102533570120294,0.001802303185949014,0.1217867585773013,0.001048344244830221,0.2897216043487471,0.01694108907125705,0.017777581786485076,0.22854365539401617
01280.dpt,0.7516118000553476,4.264349992865251,1.029957274741128,6.512768659808703,0.13291715284415578,3.69857175687382,19.599782596083354,105.66642165560029,77.55734406257318,0.436319789189254,5.304513744246943,3.37005965365654,27.94615650807071,0.25755501653552043,16.943412730434247,37.58540433774317,0.3950822771198257,22.516633787555847,1.847779147547799,1.8959239618042665,0.5440180461917817,2.6640003391007006,1.6613565545622324,7.678861970780185,1.7091783446333981,0.007872721287296987,2.397770573605346,0.04697029532847284,0.07835082779729827,0.004705808447166234,0.021116323925853418,0.4844066602628596,0.16624502153027845,0.07899873926569406,0.09429144692584669,0.388477340932264,0.019002803390908502,0.18554185690376732,0.1016196644015525,5.9644347881237916e-05,0.014994443476553461,0.006488829811733657,0.036982481195517336,0.00960410147503948,0.0023418745319173737,0.06759287342778002,0.13393943251216184
01281.dpt,1.1772450503393517,3.4711587629783267,0.004122851273438429,5.940750276504335,6.485050071128621,2.4186073365518963,16.062283300104415,68.81823850573753,51.43825505324301,1.9962229533471756,0.7320873447228757,6.3181145357673865,0.07016060654124892,0.6235892763361864,5.568309927548614,4.057649008862182,3.1589504648137674,20.541254785269643,1.26321556708029,0.7160571028048434,0.6448937998704395,1.2246038738403573,0.5557536392462878,1.98781278952628,1.8058997403172203,0.7045705156599109,1.34528946832222,0.1761296577271156,0.2428586052747593,0.030891556135865136,0.0198158080426755,0.01324689615708743,0.004846809503255884,0.029665782564962984,0.10121098486261065,0.3040146756812327,0.012514026500121006,0.13328048619327296,0.009256649328753214,0.0010340692281293245,0.006833480882732009,0.048806125457861685,0.00014241638201195595,0.028572333335919013,0.031382648436979334,0.0018793162511123705,0.05734226878177449
01282.dpt,0.0953159901035894,17.56686207047655,1.77939755074648,16.223579769646474,1.0103223078436785,8.264755602850347,39.87222310311569,49.62840891778757,109.07097018929889,2.0785091778901736,0.0835017878388447,0.19855912027330827,15.107216328078033,0.8492085068644712,6.632004058815263,1.8410329014356797,1.5252187296862292,11.578943727571662,4.500839821782627,2.0689487375049285,3.9936331328114476,1.4649247038302153,0.10368543928007375,5.070404471427044,3.03368775509845,0.1519320884737509,1.4800659864649905,0.09170074475512918,0.19962235910807358,0.21404993762810873,0.024760488631699128,0.0967368308733612,0.1148314909577822,0.03630986273088712,0.2209978847839613,0.1830723598634095,0.005441313928382199,0.08277999008269182,3.7995562201324345e-05,0.027416226691450437,0.12005351086940022,0.010045618781270577,0.003042729460843456,0.04591025925824507,0.016046773816324123,0.0031012215626530686,0.0024560332354641124
01283.dpt,0.41995982976924895,3.24826597561002,0.0003054681983995006,5.101704229497922,1.8007859920373779,6.224557828110704,28.16753888167372,54.956455548644406,65.0111856800643,1.7272373771457998,0.7648387996873043,0.1926105217946525,2.678456051329286,0.7208489903795289,3.5595694956107438,0.6314104348162344,1.1932750079404315,8.651724692585601,1.3538668748902032,0.22524492519544567,1.917504336775072,0.8475430629571525,0.008597058988827738,2.050345441327867,1.5035083446632138,0.35666056480983077,1.0834646560061523,0.10881870974612902,0.2139036253580245,0.002573872562717445,0.042057143189413865,0.02688203391969566,0.0695536491075283,0.0011633970702713285,0.09603377222783531,0.310342923552977,0.083227383705724,0.00354208836880473,0.027588072623183194,0.002694971923265215,0.0024441795639256574,0.042713208207906604,0.0041558121662838825,0.09832472063201723,0.000680182823965361,0.0006988552421757143,0.03477219429648767
01284.dpt,0.2869050015311727,2.1198166437537735,0.03250392344564888,5.445778773477077,4.422624628773719,12.369210941914062,39.75067115412509,44.821113757514084,32.853314281421646,0.30318214684464734,8.588527360059315,1.869224030144895,0.41587764719726045,0.08750346952380363,3.009298365444183,0.37023625521721054,0.3962881378762298,9.156665747296564,0.30485664374458005,0.13084730741540568,0.9373679350290456,0.842369182555534,0.3435340048359879,1.5900280002807354,2.0232478611024245,0.3505152030714348,0.3614694288160317,0.0227099748972084,0.29722115611051225,0.01326196790229873,0.18697321564434438,0.05390421581198675,0.1664352399505954,0.01500734094410627,0.07586972312025976,0.00018156545199307813,0.020804184635555657,0.028644259866147014,0.02905626428475403,0.009376298778420307,0.0038852985871688462,0.00862915892125258,0.0061281178315400735,0.0002116029174686103,0.0070240126251913835,0.00016852680982256494,4.585031869267263e-05
01285.dpt,0.12458514526801563,9.15536160685724,0.7937487149668275,11.45348238226179,4.735425520771086,18.77885952451061,41.33556543905522,43.45959014065751,45.61988906773816,1.2374277613845193,3.878128810794482,0.5292537401785232,0.4622675149155018,0.8091263216886136,1.2710019040992044,0.003512657195052866,0.82389679112632,5.832259640529535,0.7643741458086806,0.14435953936120036,0.7333341893801041,0.48895124821635816,0.12108631844732017,0.7198470193082555,0.7909008472259133,0.27574135164138913,0.598883472104482,0.08427961996693868,0.06977367338128897,0.00258133987351756,0.07456879774548364,0.005694076014849962,0.04122719743428986,3.631698582677016e-06,0.03648318652651142,0.1485137172139373,0.0017690370256404774,0.015612680794848377,0.010287298005396893,0.001815186122785606,0.004058747540700348,0.013373998428502508,0.0047696755313677945,0.020002715205383968,5.868670708079332e-08,0.0017689592694949718,0.0021448787766591127
01286.dpt,1.44375379196066,6.430003641382429,2.043795960162086,8.428338281317693,7.620772466295295,8.249335460862552,47.21837619145399,37.41867659295097,36.969714373216306,0.3790648882798972,3.423006456684597,0.9331317144982874,0.9814106888176813,0.8558335424516044,1.9942905847635564,0.0027855077845810147,0.8563391811250551,5.584290799271075,0.849384126797193,0.11468570190774965,1.0604168641121314,0.6660255713432826,0.1796964988583353,0.9227902697489986,1.1585548759805466,0.22906862068301292,0.5874700863382298,0.03660079964584285,0.07673255513335643,0.011760409552460974,0.06784457882813781,0.00501278879904382,0.04659078735022757,0.0006989351112623339,0.008121175061602271,0.12364982642175638,0.007354930281334181,0.006097285393137433,0.011941034960230567,0.005658739666959991,0.00024892257691885297,0.002349231566579019,0.023288066229915503,0.0009180161805839996,0.001509874400281509,0.002245697258994867,0.002010686750807146
01287.dpt,1.3396106465629012,4.652402367234037,1.5750089423069231,6.7527162276654025,5.340845942302023,5.676433855538229,40.17254302384935,29.584944492098444,41.16708313607814,0.6139054295559997,4.1871440286621215,0.9659778592492514,0.5369363186753342,0.4906100576795004,1.377045543380587,0.005144697817496477,0.45279716653713087,4.24522853232112,0.23983068505267482,0.10787807839136039,0.7639944940918992,0.7169557040103878,0.06889428652237141,0.8006829039835641,0.4838819454372871,0.13703516828196102,0.617631326611048,0.0737414543445107,0.16022760762016194,0.00019369943402150098,0.050720642389818174,1.745609502730523e-05,0.0579638518182489,2.7021460081230266e-05,0.026979051225788465,0.21697601623920174,0.015918129137752573,0.0015341279843377614,0.02016130050290169,9.064225346202284e-05,0.014295783602001236,0.001630026924780235,0.0003185493593103934,0.08961670761685106,0.0027549513135158342,0.006271247332472819,0.0006736408081343497
01288.dpt,0.06778609165280407,4.825981744732039,0.3034279951903671,7.94694252247567,2.1237840532282197,13.494670948023284,42.99261924240161,45.6099800529124,20.66762138495011,0.15118521624650189,5.089652875783078,0.12975883747661573,0.5734980867894458,0.8125151433174633,0.7805069018873051,0.4484675970780103,0.1895844219636079,4.416490409418347,0.3742735788539824,0.016009695085637047,0.832758467407906,0.5208805977582786,0.2989470342280247,0.19764062599229443,0.8364834361037219,0.2732547067033831,0.5754478600730979,0.09791237509562685,0.1142689656365454,0.05331259149298956,0.015827259421169408,0.01435793306946254,0.02709654370229965,0.003940573520068629,0.00012347620903591195,0.16064267068039018,0.00015685533470748906,0.00644543896799026,0.04335831882462579,0.0005745286202550885,0.00013768990709373756,0.008161467203283024,0.00042524717343011214,0.0024401531431144006,0.013815728262501818,0.0022170262222052815,0.000245476868472343
01289.dpt,0.35292581068455975,8.560052700982235,0.12556487586379814,11.244774151601547,3.30073512923215,20.599456955419484,37.26819502471242,46.65017759596471,21.193536905947596,0.35043007482456684,4.914863051414619,0.00023684529411257093,0.38643290794645146,0.5653732754258611,0.7819728031287514,0.3468506643545953,0.08731662618426457,3.8703653005900573,0.3379878787305376,0.11687847227293231,0.560804260931727,0.35963654686875024,0.2693172603732138,0.1366907884917968,0.7866012131815489,0.33510416318521535,0.409008019877007,0.05107317175899028,0.06634534868330307,0.074479300745588,0.010574508843894022,0.0008065010420526194,0.02280098174596996,0.009729026538766216,0.0005003469130535908,0.1777752931500315,0.004375800161798291,0.00508803220662079,0.030835216931926483,0.0018005405861132038,8.129754734463895e-05,0.0019534620625433342,0.00018683694954547446,0.011829512332350908,0.010839285931063316,0.00034847427066978263,4.9242763930810795e-05
01290.dpt,0.435523027708284,9.869749302354,0.13833937715118313,10.421675675777363,3.691171421199052,17.33983658429654,44.621834158459684,41.12585412560018,22.66948289739384,0.17656398343350696,5.200718949105674,0.035463406740505236,0.9609479397314582,0.9455927972396795,0.2305559834746194,0.5023281440109518,0.0749983898670199,3.494093704942625,0.20679552656923977,2.8497272174371184e-05,0.5522259312126775,0.4872861107431044,0.22770743873067004,0.16496494891630778,0.616560367488679,0.23597078675081487,0.46375415317716934,0.07413101128739394,0.09794757834111965,0.04101727718851842,0.009938650030524982,0.0014429024165077977,0.016302744142126062,0.006301081881962945,0.00028704433077095443,0.142415284232588,0.0008341982715747733,0.0036675220558545574,0.032904740727196964,0.003284947995185954,1.0380393220663335e-05,0.002278724511195242,3.295715637799497e-05,0.00680880160743716,0.014037927533917166,0.00047105672561950364,9.01665917144897e-05
01291.dpt,3.076878468031626,1.328011029532563,0.9298462958868867,3.9072285160735496,9.954064073941367,5.093463532796333,27.943273383536408,36.3535166564193,10.694502547423797,0.3095093942788734,6.137487593032471,0.3753292915744397,0.6365443585773775,0.8430221977339716,0.7883786595635547,0.5320452988743312,0.10833496749627171,2.7890561023270672,0.1667228121652555,0.058999070658875885,0.5106429536654182,0.5985710292627394,0.3135329826951843,0.2044673197718005,0.7090797556163865,0.14420349246453862,0.2521574479455876,0.0485563643168928,0.07386343893577578,0.030572156584470923,0.02662379441339867,0.00026224122095968764,0.012486247426015572,0.0016201181469935554,0.002092739021798123,0.09498778450493857,0.000565782013948288,0.0053595589700147035,0.04017060078198524,0.012397879876464875,0.005129219748492269,0.0039028597751228256,0.00017055760638447228,0.00865476276763179,0.002423426015175927,2.6247877959699666e-05,0.0036690621462781604
01292.dpt,2.829539861993815,1.6972983549404566,0.8565139724147591,3.932493550242229,8.304329671616458,3.0101695894026426,30.650830239473663,35.247132203482266,11.14726750625492,0.6739263738707737,5.902153153118205,0.1820307295235947,0.8362263885986779,0.9462755499402993,0.3373927794681835,0.93326947112803,0.03606796544950177,2.3344935461352248,0.07059359407337745,0.014703375998365084,0.2364959165581964,0.6049791973507159,0.24955727266134375,0.18260305932811088,0.5609816645665661,0.12818215287901116,0.19430566539661626,0.033539639546743216,0.056905893012450665,0.014627107921647156,0.037843539843133205,0.00012270192349837005,0.005915853962039539,0.0024152487358000576,0.003296658192395722,0.045435001883005345,2.5566900258258358e-05,0.0017535535215287713,0.023795397282207715,0.006227348389845341,0.007312645423967912,0.00511724235419961,0.00016500373682791248,0.004226419660864412,0.0010255486078966736,0.0003081797984252721,0.00504927979322894
01293.dpt,0.40937660752949406,8.619807685230118,1.7612036170703107,9.371546109804989,9.280292104055697,8.061665191398887,49.80638231338242,24.845502291162692,18.14095398076665,0.0465527238783789,5.409400628687022,0.13809598989331695,1.2675330698333944,0.951051859210944,0.10776402405199446,0.6253819070401152,0.12004435286978288,2.2670490323723773,0.1414907784502892,0.0008155879800114037,0.28532668145770823,0.4697182222212422,0.17216519964186816,0.19508014551773875,0.41699184114473054,0.13704216716642817,0.37477706692802565,0.0459272824824406,0.08912170727465667,0.0218424294636893,0.0438842626648914,0.00012078404193526283,0.010304666875062535,0.004858618593551087,0.002929583550689863,0.11405723710898043,0.00010000553992108048,0.007186573732870552,0.021314123716472875,0.012048198391302604,0.0021360608609995316,0.01106054905365232,0.0012582894521060465,2.9385882370688743e-05,8.607008245045957e-05,0.002251373703581456,0.0013712922808025183
01294.dpt,0.0002545352512855907,0.2643987406162443,0.32852961897138655,3.379469711017052,2.3494200615068936,6.168421893708081,41.494870443345214,17.29660065746936,15.856392472867658,4.0074578614315435,8.1682059752662,0.6673353208708337,1.8002458592410508,0.2346403338927709,0.33055125435413235,0.2685611345797647,0.03195960791202978,3.1505589622497188,5.535974991251483e-05,0.026702991188849997,0.01312540933358623,0.5557745787645444,0.3366988149576441,0.3014212189164517,0.3306355575051222,0.1588184714303998,0.07109504158270168,0.014070669247033834,0.26487971894858275,0.02308462011585724,0.22648649948995367,0.0016602039968756483,0.041232124217352964,0.004277538545181489,0.03826023318005427,0.013754387048967193,0.0014323583446595224,3.994577125797607e-05,0.016591938629929748,0.00524595101499742,0.0002501827938384491,0.0016087298377783848,0.014845332305013718,0.009281184288435523,0.00010099020735444868,0.004364627753619735,0.0024793201863973833
01295.dpt,0.28558342630717676,5.246516827446786,0.013325003112134356,7.9490526613303425,2.7096139975534927,5.722272082453704,33.01359955477449,25.639339625159923,10.621743973891734,0.6481410394962518,5.174439820214622,0.10483164188032024,0.7723741958593329,1.060929238800396,0.33821424353221624,1.0607772533643935,0.0010270834593867463,1.7607826975588914,0.13538436487529348,0.027523234603013088,0.17819317666444504,0.4671999692411325,0.28552593701164736,0.033360491130385445,0.4170951352291351,0.09461257730152971,0.10029149264636839,0.032014672232304336,0.03832458023232242,0.036892196095083325,0.08167367904688036,0.0030659905828005567,0.00616844474039364,0.0030278389271773676,0.01830558881645881,0.03969840209205711,0.00984400305616728,0.00013707868153337846,0.006928835191907915,0.0003450989482500254,0.00043094258182928123,0.005671576586635783,7.518736971727022e-05,0.0031132260972298784,0.0004370295809343426,0.00023627450645582186,0.0035428543868791084
01296.dpt,0.3172713303736147,1.4368957161866667,0.6678440454760298,4.105114650753879,2.9392711069408666,12.434931280525506,42.58995469234666,16.634420083562073,11.76660826577198,0.10073623844915444,5.036553090634662,0.23623929732878685,0.9488791438924234,0.6546115594597492,0.38969111228088815,0.7550045120983606,0.010881541735450686,1.1614986921857953,0.035948593491028684,0.05723694807162052,0.21758242541111614,0.5932998311687127,0.19706164792044306,0.10559867925807288,0.36854111242562276,0.05305073906507612,0.1235562554743155,0.037781650826585,0.06992806195779348,0.05015063130172435,0.06305927300821262,0.0017643890980426251,0.006596493285373102,0.003952027021557669,0.010963685094467199,0.08458971833583195,0.0004274698451931133,0.0007777426600048393,0.015628548193341103,0.0001232180945371163,0.00385744221139593,0.005916324567684118,0.005824028146941678,7.858119501924289e-05,1.3765206971730437e-05,0.0005770288647524753,0.001402634634123255
01297.dpt,0.28523850085851254,4.10826744060611,0.28363193956255106,4.724701054362718,3.0413425118037516,12.7566045425281,32.05335457210796,16.956555285775384,8.527754746844918,0.07490834049669401,3.7399298687674025,0.08422615228886217,0.6042379144199854,0.8708304548580861,0.29059526895926363,0.8607090560675711,0.004044442993910369,1.1792220184206246,0.07294880512844318,0.0043632019595329485,0.10449045105917056,0.326584058501531,0.22029524883033347,0.02788359206397651,0.2545293620983612,0.0768548233837739,0.09260063902367946,0.03617098049960138,0.028649573940027127,0.01926508539499281,0.05648209428827949,0.002209052059406053,0.0015612358071101285,0.0007737964830205044,0.019655671454070402,0.023581265459446315,0.005142320974974617,0.0026378383936023174,0.00431460053491361,4.3945639766846535e-05,0.0003372800614713618,0.0025228474798812237,1.0094832752048198e-05,0.0013001638544919106,5.9899670370489084e-05,4.798414272915957e-05,0.0015426886807779156
01298.dpt,2.3550171331357324,3.331273355840045,1.6069094558926607,9.255564997850326,7.683238792389781,5.5824612113804175,6.570121015044212,12.337759021165358,67.8433745322408,3.139872224862531,1.125220478676347,0.7892302224000789,0.6071119862285055,0.4107576326618988,3.7762051376734735,0.08617795826178815,9.153030057526536,36.87975417410177,10.274742651132522,4.906168102292144,1.1394289756351952,9.020077292769402,2.242435690337014,118.2702102547626,1.4812391125266542,4.640853907620482,20.939753954371714,8.728251955599697,4.32271886709337,4.43483586098007,9.285249560979768,4.360299318337565,9.707550497613108,1.1823809781150973,2.761276610883497,5.431344355488492,4.015469672149376,1.4445403962488772,3.124561357427197,0.37538604687391885,0.08431431836752747,2.186764620951521,0.013700695397867278,0.24185468602489446,0.12433582459206387,0.8145863429131742,0.293654492718349
01299.dpt,3.2303577338657963,2.1102058418441687,1.8754761426654785,8.171362485739786,5.619672732254254,2.769872903465153,2.5929116455926358,22.993090243887156,51.16903902302738,2.0375263508100896,4.208367957912654,7.513382438305538,2.554388875899659,0.3373285324070804,18.279446403605473,2.0657819052963573,33.75043837277037,53.63876243759328,20.30772244170585,0.8539590402176606,1.2609972157657272,14.5585697873837,0.9974910162562922,86.04408975351701,0.41317477504076816,6.410403189305453,23.332015559436016,2.592240739861015,3.8475231058160744,0.6520662536761523,1.8279868302403224,1.078223423824097,5.927091608201304,0.03512450573498672,1.8057679431741047,2.7909282884158135,6.15821189122639,1.515488351122826,1.6586279256022582,0.04870940155047819,0.06492347750085248,0.7311601809743268,0.1156002619653748,0.002666338267969936,0.00011863251405254624,2.2359279140968884e-07,0.002219541348120219
01300.dpt,2.287552557889348,5.452702737083493,2.892795437586524,11.326675828950405,11.424134939808678,3.77854093836871,12.62379263220997,18.780261753814457,69.63770039785082,0.6246116145178058,0.5857775032815362,6.468952207557652,3.069166755342687,0.7439901199055798,25.38305101363108,6.121561784985521,14.753414140460656,52.59516448639441,7.728490621927283,0.2502494060167013,0.3735589054057691,12.923426570348056,1.7466413504070644,33.50106199690042,6.028913199161436,7.507247947332941,18.732616332562134,0.05903094957904672,1.1301329822342019,0.07487690286584171,0.4123653650621302,0.21031191920971654,0.08105015334269373,0.4886019041012707,0.36014212323070205,5.321766401589785,1.9599482952767497,0.10863679991479414,0.060996131305274086,0.21266132789990638,0.483279346492709,0.03545052835177847,0.6940663013965119,0.21559694275762212,0.6102318775005718,0.008885681777203516,7.82889396544142e-06
01301.dpt,0.20752744027556536,8.707705146640006,3.6596595190375925,18.4204295970832,9.740961156070956,7.817963940838166,43.34873197863889,41.19288057833876,120.25184133837082,1.2443008808447305,0.21422788024591807,3.8411159587475585,11.4625424322971,0.6364329566696415,7.035646254256017,8.707180483038103,3.1056648479396234,24.94634104229274,0.8272947963959397,0.030090663457468438,0.22818969403431755,6.801617571972103,0.038591825381385496,13.50634879584747,3.935589853083727,0.7296687997976874,1.9843911640079293,0.07500859506353336,2.295922100788013,0.18257759365098258,1.2024044054311835,0.04518273370605404,1.4019815377238127,0.0017937007463730804,0.20778169346060954,0.023945817072255085,0.06256349040809717,0.034965945571827,0.009539102754501037,0.1110748847210594,0.001317934545276336,0.005920842031739053,0.030468902329078944,0.02142672690707724,0.0885775405509552,0.07566862759754887,0.05979966485575908
01302.dpt,1.712006478681087,3.1884766970031286,5.6707268633052355,12.319872632931617,9.745716494465817,1.8287782248338427,24.49147859110123,41.776645900978096,95.78173650515943,1.585139574731507,2.1354745896230143,5.5672898024192214,12.485886591869036,0.8446179401489518,10.624402877682764,5.787969247761294,5.690121497877861,32.655385736527236,3.1324979159526043,0.6689588580657254,2.4141348684876616,3.6865198435139797,0.11562137982042771,10.999836421699515,6.103419928084206,0.889305926176402,2.909993298137859,0.15302423717838728,1.5991454431867593,0.011371497867087622,0.4339402319633302,0.025169070966279426,0.4017297633370762,0.006212776179799708,0.04878913849279311,0.09240545776918244,0.01938204290762724,0.24804310459320766,0.006892433961723447,0.05646341104630065,0.05683275389442554,0.012741645492497464,0.007566176915719527,0.07823275298842992,0.13314608752138996,0.02804950385994952,0.030226362668693038
01303.dpt,2.0198208540113214,0.7619633125118089,0.8595273357004809,9.342910207441506,5.086486025272712,3.5312218054510938,12.09547828127221,60.44569332929932,36.8091606832227,0.22074060378327523,5.907099260967936,9.853103031379483,0.5199717985237445,0.36228562104615375,12.409028953957774,2.351135160173667,3.314742210106737,21.958351852955673,0.213286062630757,0.8905301474575295,1.9940434713948685,2.1327581197491567,0.2724066783305984,2.591434114060488,4.284879614749945,1.3411834431061382,2.664074211975853,0.1524687562680701,1.1405029691185256,0.00224578279574922,0.10148267503612055,0.00026200666931766494,0.0028535650996617122,0.01995997258822457,0.03946217748679779,0.6556634765860914,0.08361615667236667,0.00167069857907726,0.17369067045715686,0.016554002386898248,0.0011863170947499196,0.029633803783053848,0.0003682150569442764,0.09770944333276634,0.0032788479458229695,0.004742692613600234,0.02003277793291763
01304.dpt,3.4868375071549416,23.95603541119002,45.03878976930444,67.40971146303983,14.119117227552602,16.84925362305533,50.22321424649194,10.590876855646409,193.86255497046346,1.3646645479912827,0.08922110868691051,0.26964165721977573,25.422780680271686,0.6087891266451045,1.4340427228819792,5.155965767458587,0.4646396449840919,5.276508778264852,0.7058901499037145,7.32061531251233e-05,0.05301842829284255,4.369155871082143,0.06805173498800844,8.550860134947731,0.6156357508035107,0.12134668770611738,0.7399159046780811,0.036677404239496114,0.5279122688868909,0.07942353596466972,0.5669444407975228,0.02488288022416865,1.0842968508919828,8.933490644014902e-06,0.1512397594376478,0.12942162765604306,0.12694877778605476,0.0015488547130729608,0.011938222132862511,0.10683539597764231,0.006357026530075499,3.4217975225445966e-06,0.029631019095731976,0.0007463351068768721,0.06722411731628715,0.03130863841799461,0.0020320018854196624
01305.dpt,8.5034444138999,49.58819422154459,71.61340029760044,89.24828552166142,22.693597352090105,48.011096174042606,46.26427178856722,12.378232694032462,183.30560191342465,11.116206230677548,0.9515480659820873,0.47853350304172193,9.29516759243555,0.028514221366958886,0.09214705543673257,1.705655513958955,0.9011210557749931,2.1848415369993957,0.5628667721033088,0.014861130814169898,0.043448300816139776,2.208696648837143,0.06543043374594777,3.7910153382239953,0.027233286050232293,0.037547895041212094,0.6391272865080713,0.006106603161162019,0.036326358818595444,0.019142883373543074,0.355316348602485,0.0022731844200417554,0.32987429478693747,0.010101078262721856,0.0018302778529165453,1.8882949496238603e-06,0.038795443877179196,0.009881781399180183,0.0003042878161984592,0.047501988893512724,0.009404502983157524,8.893628120867813e-05,0.04743867522131139,0.0030083285056919824,0.04075112721001734,0.0066571100324636845,0.0006431717058790527
01306.dpt,19.068457607313547,72.95899589691786,93.11227333253021,123.91790031518529,26.63694469661664,101.96120269312598,24.826389046997075,24.41935935999728,248.1911265928877,42.23550304090772,0.08805218495234399,0.27769037889878584,0.00915015299549723,0.2800399733166097,0.11568047873205582,2.034881719108879,1.2427144440342546,1.7384233860332081,0.2563997169245543,1.227666644085342e-05,0.2235657635587583,0.8992748313461952,0.21043013640451283,1.3177836661672604,0.065477720746459,0.017123996414478912,0.6672799555835865,0.008260151491187416,0.0020935607314037327,0.0083210755491413,0.29910916135089916,0.13112745226999908,0.05975774120961368,0.002671331371720515,0.018037053835294966,0.016124721507311326,0.027066196277787506,0.051759622550588365,0.02344760634826742,0.02999530508614949,0.029543374908272406,0.002392268349801529,0.043226040412920094,0.001618667901982829,0.06178921470902492,0.0011346345407243232,0.0004798546020689668
01307.dpt,16.285852420771075,78.4752858210527,160.5830464972983,149.6884559953702,40.10905621190529,105.81769930937608,24.01663800529619,0.7925477055277028,245.0548232145896,10.817048569998837,2.0971183931620327,3.8203969245613774,6.11439888160828,1.2291109919730454,0.0024378258551542528,1.8977570166726034,0.8783839676661738,0.5470398762509648,0.24733906165256223,0.19397980616404506,0.03926493707763882,0.9102461382375329,0.012532941735207165,1.8390123635761872,0.44889111182196334,0.008468575085820228,0.7932814356326241,0.00974399228248524,0.006983583787269434,0.013939092325108498,0.13849018954330536,0.02535788825915319,0.04701977884079462,0.004917768881835657,0.04077601393326825,0.001353015164795388,0.05196113612089306,0.004254232668030578,0.012639359574628329,0.025195717562844944,0.008493099153075527,0.010672337388477622,0.014166095597524478,0.0017243605901627317,0.021161794351768654,0.002044572316546907,5.775748882839353e-05
01308.dpt,0.12160664939624569,3.691143136163757,0.12489450390855236,13.184214238533658,2.6971111897248656,17.948391869803316,36.0742603962904,49.186396585647365,53.252720821198515,0.05300890057505291,5.798790588524568,0.6027196866508083,0.9579558824425081,0.2672297175212737,0.845740492912132,0.08711335331382403,0.43480768254929575,7.313649525944079,0.39491494255132426,0.017344979048890707,0.7383399594664102,0.7181780566012864,0.24545013006764183,1.1868189983681117,1.25784219365562,0.25034102845816775,0.7434535954737506,0.048349712543380004,0.2606537139104702,0.011834368969858905,0.08125904741634465,0.011554738826817715,0.10694199648207144,0.004385429425962253,0.003452006031998905,0.020589811126035716,0.0073195115076689085,0.012201449071013767,0.0172892680291484,0.011830145472921284,0.0016106705960890213,0.012604809501809236,0.004758915170364847,0.00237048099035086,0.0022780510689703296,0.0015202015707824015,0.007816899914229566
01309.dpt,0.11974866582059909,9.061878215314128,0.6814508087398545,10.59207566443408,0.7668239447084277,10.14305089227875,32.440142543094765,12.46083338135413,10.425681185332861,0.000421980454136461,2.5153322181927087,0.09185072514796047,0.535661966017002,0.5434264682916661,0.1273968486720716,0.41781563388432863,0.030537755995723354,1.3445334091354588,0.057756110287298656,8.186709828048144e-05,0.12145247957386816,0.22840445667032847,0.1427972503338315,0.04882483398057809,0.19052507402451735,0.10179950397586748,0.1581069611118012,0.02346857442118001,0.05009760599139502,0.013505761941799825,0.025072535955715493,0.010423392327350626,0.0002759570130436185,0.00042637345481019685,0.004123382498930659,0.031588523402519934,0.0005021406891499621,0.0014351068668813822,0.009514702127395436,0.0002820124054574419,0.00027047639900924233,0.0011614004651394158,0.0021202717735020428,0.00026113510577765125,0.0004095037118570981,2.1281943795460727e-06,0.0007946822145928045
01310.dpt,0.6182544189417554,22.087774592128362,6.3331105527127525,24.453326031564846,5.56158956673509,22.342941556573056,52.19576751201545,10.174089407167676,21.50011780659354,0.19891079640565745,1.3885416624128257,0.22250853504619475,0.41998355841417045,0.22196092144948779,0.04822136827854841,0.04170668141071948,0.030756779286976874,1.3028182781767819,0.08425881876905476,0.009516521105825642,0.12400311373146182,0.286252651790042,0.026559646603154737,0.09784364893673257,0.2163220242292273,0.06411701872407742,0.1987877703894632,0.001259573334690546,0.017639363915210964,0.012902534867838253,0.004756653470479695,0.0042707953026501835,0.015564335824027923,0.002243347397829129,9.866039440027409e-06,0.03503211253560181,0.0015827433265405183,0.00015957896329560649,0.007024655243841179,0.003516897697171238,2.6683675621545823e-05,0.0018033536570485668,0.00045090940707362084,0.0003118374390964974,0.0002328120533590996,4.367886389858032e-05,1.4974876744974863e-05
01311.dpt,0.1160951161658199,10.762793016537415,1.205704805376808,11.231596911944331,0.8390597464962343,13.788058927007915,40.34685268808037,11.715474196407328,9.773323864404752,0.028155608661135673,1.8088169507276397,0.11002374826581143,0.4813045658729719,0.37271834560566547,0.02831528679860623,0.18316232625218898,0.025904851485242738,1.2700218911655023,0.04484726278401115,0.003980210908130759,0.17363634230679165,0.24027331627234955,0.06874203180776652,0.0471346263512903,0.19702597284156678,0.07669091846218004,0.16352113123103731,0.025134358107779014,0.043781612094048045,0.011236101769441287,0.004138972129514663,0.00021731871067262988,0.002153807343658178,0.0015765020794365511,0.00011933254287239371,0.0502911925281922,0.0006821273302776016,0.003546169723178149,0.009899406776503694,0.0012136471254776992,2.0236542435517247e-05,1.1275318777243844e-05,7.322783104524237e-05,0.003479408276112389,0.004282488749854107,5.7690342251353226e-05,6.265578850154776e-06
01312.dpt,2.2430780549490406,1.2635496286535608,0.43511585811012493,5.156693253672688,6.4365127215882945,7.116523083157331,24.84298173184838,17.100843827580647,5.630957870516553,0.16844129429159674,3.492006841992681,0.1199561621580304,0.5656112364879543,0.5101685020283487,0.08620961440124163,0.5322057821773347,0.03197472409661185,1.1994245752290889,0.021102156267630984,0.00022672454750654648,0.14729761996018484,0.29705999833660185,0.1274912580722811,0.08586937802720926,0.304704842952835,0.06667685618659992,0.10556945976747485,0.010368122651166729,0.02401993882319629,0.014160791094124344,0.013144149537696442,0.0006231834710942233,0.0010951517279050146,0.005502864586282075,4.95630771429305e-05,0.026808340859563583,9.281960428605633e-05,0.0012587821079583002,0.008808783360006777,0.0021254477364297726,0.003004876386334206,0.0014373798124235036,5.602991205292064e-05,0.0018292584491847066,0.0032009583064745925,0.001011564043463542,0.0007906386535846016
01313.dpt,0.9424678082122561,14.678050512203379,1.286465915827179,18.42751605733743,4.553125140096644,7.873532157964897,28.006552106147165,11.304208975996364,5.981122372383471,1.7567047018650312,2.388590358030005,0.15419548087610824,0.5108549089967146,0.006722895937362052,0.03285781408611195,0.02558622747837817,0.04328469483828352,1.9131964677642093,0.003955672517868865,0.0407095344983854,0.0389478831480196,0.2917290729034908,0.0402109172762175,0.15140440405960806,0.29487122580444974,0.06539401335150036,0.03200343713025965,0.002712953727759293,0.13694836021331488,0.008773415549562942,0.06307290055611935,0.0027673910843786526,0.04620954838284599,0.005185360556756659,0.08895051627941104,0.024151063027584362,4.435400402945707e-05,5.830359201084203e-05,0.012133329303655939,0.0010544864390702583,0.0006561739226001794,2.5339517238452396e-05,0.0009743641986331615,1.2635573246498022e-05,0.002299461971590188,0.00043794113281364275,4.974504812607272e-05
01314.dpt,0.2460555678052315,12.73733341903864,1.5106730804224076,14.857579958603921,2.1196492975782455,14.100317614935054,40.51002257987065,11.532812699773675,7.832364170698238,0.2152889237212412,1.6783395558443093,0.18993207512196972,0.37866287246515806,0.2721498844410622,0.14429524076604758,0.32502502728783517,0.00025175672853439737,0.9503986272947418,0.03556748583638805,0.011664967456562972,0.10005358321857255,0.36832551549115244,0.049772120646454976,0.03809204670612236,0.1983785962001664,0.04185612692972463,0.06101636004846594,0.013169638197678864,0.016746504704736008,0.010008225514187565,0.020692018753978827,5.8174870980488066e-05,0.004431167464409619,0.00019443830236885688,0.0008795880512612466,0.015440521280592992,2.6210597126516108e-06,0.0017201621504992002,0.01738501100523579,0.0006988642210556638,0.0024331591766026594,0.004980975182040962,3.637997946480994e-07,0.0030334177705292585,0.0002521591482325474,0.0006478531563253923,0.00280464204022564
01315.dpt,0.1631915181071577,6.783707148143345,0.030963690731916547,8.563226957607961,2.6088679721394126,8.794196318576033,26.797610352012995,9.882791197357536,2.8097944076876975,0.64490318836484,2.908236948322956,0.1711561390100034,0.48889099025367033,0.6171084438874157,0.23523635001679913,0.7955806285511307,0.006756992873246023,0.5319426735699236,0.00014180616915429055,0.004438093550198463,0.07591444733020038,0.2997280220260902,0.14134901117187704,0.026330757289293984,0.17807622961519692,0.055926526908286055,0.031162397004256277,0.011557666281166563,0.017979733190845334,0.02892228016438042,0.062497992497332976,0.006609637577336552,2.6383925499697897e-05,0.000736204456659405,0.009068329841776279,0.020887775665322437,6.257721609423462e-05,0.0015273081579570648,0.014971891644274166,0.0012023023291314046,5.242123082978636e-08,0.0009710857475862685,0.0001360949711501253,0.0009811330147267332,0.0006417939544457439,0.00019273276448266238,0.0011367053119148843
01316.dpt,2.1086178185117914,2.1127176482508743,0.3220994458094408,3.0687058131015137,5.436398357354218,0.26373205579365466,7.454059520086967,11.197149230958733,0.11805478592409006,2.071452224069336,1.3627963883358503,0.0015458860843871108,0.5341236554192174,0.4295558160867996,0.12512798220451296,0.6384280100961526,0.0022439189317743037,0.4609601012244888,0.029627102929555768,0.00017287676648117899,0.02425063960640118,0.10632396830005282,0.04190585593745232,0.028760390284410357,0.08757807494345575,0.02688345583459904,0.005429951607141289,0.0032369402400926417,0.000498502716927301,0.009909247006018492,0.004294947370036698,0.0001878301700167261,0.002712117428501036,0.0005176441112344447,0.017578973018679885,0.0018323585704753185,2.252538538714963e-07,0.0017756208255026002,0.0001856597053571328,0.0040644808634951865,0.0026010694294046873,0.0001652647401278426,0.0027513831860653424,0.0008578819436423708,0.0009896553637651503,2.1728250511706606e-05,0.0020089970969311855
01317.dpt,0.12299879458164945,7.33349742326741,0.09959281409868927,9.139915668112973,4.849632111478624,0.04461114497318427,3.753105761962087,8.150511831137328,0.35791568208463753,1.4960284698421862,0.693501597253706,0.00409350499513836,0.1637167999604287,0.18612167130646962,0.09910029638135485,0.2809393425744341,0.006374133653864506,0.28672352493079306,0.001494458451472201,0.000995449672331514,0.003912298891157517,0.06970900199540168,0.013488773922752674,0.01311133777295379,0.04197434498620504,0.01690936488217852,0.0022239922584101437,0.0003742775315090601,0.0013984459548066798,0.01303250788894859,0.006757911411033824,0.0009811537542096928,0.0010149145312971486,0.00020184353582320378,0.009658020850878682,0.002091509691560094,0.0005072498632834732,0.00027866725394770246,0.0020486636564664433,0.002394525977327933,0.0021223222723832516,0.0004082903531070405,0.0007485472766020981,8.976874244853451e-05,0.0005933440495933785,0.0004236192077774368,0.0009378292665470513
01168.dpt,0.010181513973895794,20.79143200394022,0.9735780845274667,3.7441985392245183,4.436036317798809,0.4319785579517374,11.237524468549092,1.8613140511126263,233.37246692206912,6.240511709680926,4.300520400116854,6.248153295706677,21.76504344368223,13.417082076138309,21.241904266865145,8.055014103943195,17.418837599071267,9.297219581308132,31.211706517269462,1.7248013124096695,3.583004942690458,1.0356872770272985,92.45761138675097,257.1629272868759,112.1742076612058,3.277214451651714,15.157272601625635,0.42449058026092773,0.023158568771409517,1.9393327609499125,0.5876126532126581,5.568898566448847,0.08096030461484062,0.21977632547344197,0.03330878290536884,0.1274151038052639,2.42865846432192,0.14563975936167275,0.10508704223708004,2.9064760467710182,0.26051568857678004,0.8458018083379726,0.06808865375778653,0.0346730417803126,0.07291358565481952,0.004411938756755221,0.09406886086082462
01170.dpt,0.4885699957139422,1.2956841055000234,0.012667456972487862,0.019474734899908207,0.38248303607864736,2.589385549645322,9.52968498915629,0.47125131182536084,78.98624027733531,2.171979937880897,6.905480665291057,17.819672150539965,8.074862293598366,61.87620207724465,91.25576275064246,9.120634918816307,13.16201120022325,95.32854164836212,26.106088988111477,13.075072585323321,0.08664104086214758,1.7273633525057135,17.485434225931318,332.4954008423578,199.04193447879877,13.031321416856123,11.322372839930894,7.41216955031777,0.5010841434617507,1.9288009968902224,0.13271601592371646,11.383691189921569,3.3774100800889033,2.1192731378309927e-06,0.31725261669835836,3.2347985523332596,1.184886147317094,2.6291071078273247,0.24480278256628035,3.0835422499800518,0.2506026909625334,0.1737202742122681,0.42924768732148066,0.13428025860996107,0.02118012043832325,0.036481006840891936,0.07947657565500404
01171.dpt,1.238020708333977,3.063529136467541,0.7316240435626065,0.12810032618421133,3.127737622337967,0.7334194001658486,11.532610758509215,0.008840347050202509,96.44443317042789,0.7134055052034489,5.188188979911204,5.444436674625989,3.3609439041448543,47.00398856237883,68.97659255954403,6.288092994689562,1.7682701542719186,50.160803319010846,15.959517042334118,0.10396139786618007,0.05438134721355632,0.12336741075540807,29.431815885002223,237.7687572886689,103.42938946904259,9.727064997991464,4.811507990563218,1.035347188534837,0.29110134852698566,2.4577930646913706,0.058800352948495734,7.124903233738768,0.08080229506586747,0.015895980516569253,0.03729926674741676,1.1435527711782945,0.5863306124086202,1.0583430947553365,0.08360641038213046,0.8009160701667876,0.26000882795118463,0.04833853893260357,0.018037152346631537,0.07727074751536195,0.011060958711298087,0.1557932722993534,0.045381691391362125
01172.dpt,0.08139584282459654,1.4726675259597044,1.4935008096413678,0.0989474066308719,1.3603695397106386,6.871187783841748,11.474720182491566,0.004826615767104826,61.141128854219616,1.1862424272625536,7.932963760605308,36.75497504143424,5.073943799104491e-07,45.286792218561864,54.2234348835795,12.623214792752176,15.939067519034154,67.01820657349616,26.725314511473893,12.616244752089916,0.5155671724450597,2.657112659294658,12.355679018113197,178.10365805929143,108.22077510178221,14.815960452733268,5.8508558511494995,1.3920690773984246,0.34810734744817984,0.06230047797516281,0.47513189238714076,3.757408249316949,0.043487579761536804,3.6778292005403297e-06,0.08240025636464415,0.4455145203131739,0.4719067972063239,0.22950052851819305,0.020116534981651706,0.8115316273284469,0.086131775803817,0.0433809841353982,0.0017936100691753637,0.057875006236144125,0.04076461186650302,0.1602734777664155,0.028079272172441983
01173.dpt,1.2012488500405878,9.718296732803253,0.4818064609798122,0.8259569277508071,0.5951797961697552,3.874481608166433,24.36453005364227,3.1298654639042316,220.9364434970513,14.80278271893402,3.0980360828065776,31.97066777174567,32.54230269266634,50.897224995912744,67.68735202240282,0.008488151824699808,14.815351694310703,81.93078875122454,27.777194418834412,3.243667663394245,0.10319328663420546,0.0001784753862768353,25.747884807092667,200.39240332938883,92.00925795552409,8.217432355160254,3.8481497937348426,1.1595911367726097,0.04172108200946236,0.7029891680762325,0.18533222431430665,5.579330346575673,0.012378773664708156,0.17972477370776999,0.3238478592787698,0.2975885780976319,0.23826955817333492,0.8103797931838641,0.015044497911679057,0.6698389575623647,0.0754027615958361,0.03444247104511645,0.03409132917733233,0.03462389658474554,0.001009573759267201,0.06171775179769414,0.08057030548331405
01174.dpt,0.024759831454275155,7.611065838466224,0.3125211059695468,0.6459212417647181,4.467017596625669,0.8182248307513471,21.141547036472108,0.5713236980706281,173.28222993404967,0.07325653183894076,5.044936551518233,19.409272507193005,13.589112843498445,33.58767055547428,30.236434491868938,0.007957198509354432,26.21421920281144,23.243138643650532,45.98385129516958,0.12290172341988116,0.18934048444443768,2.4063050048334946,16.98640133590656,162.1478269731516,61.65247422910691,5.014931207757301,5.641943726524584,0.2419193276369351,0.218250229079705,1.0844737798844566,0.002849633822012923,2.971778685301679,0.10005785982141363,0.0016889821972870945,0.007800144006167101,0.2629698812643731,0.4139773257180911,0.31841300846222503,0.004362295037774033,0.5174601062330219,0.09697087657538359,0.009071215492084206,0.0004842564948390559,0.17071456330272694,0.0011295037753463804,0.08097915698362912,0.05534484446990825
01175.dpt,0.1426823676456609,5.419017759944254,0.055469695828564314,0.2572489770282609,6.130924347461414,0.3832049285820046,21.722942460016167,0.03542632497295488,143.08643663604147,1.8768446237695167,0.6064302524824763,10.649573762362472,5.825484517311278,13.759519360212481,11.493676187407596,0.11635062882376558,7.694720549460244,5.472290636035214,28.19945510301445,2.629669081879298,0.00011552809864046268,6.167965325732185,14.91960252439837,80.39475672594655,20.080245542813707,1.5422375503743773,2.1766938765226347,0.13090484952455353,0.3619211588272348,1.2021545974870778,0.012592992644376362,1.8740315440284354,0.4857215183695384,0.0627918493348948,0.47813833019268237,0.7228606778030953,0.23522514236518333,0.2855100934468559,0.004421310644639635,0.15887605287871936,0.13185405286720162,0.0005796926069861096,0.010334802659491169,0.14268800243912283,0.0045415288416084335,0.08927970857928191,0.024945101307979965
01176.dpt,0.24484493479746827,7.164368833449184,0.029799430739125568,0.42241975011384203,1.0464079869328233,5.110657862260356,22.48191068073482,0.7002080262614184,160.47871560655153,1.499906959507293,0.11539010869502261,25.822292121446683,28.10325573285496,12.839726314294827,16.243597500884682,0.025894323259376475,6.607146660388666,14.532071319687757,22.81165716150352,0.3617636991205552,0.10697853161178257,5.717262378620638,9.215466659458059,57.64329286701207,17.353604211021366,1.7819895923983389,1.0839885435421097,0.14922330971943235,0.009748283437175327,0.5228887821916229,0.00010697494047878759,1.1088384485813614,0.15380375451221467,0.06404759378324013,0.15109750800785246,0.2800391134678551,0.13014201149257112,0.1599486906825518,0.009407081092966663,0.13657361839351773,0.08361250642439977,0.0012286001690415863,0.01260455697565404,0.05004241614013503,0.0013401998183311743,0.03463816988039801,0.03012876091211469
01182.dpt,6.017421334147321,63.62703028003186,48.83849187257066,34.26952794545949,5.491475226657179,72.65179064230956,22.598311249196318,82.06834153805416,667.597955483988,205.22138822791516,59.74327459833217,58.75260024755134,87.00997537222511,80.01943824226004,10.405606942679322,11.370284107481677,51.7248132995534,71.83890475409042,6.65245757402648,27.059466779008044,8.746792614070275,12.52906353681294,119.31434326665477,300.2441714662828,133.0628929337132,8.232151854722183,0.5267714322566777,1.5805263241233527,0.12243709230557971,4.187479203592371,0.8039513188028142,11.797072586089515,0.0010507645044212572,0.06076095914628722,0.0060889222362470255,2.353995196743027,0.2346520228635043,2.8534233135834928,1.4704195965299274,2.967382536536107,0.5364271936669809,0.0005389666211954995,0.14060947106150654,0.03420041754949882,0.004329544760419887,0.10938669063791769,0.23322274099900697
01184.dpt,4.646558216174345,64.6384707113178,67.32439801056267,38.595252440975294,7.929973683467146,77.1726985387894,30.37384962478565,165.69655400890488,687.3922252513065,241.14857428569405,117.53403160642408,37.941641602983125,63.15314473560577,84.65290697539332,34.84155012249059,12.377485672540134,33.19560377255191,71.5445632827684,20.14064912307037,16.673957394674634,1.5839796903681616,0.5534807911237473,35.68294182654789,145.5340220909051,55.07326826072596,0.001893867065426503,0.9773084405787577,0.11657583969929215,0.29130816984290875,1.5192477801688127,0.07201961125941271,2.6137132445979883,0.4224303254896392,0.155339588592589,0.019867323909113725,0.0025517518455193088,0.09500489639312014,0.5987809443841644,0.052717026584295855,0.09770721885086119,0.159149769790764,0.0003059419176313522,0.01707058048531987,0.002837358213000383,0.00492926469003053,0.023737589879114236,0.10308003312942651
01189.dpt,13.118407183073483,77.43974198495972,35.38213478855598,37.225916080371974,1.0901899327311675,126.51521143344758,17.26885490558232,6.608896355364078,828.1391602157612,265.36937548956286,103.59435117338043,100.86861122842824,28.25634731117637,154.23203717763437,76.05518971855976,9.602308159503373,17.63013096306873,121.16178457457106,10.664439675940104,0.22283968537041998,0.05811008658823807,22.18918280982446,59.84864029846632,288.3639391020655,200.30797963707394,0.1853814958072284,0.0781792560916091,0.03527061736153409,0.47336390929441075,1.0013725692339144,0.3186227789880386,11.224438563339756,0.34813112523161066,0.8530386085753608,0.10156674547339072,0.39366850527024794,0.7197541704517011,0.6017872139103019,0.10816218299787846,0.19839198731335206,0.2921701877571211,0.00808032513197838,0.1257718504649208,0.06073822209365786,0.014728030643855089,0.028030067669747187,0.25226575732253614
01190.dpt,0.8263170309756775,31.2394823805514,25.845133534024722,15.502653356809398,0.4393200030533819,32.4241257398518,26.543950274509477,23.445899135848105,416.02909520818565,117.57303459748657,36.55399887522274,32.200921110512795,42.948075725791604,107.01313735640572,101.32955480618615,0.2376362858873558,26.74781016668155,114.28747948024726,5.1590800064808064,1.3839165561983584,3.4951653900383586,4.002116492526023,19.308441061634714,178.68867598298337,67.66171036769698,0.06517764331580554,0.06625140252349032,0.08446588341772557,0.06657388201671735,0.8752608511765135,0.7192353442819488,7.525417999376987,0.1187134951182659,0.040917882230771016,0.5717231153257152,0.2987007544153371,0.6879890217760218,0.6252422734598453,0.007163035853385995,0.4021228407745085,0.19173045121384216,0.040089494783725074,0.01905290036814857,0.010326736519762127,0.03535631139053979,0.011086315754249254,0.09505413847288104
01191.dpt,1.4498214933407179,22.801394304631657,1.2061087643109376,6.603723343533717,1.257746860034509,36.08804045324531,22.765547343306835,0.21255419666570266,203.88582957930004,27.72686024865765,4.4359288952216795,41.065729200470564,0.9119341885567593,33.76537991958027,18.533144278659798,2.978660841134584,10.09651588277404,12.63098427849402,13.882098385166117,0.30492325335960324,0.5331677566085573,1.1546491212700813,4.190493147232296,29.36074984383176,5.669559841461929,0.8579510041082935,0.05345697494892966,0.37489265906958763,0.0073195803080180364,0.09595101615113336,0.34851998190789013,2.197503866963557,0.012549373153254894,0.1571271976857283,0.05691408815503696,0.46135240014686674,0.11936320475557254,0.08851349871985213,0.003244557833747505,0.09580981355997072,0.05495109376660283,0.004818894510180693,0.04180271015603438,0.024776334226176797,0.0005286581942126911,0.02339872351579297,0.021718781438814082
01092.dpt,2.829437683756148,23.379612634837798,3.387533132133275,9.730413739375196,2.5468196232737608,49.85826625004354,23.677380726943277,0.0748959768057608,271.2053900401135,125.50368094662703,2.189352574647005,79.1992628245973,42.375561360743895,86.17329899679683,69.41174408787238,20.32309418452492,4.70843334724977,137.66793014882094,10.26578658603959,22.450095944911475,0.3200693421595695,2.986640896507619,40.492948074087344,145.8597489182022,215.58033592566446,3.9982797840550903,0.0038810932487054564,9.281891999449408,0.04636759734730481,2.3562240249558983,0.2570855297993235,17.91687997419872,0.18885581666485915,0.08229028488813371,0.014884189136431263,3.33055011644876,0.12880653968492198,1.5362648794792833,1.4739710562775294,0.9030467537019627,0.3367704080474199,0.08369880476655336,0.06253816811480317,0.831046678942895,0.05562191582066218,0.061089616284723355,0.05614704376066065
01093.dpt,1.412155728839583,0.5183183301879529,0.09760245468189169,0.16052960684554732,0.29341150408039945,6.6453160371353475,10.260761405593252,0.6713619433334245,52.428796903100164,5.752684106807565,9.240684005218474,21.378488031406537,11.970686166486061,98.17479685799174,139.0104522111446,66.13140988832221,0.5528655157910807,209.90202308205755,3.6078939936499954,37.47284577221759,0.36001493568543264,9.287038226031434,9.205818412332505,212.5402017519462,120.82465732554849,5.749249775815377,4.17967620148834,0.6317468549841062,2.268045796930899,1.160228676743827,0.08286847217479378,5.02736854439264,0.27136093202265454,0.013074848349168678,0.4797882236969205,1.2958240520420716,0.08398535780030428,0.5910518981057784,0.0005043049153855615,1.0049213403746544,0.023704732636396653,0.008036784242202843,0.01613505473602261,0.21383009637835215,0.014575887189803521,0.04006045383644777,0.04292659005298065
01094.dpt,0.5545676532855192,2.0949725046195833,0.07253808189509156,0.9247969125006009,0.06808543850696189,15.56661173840184,14.102323433584997,0.013397984662522486,56.543564805946744,22.34958479293363,15.647283632061983,32.9343579850363,7.209313695627998,81.01283231995393,70.85787486946265,42.759849934129484,0.08535693538360146,111.96767251604724,18.821015363229243,26.066426307767628,0.007640208461162838,6.759499916822937,9.239737946237023,82.16795488443263,64.05495842120031,4.3328747181056615,0.5700370266450665,0.12006412917306314,0.12512206583574273,0.05567158455040527,0.1041731354537114,3.1045280770282324,0.034142707044435644,0.00930683201626584,0.3882899116890049,0.3463919403774285,0.020911857703043393,0.05790805558441723,0.011480066235614678,0.6733880522532709,0.021437656626562458,0.03453624478053444,0.09237729895719556,0.016218115434634445,5.988178454486147e-05,0.008855355793228386,0.05153659344397717
01095.dpt,0.5826117389302415,1.4320648666654845,0.08991829723754169,1.1813633376982184,0.22898893938963302,8.347647842387225,0.9993105862290627,1.113939471301155,63.575678694361756,0.8699038048001598,10.079727835241684,16.03989589932139,0.10600484888960686,38.530943973458655,23.450977801024617,8.853532584731122,0.9217276999983726,34.700882120017255,2.8583883670642787,10.003383268688038,0.36927401928801096,0.3912048936475361,3.5776817766185633,23.65950441817399,12.148556848815394,1.2196639323076832,0.006200275900270989,0.00956110321930583,0.10747095570775442,0.01027899398239951,0.03217046580914538,0.6236378023610173,0.15264108119936526,0.00014932626747703501,0.0017560973713019474,0.1155133186614288,0.036234658554402305,0.015949580406611045,0.019945710299964527,0.21294862067762754,0.011756156166283711,0.03234137949177565,1.4332843459527284e-05,0.0023815837496616583,0.00048597069571962916,0.009951408527506726,0.012465503013155937
01096.dpt,0.038651756739815,17.93766319341877,0.49504225116893297,6.792292493284638,0.45822590159535925,18.874982949451592,34.04719891526549,2.2557481749593182,83.44736299560185,22.531655842441594,1.8185519801538705,27.79010834906344,4.300091999072703,69.14756099360062,11.8879636624088,12.08307349852954,0.4238253959563101,40.91674036514404,4.640470576274814,2.3969255496353274,0.0025183722014823786,4.128659612310966,5.7072433466445,28.009004108356525,15.649451862760237,0.4667505716978561,0.1289841879400883,0.1316285537898574,0.02795997185419783,0.042363839935465206,0.16740915939061973,0.8290879631351662,0.33650570304626093,0.006611679748050269,0.04444197604319515,0.12782446100480818,0.00014791830223402202,0.0007547261326980353,0.022677915289951427,0.3364602440533626,0.01739419952738186,0.042364531890178386,0.0022044218719018236,0.01070948932979108,0.00486421938898331,0.0015547862957514505,0.018880297415830697
01097.dpt,0.3655485002148385,6.3212001323363705,0.9112011076746656,2.9097257184185152,0.042319779332740316,10.67179445103615,22.258786739938365,0.5017522630622498,73.99969319049526,10.652519626078725,5.1069230548881555,11.535800562079643,3.576679213397764,52.72462547072225,12.645070853631362,9.63209223203391,0.7339143594282211,30.172252969993018,5.887863593843662,2.2722163307027685,0.007358522310503457,2.265356587700248,3.389510548889011,26.842112176618976,12.332012986750698,0.8518710478158238,0.07587202049509065,0.08833659548882092,0.09647342900383463,0.016957824612439745,0.1665353491987408,0.3585941597732505,0.3025541619930313,0.002965259405076371,0.054670485177098035,0.08320175101270134,0.005014832542359565,5.287556176596523e-05,0.03026927700167007,0.2575346108218652,0.01416223087155807,0.024280753461340763,2.5771948056557277e-07,0.007880837611219667,0.006134532330738525,0.0026877593693949964,0.0244156633803253
01098.dpt,0.02181722846170625,13.413684948869632,2.023438654662656,6.396296857758222,0.10218024140170379,26.815088937146786,36.950824505304695,0.4609785192656171,149.43483235862007,32.25887029030331,0.27768755083904784,17.014760217260484,6.943082523960806,41.5489848336796,7.026018110445156,2.6730942596022556,0.1166245579671489,16.982069913060073,3.3753293761031196,0.03597477208918837,0.08721322768768822,2.4782286557024547,4.543206781651193,19.384135354521227,6.741093850623002,0.2653779277436006,0.150551724739974,0.07635856609609681,0.016365366032775205,0.0648093110553603,0.15686940084698542,0.38450154215641347,0.3422290677290938,0.014752023115921647,0.011861651236515098,0.14861160201475893,0.002497377210237476,0.0010554288177385873,0.02000894084906982,0.1179679380151952,0.020300164591405073,0.010300334913637951,0.0004951598516219902,0.015306103344408135,0.0005752601732036546,0.007262940008128926,0.029519874906802693
01099.dpt,0.904488402061031,23.84815603500688,2.369973059073965,11.05081766896186,1.3001150247750972,31.395025837714076,43.85911654371559,0.31796539116728173,166.56633346204015,36.209161532614466,0.0033521787125908413,21.868330466541664,8.128209841790559,18.248707427762035,2.7858188817306977,1.0049403325543087,0.04416378376441402,7.0318385745464385,1.3568904350280464,0.0005865442185273774,0.9949112299538702,1.5935435764730683,2.6183847885070595,10.975629477340826,2.255090019394917,0.014604414713278635,0.0881271763148838,5.939006592603358e-05,0.00029420159086777995,0.016496597562720535,0.039714115177744556,0.14449253254950548,0.3219970724715445,0.01902726214229752,0.0041426064289899036,0.11052658935032103,0.0007904483931657523,0.001412750019671148,0.026374722628806895,0.05488476832200305,0.034624134999200806,0.0021357433861081353,0.0010001815178555772,0.013859551734084484,0.00018163339298411668,0.008933021991263352,0.01048731791678118
01101.dpt,0.4207541518175932,8.007649075818616,0.5672034272771032,3.6007523641624726,0.5421004792872679,13.574620689984462,28.589465411608913,0.6035821593291905,48.522501737754595,1.7524525189424327,12.760965362335483,1.5029884749676832,7.2824934628449505,19.048880121425846,15.397769170810498,15.174752086157534,0.041263376740024546,5.725109476578667,0.0035415445612813324,1.1388510109476855,0.24397506080167888,3.684598986484732,0.7744229004670387,15.168598820514458,4.621009933401441,0.13136360001452635,0.08513431737764655,0.05986038631602981,0.2174145780865111,0.001642724059154232,0.3372281944419073,0.4611894591632303,0.23416139965907046,0.09780015030154768,0.2016012127302223,1.031561023595367,0.02600097460261732,0.003251065669587113,0.011198447280664351,0.03255735780392405,0.023368819252218214,0.02616536844937782,0.0001993255370195749,0.004802658914633364,0.0720395471979633,0.03700500372092694,0.027754926464052372
01102.dpt,0.07112922158830379,8.396973891259346,0.40052118014409854,3.7402982814361816,0.41810592330003116,20.4484948600423,24.147151916759828,0.5213618527960862,28.111336864720936,7.11177917195185,15.777700878294063,14.902976838566525,1.5320616938231737,11.149553526036126,7.2016547355217035,19.130997751104342,1.358674988444379,6.387927332419352,0.3091243061580714,1.7452424036359548,0.4643886010329255,3.6256206841531466,0.3384030480278387,11.442944369678962,4.4604519219789935,0.31515267552057874,0.011207640086493557,0.008056102668533646,0.08690657044839105,0.008545660247232025,0.1112618155290332,0.22433036461355815,0.2180338634178262,0.07394786237660084,0.06268645392334074,0.7643923060462343,0.01380731236630507,0.0009544827150844116,0.002295194126291111,0.0715765965395697,0.008271988413252213,0.0031454118407488953,0.00016511278857935053,0.0009975919499928957,0.029541201919352535,0.023870265996767517,0.02148425164976198
01103.dpt,0.045638018099333356,2.630126783328158,0.1211383690181362,1.5579366374152899,0.2836446669396096,13.365427812548079,40.181071996671314,3.2835393494792138,42.52389448378305,0.3417487436476297,10.665254336760894,0.3705395635852462,9.295306185900124,5.677260037499191,11.272352164788368,7.670251225658763,0.1282685116679509,4.271849882009677,0.16985889610076954,0.7760556546143944,0.9084942453945558,2.0614485063615953,0.3187639666711262,7.838745484356477,2.241390144268864,0.06466286943412525,0.1348129176997306,0.1402712008883172,0.12063585245106703,0.0008863036871137118,0.3470864944822879,0.1960268051134634,0.24848132542418533,0.07454945204707006,0.2704320104593172,0.8569823149432748,0.01912560899600313,0.0007969236633034852,0.01154834494508843,0.013972670206407902,0.02318506315386043,0.010204000216005182,3.5020492150052426e-08,0.005990862688645043,0.04470605800973106,0.027604635973918042,0.01671053101338862
01105.dpt,0.7977559209932534,4.630770311390926,2.173267761486924,3.946261663263979,2.02990137099522,7.316177831950119,31.71805367502138,0.1559023032379176,43.730149709073686,0.8614615271457764,10.55958152252519,0.24769794616861837,2.9975954541649865,9.272052494658125,10.2953559800387,5.728999851622598,0.021427683718369145,5.15232810578346,0.5232618171958741,0.6073694120842497,0.46335987572756604,1.1818619012442615,0.538431744029995,8.095907607051522,1.7810353582316718,0.014400967243840284,0.17944672323543234,0.07660538393965512,0.19994533383304086,0.009229714463746595,0.14598587882365924,0.09571314066249782,0.20375328782226165,0.0530003998854016,0.23502318768520525,0.7415254166257789,0.008361056525429483,0.00010580193497643797,0.0077717775585104355,0.03064124688146631,0.012119322124864508,0.02472384953642654,0.000583218519311697,0.0026036624831192842,0.031779362015262255,0.019274845579184414,0.019118668640750333
01106.dpt,0.03132203294889248,0.5353169077216228,2.779973606753137,0.8995200649663656,0.4188775849737381,19.034631054906775,10.627396661804662,0.3948321496620144,44.191472708087716,1.807162013342166,17.926769651175952,11.600979158684472,0.7410335310917453,2.8942156168242765,8.513036694837018,8.172493367075777,2.3969502317725637,5.862040699469477,0.09938176344786857,2.0134203466426697,1.4954991922573415,1.359439924311773,0.19765332907660502,5.504844642857521,1.958826749652545,0.37428519545759015,0.3083883486990545,0.1714629827251829,0.024187286980038344,0.026809727255105824,0.22489091664154823,0.14776021165823444,0.221396544647831,0.02883774824751733,0.15673205664822254,0.7085508666091316,0.012602857640132956,0.002324557725725831,0.007189853273754028,0.017683659282649318,0.007821183688562338,0.006260663848803052,1.536122170771714e-07,0.00028881999152784204,0.020613053943029362,0.03323857151744489,0.022713412336770995
01107.dpt,0.29336186177915724,4.945729363477353,0.031227577882413603,3.8823023127813983,1.7731578139369488,9.451199196827059,21.3317980236034,1.2266533364974452,27.392675287891528,0.39740542760232567,10.023223266333712,0.007265335956381133,0.9941056593405964,3.0271269757419024,7.253647733125302,4.046544508277611,0.005071427625736448,4.766432148910902,0.27688384543846817,1.3150660246318333,1.1348549195859885,0.46676614787483217,0.17585397190289037,4.588467175058058,1.7480417797032217,0.0964879909377935,0.3084082560444305,0.0918412000481112,0.1719872336523173,0.011142502648181712,0.207036328815952,0.02632900140363066,0.18006866486239256,0.06922553333794705,0.3102826725609498,0.7925022175932852,0.014690519301496289,0.0037637910454082673,0.01586024049402809,0.030801668104909988,0.010259701309098559,0.01589725517714804,0.000933975090287368,2.774060624955078e-05,0.011730970163985782,0.010469315102868264,0.0073991358332406885
01108.dpt,0.925617223507341,1.2610349537768346,0.014617830846428636,1.8978336174845345,0.18307540317577797,7.711934531948087,13.76615384824059,0.502387927887529,27.18332172680494,3.3967536860503573,8.515459936133734,0.6904493977836531,1.4955485738938175,8.695788794394758,6.618376086597387,5.509533989661688,1.6927290774046413,3.425834961460376,0.33856458082566515,0.3905437006400868,0.7157316871107472,0.8788448641558722,0.013316212061858802,4.9555756026836235,3.7681829591486062,0.146576388720352,0.30602330469802136,0.018681387217200977,0.25323496803032874,0.0043267330473674434,0.2760515833361544,0.010704871974877732,0.04779960788083825,0.06036296587330665,0.21944235451959448,0.8522704021341824,0.021200165119965714,4.0227781848641994e-05,0.030927889971348824,0.028159775404628554,0.027618243189488453,0.014866079400079163,0.00018435315404217135,0.0070946533935379716,0.015110445231831797,0.010846295205510977,0.01216344642564794
01110.dpt,0.25254627360684795,2.503418318714591,0.1951530744880329,3.196606808344473,2.176981773616559,3.8341685577264792,18.11718112176741,1.9388915995537153,65.69810250992614,1.415631240369236,5.6679312801878154,1.9441849820992714,0.27929473895823265,3.969335044671858,10.203412264783879,0.5842461109636945,0.47152806252029156,5.418823307615448,1.5104184527971776,0.43203909598081786,1.2995396773892514,0.018075379309224357,1.256766495698254,7.600915700008267,0.5373186835607459,0.022969443018345685,0.17165850175712022,0.23837400117783658,0.4984537082666797,0.001338817537517354,0.008722726787880448,0.03312746656076736,0.3343218197907725,0.025322086316948225,0.3521556871549348,0.697190571193577,0.010053869066412003,0.0007386496390398537,0.016813796750796983,0.04087875276600678,0.0011972503436696814,0.033812995923548715,0.0007449273297139146,0.00461495984340247,0.012996899423172165,0.0016486426623965554,0.006722425602290984
01113.dpt,0.00847675503265022,3.543482322348389,0.024284719256482328,3.3256821367563023,0.0017651378536199048,11.825010749554787,27.821185791959767,2.03897709653896,89.54776159338797,30.751500174116337,8.427739666683962,26.329285897932024,19.44989509119895,93.12165248793448,161.52183872725294,57.178425454054576,3.6072702559765824,205.51076222443476,1.026497936126111,38.87355466771005,0.011371490860462855,9.334122144065187,14.73191475572886,279.8387294772254,121.24174410708576,5.917149114956622,7.092551978637104,0.2692453797354817,1.5813214561169742,0.9573348023057798,0.07104947422895672,8.1755845694612,0.0409623804578819,0.0007446628859066118,0.3430037888476165,1.2550697312253205,2.1158776793163382e-05,0.6068451803257863,0.003070124596741626,0.9746951944860659,0.08578670699815992,0.07573678842208013,0.013833789539474848,0.22850203063550842,0.002636193743682897,0.08853016339571974,0.05441977122381454
01114.dpt,0.02521732891048669,5.627462021210491,0.7130953440988359,4.7755551618990495,1.2376803434099317,15.331443372328886,27.55145054155623,0.039641808507508106,40.77072725145212,17.467595104592206,18.973534059811406,17.627355069218012,2.117730271671002,18.066431675125582,40.25015924686909,41.277379322693434,0.05006157255490333,54.37145483692321,4.598142131272145,23.807131779180082,0.38848960836227286,3.575461951882378,3.010003941168176,56.41588099362311,31.253906724852637,2.695145279376637,0.6213520650163702,0.00045173701055278696,0.5781264904434384,0.012459234272730399,0.0008917559634573052,1.0769353436374536,0.1784048189026184,0.08655598165607498,0.03131074704301402,0.2931390191103295,0.05623003530338779,0.001146772704894462,0.04377783379865561,0.4795062792309468,0.021929307529608234,0.01055829237122554,4.845769989963289e-07,9.858191026731035e-06,1.0653266304799503e-06,0.06098547614487496,0.013082170157185406
01115.dpt,1.4410256856943882,2.1081234342306128,0.03817070435182529,2.84076147707412,4.580232918563035,5.928643965257551,9.327423458128624,0.5154018125197057,34.127645035899015,0.17932997089660538,10.366469642572133,2.3875166914099557,1.890007938255697,30.079846633261596,17.286048491893563,16.428694426633037,4.2497522573103375,19.902841405636448,1.993845647314067,9.141140564140807,0.010321324261787904,1.4959751748919368,1.6709372670070266,23.17468925969852,12.06846346814343,0.9046701743202682,0.00024604177916461755,0.027706951548217375,0.2741970262148039,0.0077703642529746465,0.010886152577349324,0.48025227522657926,0.10758489182603387,0.022834558707779593,0.0009794275263474493,0.36715533279981,0.07647906646054416,0.009342346308879894,0.002232760400372352,0.14629402155202242,0.0022902648853814255,0.024117530141984485,0.004830456689625337,0.003890486412434577,0.010821931472277665,0.016923693435831194,0.011425450780057606
01116.dpt,0.3479830399911278,7.646853806101472,0.5719002913059558,7.50497841854771,0.05229850010998593,16.561352234676516,14.058645414998352,0.016156457656128304,59.1961985287353,4.751471219827351,5.251048481914053,1.5246732285533398,0.2449841599060573,20.042842260190326,13.563402150472657,8.583704518382582,3.639122071836018,3.677995196256709,0.001873220206419844,1.3304042254203956,0.5031262905015628,0.6958938740545034,1.0255394376352114,10.275360792674912,3.1690235217989318,0.0137529736877457,0.20236203694880314,0.1808215100223799,0.15988889626213632,0.029549159704233222,0.12868778480092483,0.34097712037583855,0.05675545115536984,0.01755744225527584,0.14745544457708132,0.5525057876532916,0.012216526435833774,7.176861792836346e-05,0.031734551752149925,0.010148392998520014,0.0034786681352314917,0.007725094747730333,2.9707359764513415e-07,0.0003921531742156159,0.06980193940674159,0.018900578766654158,0.014835901774192476
01117.dpt,1.7619962843311456,4.501169656434427,0.3984342642450787,5.115080075425672,0.8022938337036196,8.141687998049163,9.385882342823797,0.4717576615994431,35.98226386832028,0.2734770077807689,7.283406559533844,0.175713690304788,1.0184052461259594,14.891068439212798,11.146522887356905,9.326896176269587,2.869190131256267,5.454463776480469,0.23474567203580007,1.0721788016323182,0.1624947447078503,1.4359162658975575,0.8770498356485608,12.790571363617179,4.724575829766133,0.1299880656318007,0.017789412298230937,0.020483068092131646,0.11898677212649494,0.00020201958265770147,0.04727906352605345,0.11270401441741523,0.09075119718230612,0.023462472905426367,0.03404184960648027,0.5114385961291368,0.011824469033857078,0.0007730172010126477,0.006535788130316935,0.07266057722720164,0.016176158583978483,0.011087296432854941,0.0010041930140318044,0.006299675768391586,0.006499907495306796,0.014523360664382944,0.013281299233217778
01118.dpt,5.4557926145398365,11.192071617394456,1.1741819094770731,14.41468309354392,0.019393599472940965,29.26468915818098,13.919345047330015,0.07957033050362244,162.15764023831457,18.217546092811524,2.3704283840419698,29.02229710280803,8.304186836117058,4.190060951829827,2.8371770421788747,4.377074801264544,0.1684070815396483,6.162350017130294,0.48389240979733916,1.8034629012371077,1.033580382631704,0.5425515055979435,0.530172686117064,7.014510734605264,2.175114482763022,0.11028361294482414,0.002879143545136745,0.04859097248777375,0.001850311165955299,0.04113693847248082,0.01900927032425866,0.1716075980689014,0.22851960961416726,0.0017691712760315322,0.08898068074254367,0.19474000232299718,0.025618452701679967,0.006577541160492945,0.004146500091735412,0.005876857858205262,0.02593724838558476,0.00393466085546767,0.000952399820798204,0.00017311315530578597,0.009578451004690581,0.025114320479643668,0.014531195230767511
01119.dpt,0.3520478621517735,21.02510923993206,2.973459061760843,17.756186412681767,6.370374592031287,23.55199143729677,43.54426842180532,9.970550865136182,101.845686352219,14.822209121594925,3.017308309475384,1.3458540301683415,2.3656975290963658,2.556779483126058,3.1607966320622625,2.2896557376390914,0.02116158657157279,3.524231540194428,0.0008552314039731352,1.1981462466021182,1.3062444308900336,0.4221823623059282,0.6672621867758282,7.0344241392022715,1.210837562749217,0.012775658161433568,0.0016272408157173015,0.08091971131640047,0.09439708919726537,0.00303172806237676,0.001321769213322579,0.011085002565708936,0.17685517316131566,0.002628650382340257,0.09143255919417738,0.20596587734333582,0.0030565810071952614,0.002092415777552927,0.003012750900476714,0.03964649802753193,0.022942959878783434,0.01126568672994117,0.0004668046689485291,5.1873792707902164e-05,0.009790241656506677,0.02097260982041179,0.010101654609803981
01120.dpt,0.02398896733352194,14.033337814831063,0.7847874169351361,12.706432351304427,3.085733139509422,15.529721036624942,23.613963150721574,3.8011768625322686,107.73631896485439,0.4421299962691048,1.8376206050874073,0.2846698969761906,0.08008746702756696,1.3842291573591425,5.219267559214436,0.1901784208781127,1.654782837270009,3.381351564004845,0.014364736755668801,1.4329843341666773,1.3574015615487276,0.00039368637481700146,0.7782728079596075,4.956910979210999,0.7528277124384162,0.016245031277737885,0.06692532668583615,0.20274854674731546,0.11545311886822165,0.004559642346710152,0.0028812503241118746,0.010162220928702722,0.13232619547531804,0.000145319969951508,0.11565509984150764,0.1880571254388204,0.009167804814516196,0.00024136182843747665,0.008276554887634435,0.020036695345717895,0.008310892916500015,0.02717125251448562,0.001352283015863914,0.0007712911631817397,0.002962943604759037,0.010067000431057956,0.00617256927476722
01129.dpt,1.616607242721236,15.747594386196637,0.2120435749610998,1.1848462089937883,3.14962176434474,0.32890819936607024,11.860463751538802,17.052066720783266,62.54466866397183,0.6584563906320287,38.78009766334949,5.960895895085,46.74580465982664,14.087649049234201,110.5028089849181,8.815775663427939,0.43466405669110186,0.22769239475297576,54.0617091979773,25.272511571268094,30.05953217131697,97.94016652587692,7.115723215097672,1.1547827826492678,3.1899225834878537,65.66731642544359,0.1961334708072503,0.13510282416460495,53.87616629837595,5.3539466360428785,10.52868309926254,4.921039211539165,8.049224338775192,0.46987581559981406,0.012995241502557642,1.8949366341087852,25.432834957279937,0.000444235479725538,5.30849208263281,0.12408307309824926,0.1936970550573977,0.0005140941724179192,1.9368824147410826,0.14703965364116517,0.8069605900481082,3.3610101580003797,0.3574263580153318
01130.dpt,5.263638498686347,10.445701341853923,5.386152610446965,1.5552371393726574,4.166944677685902,0.15350606962545776,10.025902039878012,7.039965927897787,151.23417597711992,0.534681831533174,26.885492337412572,19.777254839251867,40.22622717906138,19.71593919144883,100.59009761933083,59.867711484816574,19.1699295121515,38.22600747102242,8.218127621042406,6.780413472229372,42.10728597689071,39.16593985479842,11.552803766629637,0.3128779000702,6.149909213598917,11.146560251264859,0.8601391419724739,1.6535242160062886,20.39277399293576,1.968210042477004,15.772387915630944,0.718637685405628,1.7279354298151366,0.021985001259785055,3.186508281112813,1.4115296034428138,0.3818576011872649,0.16836313037851222,1.2855790485848728,0.048883149002287636,0.010621964400967453,0.013303676350009872,0.11819988849894866,0.001850060111045859,0.018024292986885786,0.42182352237589926,0.0037466837296916775
01131.dpt,25.618253708372848,43.94584646358263,1.6652288231799188,6.316136262909802,1.1948260047678025,13.097582383643326,0.11752293545984717,285.0984237576869,340.48598177414897,6.303146080526092,20.61464174175309,56.17924568560045,1.5577028123748438,16.040863799491664,25.890697541134372,35.60870586689403,10.790661723949619,40.85377219228875,16.59120244322853,11.780746793404786,4.8006031944802,3.5500862350601623,2.1190327176611885,0.27134222723387813,11.023977270618518,13.911414016974527,0.23397440660820049,0.5560848066347566,4.573267970445638,0.3655347445670852,4.296159610970195,1.129864327956712,1.3613011807694761,0.00037616063226727337,2.520201760016348,1.1668608386995019,0.1948433662283402,0.0008354260750175164,0.19330916159817835,0.0031022710393537297,0.003424628983233089,0.0012623767347757573,0.025009155288753877,0.000581964141214478,0.014649850432525547,0.12517564549485202,0.005437379446478077
01132.dpt,0.9581649876433886,21.38220465053534,0.27757223030854455,2.0673255031674804,2.6496687925417177,1.9809602947374596,27.777812976309193,190.36640457686482,23.28949510577825,0.02582583084006581,9.857847078424928,4.830964237872165,8.099549757544152,4.207398180348354,2.5556232375783186,0.7781430786698228,1.78559407993369,29.3368188988406,0.17649736676448743,0.5070127432924689,0.05874519521127588,1.4081724113618657,1.4019647221381468,1.3733472785452567,4.592738829906487,2.122245226537035,0.334947542336594,0.3418779835906827,0.7458668804075439,0.06543204470754602,1.4107276476721988,0.4414405715487647,0.552085234570994,0.08318611864495627,0.6505258724812574,0.14190977945316505,0.012610303640268798,0.0689673390224793,0.0024761089503104712,0.026586263255203402,0.004546314996283717,0.00023400678838521525,0.008085845907056483,0.009190921428957777,0.0005258764997362147,0.0126343860815247,0.00910146007335058
01133.dpt,1.8806953146174388,4.34470339228037,10.510411695128719,0.3436721583150275,4.242840952015477,6.235571565034534,6.56287863456967,177.75922273509426,30.730151866576595,2.9821348237652083,42.787523257974144,21.2590824893756,9.724818973968986,4.146655178495343,5.5690497151644385,2.92278245139209,2.394493662508235,33.27842446350236,1.4434618687500589,0.9266990980852563,0.2115586487976363,2.386471406769727,2.106020775939568,1.7741948496577682,5.566152064371431,2.3276981494798346,0.7538737828936313,0.36182804443456007,1.0859715104392824,0.29488890401291207,1.928990605050282,0.5289509178892149,0.7924517215891607,0.014616106055280988,0.771241670877636,0.09381445839707991,0.08396562774996655,0.03275419891782622,0.026021932612597654,0.007401433445528011,0.00016847012325199974,0.00010595955622976774,0.03055747420382961,0.0005708619330745786,0.0055260437064441415,0.03101812285582277,0.014974035156092995
01134.dpt,0.5479665324767555,7.12214583279332,6.710790691714488,0.008772547523020344,0.15975518742976128,2.0972733552541225,13.44323070738682,178.24754436602566,8.710933913249091,0.043065104011896144,27.83301658387937,10.96626077375602,10.700785953242278,5.747000123054091,7.597869288385448,0.5508025352204841,2.200212024422518,29.45723313458571,0.9541342506224995,1.3543990894782505,0.04498109403193648,1.2908034577571177,1.650504318473321,1.3166376259500774,4.919678342988165,1.8936867069202512,0.4631501844839912,0.3894494454834565,0.6033876303411844,0.1584076641616835,1.352036132244512,0.31774040943921616,0.43007787041697415,0.02555596819425919,0.4823625444741632,0.05054577196582172,0.04416540083986687,0.04666450733127541,0.007193265006145215,0.004380178792116923,0.0030336092209920064,1.9905712800722848e-05,0.023475247182587065,0.0009649037468261858,0.0013780177853960284,0.012161060193056879,0.01681722853287278
01135.dpt,0.23747138392325726,14.942609402629598,4.126655386866837,0.842000728653637,0.7286895295172264,0.8193983095555691,18.503162406150505,124.25714577777522,19.09484898616535,0.6849100229692133,28.83385805317771,4.096675750138561,5.242455571474983,4.365931219579375,2.344091280204712,2.2704236305026297,0.6325878222133029,24.8477264249338,0.016422524730652137,0.22530898673213517,0.35738991432929407,0.9094691163641008,0.9017824413030333,1.3444993316375355,2.8370535801532384,1.2061787615805002,0.13015711180581985,0.1556612285185728,1.0368842124683482,0.016452982531402857,1.3168040676972226,0.5163963552832929,0.6841696014478756,0.08814403313642258,0.9112247088153886,0.23787160444588334,0.013667659500014834,0.08795813938234659,0.014564337248039131,0.026112262132037854,0.0011222786914073146,0.00363470902366147,0.0020738597057717444,0.004531161375415479,0.005361257368340216,0.022381705993584543,0.00528022613979953
01136.dpt,0.14597062644932016,14.372852365335344,4.5086734178874375,0.9734047706385771,0.9203680796186762,0.12194439302958125,15.709820401421391,67.98812668352993,19.56894141380249,1.752882724331803,17.814218420027515,15.698586790197725,4.7894960745667206,10.400344332643149,0.30661161873940407,2.4577060393416787,0.00808914986427693,9.763732683388982,0.6149653689370168,0.3140742107221508,0.20372510409160977,0.3262606803385851,0.020287870281777507,1.3729782841485605,0.3180958115949031,0.04786903286697386,0.007528857541729606,0.14733701346189818,1.7430915466356134,0.047325406933663376,1.3621919969188354,0.2632726506376823,0.45134360521529693,0.2639723460680633,0.6084038502540471,0.4307013761016923,0.02538424938234673,0.08049785845064421,0.008168544075082758,0.08683334169016597,0.0011321808037526178,0.00020168655931483703,0.0013870583437534233,0.0003113147395156378,0.000354597765303341,0.0030883027108565037,0.01698425149689409
01444.dpt,0.8939444357209009,0.30008890220781503,0.36464012463475814,9.802634658866017,0.9117881210272727,1.9310887381434265,0.00026335684337065187,17.042254811081502,0.2897950545580463,2.846323194574632,17.41706444665861,0.34984684367563557,23.645784810366457,0.04860015337644578,36.521871012444535,13.093501838627846,2.427229849687317,72.13396616063615,33.474114788483526,1.6393439598261517,9.479340050006513,73.03179349365638,10.155224798397102,6.593191528844095,0.24383369577360092,1.5801595162261741,9.730007613115927,26.4435929176849,24.440373766683166,13.873074994248375,60.89406558418978,0.6134955132080848,1.60679099640601,1.2073525441430395,0.12613751094678888,3.7150041457680776,0.028518136334863765,0.5514697193649303,4.194120206235755,5.58618175600762,1.432275386976255,0.04840349818299902,4.662540907227385,7.370218768744346,0.09807628858961845,4.4573745598535455,0.003552035695299513
01445.dpt,0.0008186659820763213,0.9470679028488769,0.11993936867016428,8.24114501200069,2.723784261598348,1.9502536143685711,0.014742485894801555,27.190400819702475,0.4551536324463716,13.550246001906432,2.8975181147248725,2.66909560677131,42.27312117759349,0.009730920915159055,11.141560523273304,0.7442839893705934,9.014867357431859,129.72740370747428,3.0139327228886956,2.383203149537905,9.979445009579253,62.27421069540903,40.81528215452306,15.571077554115618,3.352160177799864,0.8134141801241962,7.153983813406739,11.550950236364296,10.930030323847697,0.23978711057180488,19.68235506608316,1.6813847156000976,0.591907294519822,0.0883712546734693,3.5135412720771906,0.06557794972135726,0.18591878409482476,0.16860757903290266,0.1244668089973739,0.4436149112305878,0.12904977375097168,0.008182333084778854,0.07367874307326813,0.21610623226584652,0.04176493702751989,0.014430081989461723,0.08094679089345902
01446.dpt,1.1476775000049806,0.031938284206497435,0.8662583795419131,3.7429794679514625,0.018523838172295432,1.8230229117423506,2.5141153009584283,48.0021727587607,3.811018859347696,6.306086330263347,0.929127294027485,5.812853794484005,44.93958296487396,1.6595153301870387,22.419488646281795,0.42406284382724363,0.9174137784914492,125.92071143333457,3.284723637683394,4.439866343939523,1.581516772211542,27.171535418206354,12.416660522935016,23.623729812712035,10.403063527415469,2.9766494755935184,4.711649180939264,1.7234009910323638,9.37816688149329,0.061988958871882535,6.851733731971115,2.233665848909795,1.253264510196445,0.0029867967589099504,5.2619437616881735,0.06714511532410493,0.0013599117153707298,0.018444304896542967,0.2665532993412545,0.21694922891249188,0.04670363616266785,0.325509921475867,0.16802769596742206,0.17796835438281347,0.04443453806334129,2.7711283994996864e-05,0.015902337110129994
01447.dpt,5.891100913603775,0.005509294787597407,1.3545570730119059,16.11125517041707,0.17264930608700724,0.006479691123711976,21.769059105636185,162.10720058791574,3.6307497772809203,11.636024472585117,1.7970882735547287,0.49389488163139056,47.09943171699875,1.9311152144066246,3.9921789058847597,6.9155472632902475,3.5814179209765373,68.95593145795894,0.05984209578366906,2.551974211831916,0.7985344513061535,1.0738630743444655,2.303483549722237,2.956607819951163,4.8692756399724715,1.707291032349942,0.00784700488845834,0.21464178863628508,6.922985902397194,0.017545881895886732,4.88926309323249,1.2588556610056605,1.1828277062278116,0.6283988981321204,5.831291374043457,1.9428332384261562,0.21724077974825964,0.2130980812271199,0.027642587445068763,0.038790378537114596,0.00045253904297807256,0.0014687324006350045,0.08754423325189935,0.19115523491478545,0.038148835959384474,5.398448938790462e-05,0.25947988821124773
01448.dpt,1.7738088265682348,10.48190924705308,0.8935542864495013,22.461599394971802,0.5764584477847278,0.0122987488484254,4.130086130173683,86.47378842395271,7.019663337509978,11.031940691088884,13.398077873703715,0.04505353056023714,33.109982995476834,3.923906516213286,7.262192384387578,0.010812216855757853,0.32117637469423954,52.58330667014305,0.09718269982702428,0.7984586907648065,0.0425977759808649,6.877257485152811,3.9332606653761144,4.544824826010846,10.632586898236148,1.2354113879295485,0.5022065925438081,1.1298242240404988,7.752929456798703,0.009938871079732898,4.6666126494114035,1.2888921476929427,1.4005781839464442,0.7828468955576995,3.9840173705780755,2.444238254232422,0.5754050442559601,0.03454081231219651,0.6151339738757439,0.24752711474014788,0.008336118979698137,0.120221561747161,0.03562450400211934,0.3539084356532784,0.1503230260083797,0.04071918851452482,0.033303179106967964
01449.dpt,0.42823905024936876,0.8047175085641384,6.490611338598967,9.831437321189124,0.29889978192900496,0.44654923277440495,5.480630795134526,94.33565395832781,46.48101863866868,5.260343786744099,2.4939092108635768,1.9399215351631114,47.759092360821526,25.90897447438809,25.517470405124797,0.00014679740261827864,0.03496176182448141,40.639203900374426,0.013800449676316372,3.0414082144009766,0.29588776797418603,0.6206078409713055,3.068310004375219,0.005210844210709472,1.6405387273450305,0.25635944329159643,0.015946993115685856,2.974907006572678,0.898338528171283,0.0013067045778472836,4.971959947822245,0.0007502787918951875,0.05767660963501613,0.011208443776561003,0.08698391781803473,0.011428530553611777,0.3228740949445497,0.22123227947108617,0.035010594872167115,0.0033546082421092483,8.600872409707965e-07,0.007692155345554833,0.13844940710290501,0.15020113030789042,0.24670121357843136,7.859986153198106e-05,0.001486639262649394
01450.dpt,0.18752563692799262,0.36522634707798435,14.020781704753098,5.050822635181946,0.5263501146137166,0.32851682740920396,5.79393959558987,46.090582320413056,26.299646606700012,9.350363491984025,2.7133006800137585,2.632129916911604,45.89796883375464,23.733834638027705,15.521278117661863,0.14506777575918253,0.6900198453084484,22.476449695911693,0.12502285855304718,1.1640354653198288,0.19376571895021644,0.9046391654329458,3.010814271030316,0.0008866203838711176,0.6300136464310157,0.005221027444496969,0.1504827770182715,1.1453432646213437,1.5542735051239822,0.1182681029244464,3.4931281299527868,0.00251109247878662,0.12550149057239438,0.0033958590380398965,0.0065305779692402316,0.03282865138594182,0.25197591847255285,0.11435371917756756,0.025473208200810855,0.0009383929440608236,0.00015907987946801468,0.026320523871276192,0.037325938647918305,0.05079967620334782,0.09195419873279813,0.00026171263204409316,0.0018842445684009018
01451.dpt,0.14354074747619808,2.294099732831535,8.33383234997419,11.800440335770187,1.7322598641354876,11.785210520689418,1.4859642237827422,40.694087574892045,44.27775534621405,48.56432230283229,9.30429962686436,3.1679625724021605,16.696750150371418,14.345476949941498,13.664709490320796,1.4708782375389002,0.012926983573127632,6.046568785487377,0.00032520134289479855,1.7743219982471812,0.34528517661421637,0.09862497152446159,0.7826351407069947,0.09805842376572475,0.34659771803282874,0.03051737779812516,0.13537602105675905,0.6223001786762005,0.19369812467592096,0.053521432138940554,2.1105822131759697,0.523790521201272,0.020155496811344934,0.01567330660615769,0.15580101855450854,0.13522846349673576,0.23255310039305613,0.026063059363011388,0.013116433977725038,0.000677648573333701,0.0036847617186173505,0.002964676240497221,0.01588645994170115,0.00012373005195507496,0.030621858407825966,0.038812668069435556,0.00012978941629706315
01452.dpt,0.004941167813205645,0.004479757525204438,11.545743568513751,6.330009476393961,0.6093046840117691,1.113778943151159,3.7736740973212735,46.86595978350536,25.29549713981758,26.878916073173247,20.92047489704743,0.22484721875983002,24.399603440359737,13.203430448878995,8.849103139762097,0.14626782174974443,0.2076560294473802,12.196926169386145,0.10824272605486947,1.2940216747847137,0.011870292683344434,0.34819676365497915,1.320218742865785,0.04262194391038168,0.47847990018116027,0.08723428935613746,0.25649644300142826,0.38764672204790346,0.9198322857940153,0.013169782664903217,3.150620001761513,0.036423921527485754,0.07981201579498853,0.03376282278343493,0.023476580626232587,0.02176203691309042,0.24039319957857758,0.1465607837387976,0.0016477102570087183,0.0162017779115616,0.0009309130443770517,0.00011778029268881158,0.005484331650000823,0.003110883312623746,0.057971073941363464,0.028028319164836505,0.006796261723475194
01453.dpt,0.007181282906613067,0.790195952108575,6.930431058976762,8.805878136698032,0.05093382817446314,4.953533218406032,1.3618246167612351,51.77301047936772,17.984540465249573,45.6550207029112,15.317026833365361,0.4786670657227426,20.180532282226075,8.617231048819532,6.372750080047745,1.6883864159098034,0.37691109166563136,9.129977913946359,0.0650786554095973,0.958989057751391,1.030075511906849,0.0004790436161066355,0.6211998985745218,0.0011480360482200808,0.5375726998303475,0.012720738209124045,0.008099856995910409,0.5360506523677674,0.12048644538641758,0.047301846294610414,1.1688322567187568,0.22151220707683023,0.00022687439537686066,0.0011909722974772314,0.06747208934376199,0.09025459591461515,0.23024015864710093,0.042302351192282185,1.035355601367122e-05,0.0032810541004359753,0.007428636518201215,0.022776556430431572,0.008518760898608134,0.001006966826889483,0.04806010061641939,0.041100891802021214,0.0007347147242780667
01454.dpt,2.1574745507327266,24.113589092314125,0.1048046299574013,34.91529308371286,2.9802914956829483,1.4473710334568006,0.9972019373200552,61.28711238451834,3.1697409036058826,90.39737697889154,63.123848537212936,13.461790077971138,21.145501542834218,12.584381769533163,4.852956447622572,2.5222876433470804,0.39416607530154424,2.5064266389980023,0.011903101527499462,0.656971242840638,0.0003377627768333221,0.5222517839891996,1.124989930090386,0.006344637895395917,0.16641103419371156,0.0345220084092157,0.14515848852683583,0.40827298278444696,0.17279334873461133,0.04865733903656654,1.03672121486041,0.05968449181055552,0.019274285387645456,0.05448467904737445,0.02882578162658955,0.062124136923450514,0.10885163981211192,0.015294289447731719,0.00033467841040743453,0.008475382770580334,0.0021839927385271392,0.02986195577781698,0.009312998196281225,0.024070342499293594,0.016254320003890092,0.00682823948020596,0.00016150377826616068
01455.dpt,0.1442996553182727,9.24747148668262,4.771036211208792,17.293840063269887,2.3544853484164974,17.948891406582884,3.29085501624863,36.68421492677462,13.294618047082519,146.66036954139162,33.08787883368109,12.41408153419171,16.245145089032526,17.136011053024887,5.454057084682918,3.6081770008718266,0.03325614212456142,0.18667018713146982,0.005147986564689903,0.6261264517100338,0.6881248467727102,0.8108886667965494,0.9746692574818744,0.08803585708828975,7.514922915055416e-05,0.5659754210669845,0.4458497036537014,0.24336500137820807,0.37497766224246365,0.0940509084071657,1.2090569290654452,0.2695475734672059,0.0007615671063882949,0.021382180014626374,0.1079761899528278,0.053146939799949014,0.13314885064072043,0.0013256859361314435,0.004330083517363115,0.0003455358054831726,0.04296897732430408,0.020322479458155608,0.04262021954385031,0.0032105207557951592,0.010259456718392608,0.01473974991819737,0.025260583019256957
01456.dpt,1.4680390912629107,15.034680016311619,0.028441077887950857,8.856597480118344,0.0006186983317374089,0.008483989408160923,14.555357736815376,38.30023685122941,0.5696460437244387,110.54750978881057,23.47100972598426,23.787942783520172,18.623292306738765,16.935911752655844,2.2406836173065816,0.7345103074635848,0.37518326821295167,0.4815861717741215,0.11760461145978021,0.0410522396049266,0.34917341422339354,1.1067438160889034,0.747587838256172,0.07629105415518572,0.0696224093720375,0.2246540340385355,0.04123563877151868,0.1017144131717806,0.4801802982128466,0.0338081785252613,0.6420107006413073,0.017577167272081154,0.007244985067817791,0.03148648145912763,0.02450131944792854,0.07909217378950606,0.08375555883846365,0.009843815800001088,0.00015600333754809892,0.017256841959830953,0.029751875306891298,0.02461054929365192,0.006923100064660422,0.001179710191058976,0.01533507856264309,0.021489129435475075,0.04041445335289087
01457.dpt,4.904760255740101,9.18824422404329,1.826517754304846,7.277780039618509,3.1976328293682044,3.6157948889913314,1.2452810856178351,27.951573616567888,8.340484106018884,104.36291492254125,10.673085405756789,16.558676482302243,19.596574227241,20.760391830037587,3.2771237461603406,0.2737141092603305,0.27007166381768727,0.26583979722745044,0.10231222012562478,0.13553031596389284,0.28904125836103006,0.9058408609942447,0.5528817923289353,0.07290709279257619,0.069884185940113,0.2678523276080883,0.06486596364183644,0.07731128313354325,0.40341224547023075,0.05071665181530472,0.6286695291547101,0.03339152158115476,0.0029047043950248003,0.02126722982825877,0.02882706889296848,0.07418913204423493,0.08219322301108867,0.006809918656980609,0.0011398676262431436,0.016052806494668833,0.025074746263262795,0.02631480998622864,0.007988309396375714,0.0002855873094038899,0.01385309955037209,0.020088511245812096,0.04325185765084125
01458.dpt,1.5676299117422288,26.55106026580759,0.07502266222349532,15.94986516151641,2.7137809852527592,0.0012473337029235137,9.206251494041439,32.113422622529185,4.351434391158546,140.60818329421167,46.03263283942528,31.806633303258074,21.880132158656963,28.638024167856035,2.0279115061201125,2.051058051942677,0.02623141774036799,0.00925028468891089,0.011805237758333323,0.18161350471956786,0.8100726837392266,1.547717365906873,1.0474097860495877,0.16418672132021467,0.003231185344971638,0.6888741428517563,0.2562310683568987,0.04888700006503642,0.684241250618004,0.11260456000924603,1.023912897215997,0.04136965083269657,0.004157386050973513,0.035847521622405884,0.02500547036398597,0.06688392562548261,0.16058160992699222,0.015300288588187437,0.002895718211804209,0.009249056936163276,0.03998957043765617,0.048908265506562014,0.024616044150016433,0.001646799533821975,0.016663001859910508,0.037119978759331984,0.03778221816930548
01459.dpt,2.2461342878556145,10.430671325197016,15.78290533784231,7.758245591307185,4.107949932108389,28.041661977741732,0.9447976222225904,29.18538495817303,8.63926914464974,112.30408356528237,3.692455655178841,19.72130787750224,17.341652131523393,22.75838722785281,3.2961188807770125,0.46322910938333434,0.18485284752149095,0.015470341217639082,0.08175649079670308,0.08435041494537669,0.5517213157693784,0.6943957912565413,0.435443746643526,0.09368140254361705,0.015475679923444466,0.328187972812106,0.08126807272159851,0.05835396609858858,0.426830142388513,0.037509793373599214,0.5660761504879388,0.056044268526417425,0.008019912552391302,0.01206504350708914,0.03206231724748275,0.04825373465637984,0.09733812708649148,0.003427533589590161,0.015446142951622778,6.5772500954578065e-06,0.029925574818801273,0.044282782029210974,0.01579822624427005,4.09818465617622e-05,0.00335321358027351,0.0325763580454011,0.01975304609470784
01460.dpt,4.244811072513189,34.842991662561,1.7720631147665094,24.967799634544317,0.874969866710807,8.712993293134064,6.085719505432273,31.577679752371704,0.08564106124303442,174.29312728106007,57.952945843262306,24.868300265508665,13.423623378733101,15.299493586183782,0.3037027775796451,1.3475471654490563,0.029816955368349263,0.039712157960505534,0.006201450736780829,0.013864580217609642,1.2485032701560916,1.4083482785665453,0.3709589179592608,0.0001818973305248569,0.13429390999164073,0.4904911381056254,0.10994371152246916,0.031460730427041235,0.18217268234971684,0.07383622004089554,0.21031335840900847,0.0003928011948641472,0.04390665852037003,0.0025502733269774573,0.03286588302663028,0.06458571933960895,0.024624739599472673,6.201496978472424e-05,0.0006408365554654813,0.00022963445192384076,0.003528990523322941,0.016284156455387243,0.0009741642713320534,0.0001477905036933376,0.00019634701288185523,0.007086440410463267,0.035128185729973026
01387.dpt,0.2480707584821308,8.494406675159304,1.6109399177969697,6.361373331210736,3.173566697567166,3.8071082185931973,8.540034670907996,17.758506489403914,65.523246486874,14.044157844812823,5.374336049449346e-05,6.720936820377359,4.007431288839542,0.289423026206463,6.632828711892804,3.9093484101268205,9.30428597980986,0.10951366798153805,3.2285177400765326,0.06302539245823122,1.0285981832118043,0.3027292743265239,0.0015888437786568876,10.819097665501328,0.924953676220985,2.813265204320959,32.94810006051813,4.571355630209928,4.089649433077632,18.291547646199085,1.5966602594080175,4.501370357552197,3.7290571083712507,7.8670082697065755,5.072356076220821,67.60350913900997,4.4282040961761115,0.9662628634241092,17.519601415477723,1.7747552699924605,1.0756345697197083,6.821333244043603,37.83720000115714,9.25572469845375,8.447555349020387,19.048065992830583,2.8995876474500295
01388.dpt,9.282351757490227,10.531587026882642,0.056264482779877834,15.232824507886745,0.5302258991825963,12.277037085872866,0.054259730988938805,53.74805848213377,124.0136957198116,44.657622590390396,3.126055137066809,24.756423040016376,13.431826784169338,1.4329956540019169,8.87192534293979,0.07786601797983,2.32645991416307,1.6026447251353844,12.745365557554276,1.7380534700276815,32.01075621407121,0.3145352941359312,0.6086978296366985,0.43285899822975515,0.04335433435692218,23.928625046782685,24.20456675138948,3.907571495987893,5.7530232353917965,1.9515242600988842,3.76970515454998,1.9834972242218507,15.227307926478229,0.14298557984985627,0.00594312320063951,4.87442733183397,3.3761980872529933,0.8858103125487007,2.1636854303119684,0.006648929246761008,0.8663829380397117,2.250832913119289,4.273586766035255,3.9059758328847014,0.14923635582311623,3.321788857198065,0.5389277083550276
01389.dpt,6.949669697915157,1.743070207297076,11.883411122819385,5.4696397347078864,0.35404558062453356,9.877975502074394,1.1153697736982076,63.57521946182066,14.293565176486076,32.40958766645172,0.564131060867,30.362120331013042,5.928938063213083,0.027621110460351858,3.5126783722844643,0.5814844796710971,0.2518615237236096,65.48552280551037,19.453888783052367,0.3271817154494463,3.258535257562622,34.79356066971685,16.275169350587827,13.66630728823718,7.7897017114717535,11.896992803864645,0.4418511199402828,1.2192152367790734,1.4133991925937752,4.932244737065357,2.028199866804382,0.3387223605117443,4.23750946440472,1.4910098160606016,0.203096962264778,1.1278694452461084,0.8373918097130341,0.006887080090957042,0.2842126425905167,0.31947742109168875,0.17148874400527925,0.22679191514564662,0.4513689742529663,0.31145185985958146,0.8078404952960132,1.2305001419978345,0.16111712518975957
01390.dpt,0.0090082558007809,3.7835397603331584,2.8758191701013414,3.610079101538755,0.9569166829789743,4.986008197414251,13.987920520455468,29.195125136176625,0.47209587626228766,44.22804117189374,2.0488332739394592,26.086635363395832,6.084446306506235,27.35258369228572,30.722330070690777,11.512647609235458,1.5624330668125361,37.45525464848009,4.919635159822437,0.524683617569164,1.158933365945001,6.15859339688024,3.394614400512762,10.817840487300087,7.873911720123048,0.8674683670134916,0.854014011531177,2.6975053961516995,0.04366946370389609,0.9593105618834902,1.09077688474638,0.0717956446291268,0.6426215890562909,0.27320902945012154,0.4107178532595425,0.9755886938280549,0.00719814224970425,0.2430527974515364,0.24222737065830682,0.2895220327497258,0.1561165021784729,0.07324262027648759,0.03263119877015143,0.2637523933112498,0.014945340601268913,0.08990019059818836,0.006536960479543883
01391.dpt,0.04440436153838875,8.094755436065805,0.3498530006180135,7.297635563778645,0.11336101935410069,2.4535656500575898,16.205217311549827,23.283009967519924,95.35544058450077,23.048563051157906,1.8421711298853645,2.889902027182228,11.40732361951315,13.579116045301271,19.6487893386855,1.0402405770995407,0.11636927869028961,0.5346286698765541,0.14638861682080345,27.398562725078413,4.571778699409497,0.08890863065815632,15.578827555571634,2.551700758206813,3.9187553689670507,117.38809969919245,52.87332744518994,0.005604605446768939,5.228980122105514,10.264548514350045,0.0260566893977023,39.97885703187801,5.949512106726625,10.677109815144956,2.3219242603607895,44.083013755458964,9.061348489906257,3.5719988730175025,9.296810713869222,0.9956832861217955,0.031443440870886685,1.7820347690029155,12.352720008868472,31.138473169542788,3.1806287582984667,35.29648385351425,6.750150607896995
01392.dpt,0.14324229131138186,12.558819839873767,0.40900571795445173,9.736388432919826,1.0203282772801692,6.361970751173057,8.418147123105806,37.989555178617195,58.9454825787952,25.475085763693063,3.4070662717816966,8.051167299515999,3.4266303083233485,0.0002414185952545255,5.1172783030182,13.294769705325148,6.457403109513784,4.0438528565229115,8.66139196637344,1.3582284291363598,6.539567251603013,0.04466427087425334,0.1180599646064838,16.36441551544454,18.694920373311867,2.658029857378111,33.60988767356626,8.210138248079613,0.26490484333198056,0.4378125103612465,14.754827665652256,2.776281638666549,5.253296451488805,1.0242056074533477,0.3407107373494437,78.76136335632003,4.797816758486547,2.1163607438372676,5.2736027298685,0.11357073703693718,1.402879367179779,0.0891689801157891,47.36685427083488,27.331693861853477,0.8421334903253805,24.769798376493714,0.02823869599375247
01393.dpt,0.8905130339124979,14.328060077810948,0.004225449293440547,11.94981431028127,0.09207584121223594,15.009904541009847,15.310768034396423,50.62530641564396,144.74434369030243,60.169711103239635,1.4672290664040184,10.940292376643269,0.7137794757474633,5.877417389447037,7.223670529435797,6.1928366161580914,3.1396245080731675,1.4479813501421754,8.107186769873293,13.044025396348719,8.158641039859484,4.0996981535807215,27.753876386825866,36.83474005883712,52.11611657762845,3.3117304521403517,89.8355995921398,22.376223371793966,0.27548451965623155,0.036365335439670854,13.83961292147339,20.85084398661551,15.784441686133873,2.5887555729570235,0.3103779069968686,39.718807147757396,4.512500850967964,1.4848039692361406,6.482706535594407,3.201445367027237,1.1182564933186872,0.02116781637232281,16.262501126960334,12.151153491285655,1.5295502527654454,15.491899455189762,1.604659782573335
01394.dpt,0.08417537636812747,4.987814549689406,0.9633796869701095,4.967842961815496,0.8792263873153789,6.253437843566099,12.588177553986291,34.69074614139135,76.58348452409992,23.96785918016058,1.2153784528626101,15.969127433235789,1.699552432091401,3.824708457295472,7.650042342281953,0.49890861425791866,5.815259818076977,0.14757129099440497,10.009224818098392,0.1335301536673319,29.896420453466913,12.124027876755655,1.419247731918493,0.29804591210278614,0.057087164406241536,0.06089647733271096,29.619716884411396,0.8176123057499471,36.954437970797144,0.4459139064797144,6.108539967897961,2.9643061626086133,20.13663259036549,0.05192662432546717,1.1264235331140209,0.15107060582251866,0.5595175396256534,0.3349067901596921,1.2247290488363116,9.138481465996064e-05,0.06397742748506889,0.5111848501243359,1.8042452282597496,0.26902604718415074,1.3004680161592592,2.96760216663905,0.0019200034457456385
01395.dpt,0.6096398975677804,4.408371710371846,15.821049189177243,3.754014560541788,0.002934958068353004,1.0777167961881469,1.4801012267574858,28.308487612282086,28.9403222335396,15.646045579658066,5.69986641416673,14.210332662838386,2.0523497892560814,1.3908879288967437,0.5162029106543623,6.199060915787612,4.877681488890739,13.170902061182536,12.798284917584057,0.9358126323702856,15.185029334696548,0.7622307312638281,9.184584901996505,6.631437204754529,0.3828593846752653,11.241115050708771,27.58098044346589,3.756759846669995,11.108178943141743,0.2723417032283489,4.821290845270715,2.92348677450098,50.21040531103286,0.34251216425710607,0.5570056463041722,18.98678680962838,12.327940453283174,2.1746021040210586,2.2685506186248947,0.06817096028098994,0.5115845039025017,0.6364120886058989,14.969460961081051,3.754265821939843,0.8255027746722668,5.025927068727591,2.1844011790868882
01396.dpt,0.2748420062933075,0.4602009028758871,10.83544237378193,2.0494090919583825,0.7333127956709445,0.3680495678873133,2.401242125051888e-05,9.074501610735663,16.648739484518217,9.930320980515983,6.266650189059783,3.4216753016978543,1.9166158182843656,2.085530512057038,0.09577638747757125,13.342316984492877,0.8512209748226034,15.375491584341491,36.63941281635128,0.909477442892001,27.364146857126656,1.6433495759098256,16.970871663165983,2.3985490541565415,2.875982858033796,5.88087597869565,18.00248494382591,3.5745588277040112,9.77829116656039,0.3961217569908105,0.1566385992919405,1.7768988598198623,43.47353374820966,2.251934699040418,0.0703259564494704,3.0706390003646473,8.052781182511389,6.7277753623454455,0.17139600169443453,0.08072543595818821,0.046964856481217544,0.016507397899712544,6.654283802338138,1.1126831264434642,5.393470846808377,5.973617328650136,2.0321141560393112
01397.dpt,4.621895190071242,9.398628529581359,0.950353105348492,18.835807008513378,2.2779382260383088,0.061438322624196164,0.09342211362719792,23.492869176696864,64.50104656986457,18.662139814463796,0.3323502374477652,8.992107983453645,12.798096636592762,0.026135076157420393,13.011681492453766,0.001229124900604665,4.186951104707021,0.1895082312157667,43.24757765197227,0.002805538686012819,15.539199262860535,4.968467486904819,0.21825207777394146,0.024308406181143122,0.8911961592143058,0.2832501165068512,18.032448024955812,2.9387030927885687,25.73126008993703,21.36122547676998,6.324418514688886,2.46562366172187,21.03012418955093,2.157154792164156,7.17281328193152,1.8496899202142536,4.985114196359324,4.167504808818094,3.8707498991805616,2.8065861709958204,0.516313173692016,0.2965128298908298,3.628746776725838,3.902330206069651,0.2539909332124092,6.027717316591454,2.0034301974605757
01398.dpt,4.630752143775095,6.146874067942013,1.1646409944803036,17.700366235482978,5.029777355319682,0.2436105436537127,0.4260706439395635,5.844672288675829,82.61314449614872,60.093535062095945,0.149584178766769,15.747191686318494,2.6610930194965428,0.12459268000706537,13.977839028962881,0.027461389733617655,14.314875369289277,48.16174594636958,6.3911246284358345,2.2731022550169375,57.83653043297535,1.6905494615235876,11.160428544538911,0.5986553131034831,2.732464691711375,0.00033428440893938703,21.99482909957654,0.01893537513830818,18.503279700889706,12.709120797434544,28.74191214279854,13.698841405685268,17.931759564489653,9.134826874823093,11.11705273012294,0.5919056393246072,0.6143685627277926,6.00741264249459,0.7677585663995332,0.4449467658472353,0.8489847637237474,0.18876660168197523,7.415380243353001,0.7261554246600143,0.08636574245600526,4.68354001566643,3.923849470911943
01399.dpt,0.5272281758794076,5.091291321372572,0.8842751349645188,9.702613838896495,1.6393704989497402,0.11994626675026848,7.7682885158806965,35.76449542216029,58.993580528229074,21.700093392091603,5.255489957427566,2.4747306440739756,6.127026749683629,0.0012352139707308592,5.934970170361751,0.6782592794433885,0.16528232258851597,0.9318942424741014,0.5917653478381524,5.340575731975771,39.8825577818283,9.937312334552352,6.378808265109886,0.257607128713572,4.815211946830032,0.8733184173781694,26.899748589949436,0.3431106328558888,21.922069650178056,6.49695113040137,5.582510728353477,15.549552481681108,12.767120874051251,5.01130330577817,0.731574151837723,0.4060335489762032,1.0906753609129853,0.9977640455173732,1.3308998377936507,0.514884265888751,0.052364159844733554,0.5242117218364636,2.9955469583144505,1.6767453318324355,0.15309406319300203,3.947045395142869,0.04686249051603666
01400.dpt,8.769502003011326,3.9621781573535584,0.031575971762848154,18.32783643993724,1.8197915726500118,0.8731827542722498,0.35217762304139416,18.96154943875788,208.7045156849149,55.44533885753467,26.343940330056434,15.113570489821745,8.787222232120019,0.4597346864946755,8.325641975556865,5.212751606321644,4.001278735274823,1.5196359386677838,0.0019923078354931257,0.3029500643990487,14.559532699707656,0.15461014077092727,0.789815847437422,1.8819612849036325,0.1160110516420631,0.09536354944303203,0.8514944746984799,0.049767923740478934,1.12753974804185,0.2413060240932159,0.399678312528271,0.3569471026229374,0.7866549617854317,0.0036592511650172135,0.009243932467157349,0.08205883446996441,0.03254228503328741,0.045294488421942614,0.011195418611465804,0.01673928809428981,5.138175985533726e-07,0.0001557980715759413,0.0904445714247032,0.010688610022732761,0.026780287544714586,0.10569728282164782,0.0036727570760631103
01401.dpt,16.737605574153765,59.613238489704045,12.170509250903804,74.50536942061068,7.146050536833405,30.928124064837466,0.09010939086674292,4.676676371154862,544.8705542307464,215.31706718601782,133.2292253824389,28.749761214113136,85.61336244321524,2.9514774224885683,61.498052995211985,24.33884392427085,10.20202532296649,0.01863484137541158,0.8499697103073106,4.57100493344395,91.57418936232517,6.738248965910501,2.5127288702658874,24.58102244717068,2.001835467554048,10.208181337100562,56.90268863633833,2.6182864328684006,38.06630946766389,12.811372438623176,21.02638230176824,13.228307582985915,27.8422171436269,0.8483888825365044,0.027477638954116267,1.2094576029727728,0.4187043570963812,5.867655777694961,1.6509037436458687,0.1791643469202291,0.8845222795080768,0.21423522719932425,3.9368806883536855,3.816582598333237,0.00011920741238410536,4.5740675767247225,0.6759585036686642
01402.dpt,5.658270350998741,32.65228518659743,3.894086546085617,40.22737524209694,10.077418512184488,3.358930373389017,7.590944690491868,21.558525251749828,168.752019694535,67.81220648365748,61.40761053008038,9.99394169741067,14.46884152782634,4.581831412612514,49.135521350248055,0.0018793619662761131,4.439268520772403,0.5633872953042341,2.916831675616357,1.5609369452709536,64.57966822732043,0.7694408109095942,2.246837430114635,1.5614603715697788,0.7071168183591221,3.062321306250102,7.622294022663384,0.27290815537171537,16.16624338957276,9.00707599493053,14.007409517465303,9.557780496234479,15.102972997524168,8.597439909874737,1.746378508656044,1.532443814115838,1.9278946608938485,2.312829836405658,1.914536484636001,0.07146304339603123,0.8943168722796891,0.4967384036893623,2.2810648616155307,2.068025189362414,3.596506860724878e-05,3.3669458583578944,2.9619548143499435
01403.dpt,0.7670672539642378,4.285895170311947,1.5326652304925843,7.249618455940259,4.403192681126208,0.15090045575092048,1.2342081131286564,26.84301606883749,28.230410283459147,12.418860186728516,1.8782969177668587,0.2366614241582065,3.9902503070296484,0.47013230006522216,5.108611970850912,15.013366325096163,53.96580315011998,31.454495751273928,6.206697120898956,3.228833081220149,26.83709088819388,16.726629193832434,14.914187290313548,0.301089091299802,0.005787322289843488,0.0019270366599377585,14.913810051206942,0.007906884693276061,14.866726714477513,7.462473665597215,29.199884178739822,4.3291265833270876,11.269130470478059,7.38593471548096,8.506133627135148,3.0998438989447195,0.2968652719726896,4.632197644364237,1.120348455399178,0.13885580739086084,1.1583981437708912,0.029732267785132497,5.486313438372894,1.5321077562198282,0.07619023877361508,3.551050303112457,2.2776353035640087
01404.dpt,0.27137805133493215,6.506436120337908,1.747259348052156,9.282971692043068,0.8109128286283982,0.0047914582966561104,1.6682487290845698,44.55660856535474,22.543181357499332,27.190760304192807,0.007027265069006497,0.33984206862191146,0.13480850443921347,0.49192640695600953,1.3110356235079348,11.562377102039795,25.320330498889195,28.492484160259302,10.399292676109932,3.86667807789731,18.844658095382563,19.857225850106396,4.953173141311507,2.6775846891743162,0.07900144180519392,0.18047254439491128,5.4038006045803995,1.3043478738776146,13.609153644023682,7.724920306013475,20.818273750166174,5.5617384900832745,10.067969504623841,7.638323126546243,8.258725711094055,3.0863748928624997,0.9084340510703429,5.730880512847125,0.5274168562842031,0.0120404088122267,0.7022941589484676,0.13578040735003588,2.3404378777405523,1.6951025906602661,0.2819786519321079,2.602337187631486,0.5883611625671099
01405.dpt,0.018635450667806606,13.388067149657388,1.2791424059548016,14.523578691175281,0.0804777799514655,0.17546877496443045,3.9355328584000184,72.35897499381431,43.89129964463527,39.73817290971253,0.7996572972937618,0.0032836281285424864,0.17517603508652924,2.2122974218325124e-05,4.421723648874982,10.401607513213895,3.339167296968026,28.874986452082705,5.266660662090678,22.84449875352068,29.321675573457988,22.974766746322715,2.2665506615679294,1.772271992233666,0.28476965933489573,0.7098807281584855,2.831327449230419,0.26363075573346884,10.399559299252667,7.816799365045561,15.810049177481659,9.798996286239667,9.523335588393154,6.654957474063396,9.537121941965317,0.0036313325234039943,0.49542439365756413,2.626780071536347,1.6429740581753034,0.0010707560267689013,0.2774331520820992,0.0030905821620730656,3.555118530143296,1.688877998496217,0.20246305163844794,2.5999090446760063,2.063898873616796
01406.dpt,1.2089395034582207e-06,4.60764105131967,5.432377685866581,8.169268124184102,2.3351004388871943,0.24236718221994405,1.285825676542157,45.20339124487624,10.208847885708604,20.465414908337543,0.167960387752373,0.23657542612031784,0.6557150912061467,1.2876657900031496,0.5031968904084544,8.30926940145438,18.584834646006435,25.58413007913414,8.253299405210266,1.2337994538988426,7.558955469488124,31.611896645668317,11.939980807678895,6.555564039101859,0.30871797942474727,0.666831753865382,7.229790772022923,2.6060717845006915,8.668296058460108,7.074583925271687,29.30994730440364,4.789884745977482,5.515530339872696,4.362986136266258,3.5335712694476045,0.45678210862208535,0.5386130575754932,2.7610654254733147,1.15265879057011,0.0376181203790133,0.23846211216599777,0.03434113392362441,2.2336619340996626,1.1758612576721121,0.14338734565489297,1.76437735106038,0.7322431228686699
01407.dpt,0.5958151112400422,0.4766271553104166,2.0666967480502203,4.189976165002405,3.9876078713197676,1.0338148459915029,1.1190700536992875,21.525892970164623,41.543454328206636,6.984735367024008,0.5403500404026306,1.3738458201160086,0.3524661571540809,1.8497664666091886,16.057836220321807,0.08501977859788304,15.775894635916991,22.029451940874587,38.169608241057624,4.102175821412692,6.494728896654689,61.46144484914151,36.46594369225149,0.14561716371953154,1.2372176409537257,0.1995506330166231,6.322333186117127,0.17440031470930425,22.35096524228357,0.13413900678761595,22.61397506776151,8.283869387466883,2.076527420105998,1.3139842167311262,2.0761224990986498,0.39169982115932217,0.02820555641052141,0.9607570100552533,0.08148301215121874,0.0030046768347480796,0.10010556056476216,1.1438300839121136,0.8796873137592781,0.01711221616155133,0.01161190781167875,2.0770748437591133,0.05549080103461423
01408.dpt,0.2647648175298926,5.674822625928909,10.376953675190922,7.772252022450559,2.849433411018979,0.11084711547355698,8.589223686029273,24.32504565368758,22.94081126432171,29.027180435581567,0.19701518802238535,19.22953289320437,0.0965416178865671,0.07220150583547688,0.3199576820611031,0.2913628755316463,0.790515176589324,42.68263347887499,9.997716615755985,0.001817004946190472,5.494578711281256,31.388570293830846,18.843551938054542,20.702231497076813,0.12141256005866673,0.21163457766284666,0.016950826214892453,8.61320144242877,6.776681529240063,3.414759239402667,20.799133524443327,5.285735216029469,4.873284247459515,4.766209188778638,3.827264293542453,1.0196367220026359,0.17838506228179515,1.3320448457396838,2.2245432863142565,0.008471315615043799,0.0005469743338335125,0.18009319232380214,3.1179491704479796,4.3186839297366095,0.02766204167133455,3.06709170532077,0.3738081542036199
01409.dpt,1.1383103511092514,18.641946615512353,1.4059829620754318,21.555557899714103,4.712666504188543,1.0202686746054623,8.665845894681674,20.808093714319288,59.62461860272997,67.61295209310707,11.491284291072889,16.29287323486232,0.10634350954651094,5.450332918351315,0.004385091774648777,0.15815053743766477,5.110075672405998,57.50671309513321,1.7901554152178476,0.03662310205657395,7.02055100245595,18.5728928274806,21.793807116708674,5.551558191619549,0.20713527105479007,3.334559629835684e-05,1.7856929096954377,4.277713450736119,6.487665997791033,2.0897579829764936,33.411066790320106,4.996998372272383,3.208865020270734,1.5460922143654148,3.489644221439747,1.466687499932014,0.0009135217383950156,0.40776026517220954,1.5981183012306899,0.2041262124155106,0.06525475803125094,0.01768105874240898,2.4812304511804184,1.717012783876052,0.10803218947699993,1.4130246682554684,0.25643289798103275
01410.dpt,0.5816302819116491,11.445358905622662,1.5333332074662813,11.34462360213498,4.405387475134088,0.11609348508657102,3.7441754108073506,18.384201438572543,15.748173435688248,28.365452668719,1.6985935879419272,1.4623323950027611,8.96386354293614,16.161110689651306,11.68345969501149,15.23922414050579,9.147332121157852,56.32396269835522,7.601999210159847,2.4639951061188263,3.157375111926856,27.158475732338616,15.808417601101338,14.247931134356904,8.521487273119916,0.0021886459220162046,0.16313034273395124,2.7557829291891554,3.005299514418371,1.4337146529752933,15.950613052357165,1.032858012830968,1.7890906165859821,1.6711511873065976,0.5606661833698344,2.0557110407147015,0.04027117165047688,0.2089914953052281,0.2479698214985247,0.6131301339532301,0.15700697687389698,0.09700959710167516,0.7429988085598501,1.368246435287926,0.001059863839150086,0.4838728304775449,0.0796514815978725
01411.dpt,0.3363666788190594,32.707450366629224,0.7339031936980239,31.262981951993392,3.127589976001538,5.350611855383841,15.528246544376167,10.09671825712762,95.43333158007401,130.97562224212723,20.317417847738465,17.74651190179187,0.7272270381705589,23.468146897343953,1.6143554942715235,0.785280559065921,2.5374736295132463,43.767841123152664,0.0026818406355009123,0.5030973674271222,6.029516169487295,14.29148938969291,20.00193221687471,2.642411199808772,0.6717343511498204,1.0793357027731774,3.9515906555287112,8.092592942406133,7.989153692268246,2.212867817263308,31.181167193866692,8.323385359380058,3.219335458801429,0.2742690496952009,2.0140318647123183,0.02059106835187829,0.06353197010135873,0.09849298855307068,1.1951035979710491,0.012167168013134751,0.06799526828225025,0.00022268573833341212,1.0684422998435892,1.7027996310024738,0.004407541865563895,1.0413747268988514,0.0005851157250099519
01412.dpt,0.7472996201748673,30.667388731703156,0.17337403617610347,31.668181365872545,2.6454098008157256,3.94968582580743,12.366564914228004,23.244350153439637,92.41126194641275,128.13531807078428,12.430609648159264,10.131823423839956,0.33668369897370476,26.795445337827935,0.3079425142247811,4.047884573983724,5.213499308862152,61.774053789888235,0.02063939742426802,0.8516723351942098,3.8624803415711644,21.3757237072056,14.511950089095299,14.479700943519376,2.5942254223558248,0.039381687314857666,0.38108358885047555,8.358478196560597,6.833987260769646,1.2311238247841245,16.02358642652451,2.271658085443948,4.689327478882095,0.16792682123035055,0.191323210518074,0.051578319132243075,0.03450563230123021,0.25663405266405215,1.2693973021468146,0.0029957902356874773,0.000751967191167493,0.023065437547843043,1.2255866024001676,2.7706431699019234,0.015899669557040072,1.0732390600838957,0.0821547763033609
01413.dpt,2.170555795462974,31.716892593859995,2.412053291020401,39.379277622391875,10.019801475701412,0.8894609995689036,15.006084222383974,8.671838790047293,153.55212158919508,101.69394807494348,24.939711010246857,5.728396836685096,5.640430505570349,26.257088420603196,2.9382303331201585,1.247292003489269,0.8077152223987158,46.342199814642676,0.24917561807743535,0.23992742520656465,10.58798200646452,21.698979223880617,17.62525322342122,7.6417829212516075,2.942002675914076,0.26129604245939125,0.14589669566239283,6.62331899649503,17.747952769070135,0.964117964947035,24.38434184440487,2.5169620081781017,3.488032487575349,0.034626680047501544,0.8470889100238608,1.2437133903825992,0.23678045697531194,0.005827188379190109,1.8870895643215135,0.026376298213689513,0.12130453542533164,0.008461734053136504,1.1359789596460441,1.4107043243065758,2.2561448214405725e-06,0.7802003674433406,0.002042055145471709
01414.dpt,0.0010082687805029996,7.90711718215698,0.08523253711006437,13.811769323724619,3.973707247046713,0.6158968358730426,4.9823905724814255,15.096857361419929,42.57239321232101,52.964778302667405,0.024926885146207087,3.9420463520221576,2.7380332039560957,15.216280050798556,18.24202833995666,1.1518057675054092,0.018169846599235002,63.71328706915783,2.1629238049086488,1.8225346875336965,0.23601060204896449,32.11780195958345,14.299941452779535,14.164818705556964,6.4012509166735505,0.19170036312159172,0.738573857098614,0.03487578520670892,9.915144571815734,1.3579803508873505,5.102162324044506,0.11862970027821905,3.3061703257612827,0.13300742590697276,1.6355335882124626,0.0167782649151459,0.1422169499761071,0.041839909972644765,0.37068633973383397,0.52772006226052,0.010802095159202723,0.044625345762109775,0.07488156630405349,0.5610866470946437,0.08177059588497623,0.01754862756236878,0.07188812169210672
01415.dpt,0.3181205631117698,6.63461382412601,4.390548368052235,10.197286900348647,2.046555737944345,0.1087060464608639,0.7534392030648881,26.004088647658378,3.360315742993271,36.114860516417714,1.789153687926902,2.8611976382629387,3.0834036746861138,9.14061828499331,48.19259506160844,11.507863814453469,3.435655056255994,86.80683644112746,9.76986151651326,5.20107207326639,0.4685437385070894,27.953347932094463,10.348404017731902,30.136714668624293,14.45127363910704,1.908388064293551,5.948489846945729,2.1932973433937226,1.2455221008956299,0.7136633796622216,1.7879864171310247,0.0065064497627151585,1.348318125154485,0.7650971725197703,0.31482358851382675,1.3186286480531357,0.012519969844581194,0.1180167737156438,0.2285978847278808,0.8133018518080336,0.12278206088518931,0.06359112488761823,0.09182042853994754,0.6457256128862855,8.521085070727487e-05,0.02642585758020701,0.005777206484565501
01416.dpt,0.5370702585124135,14.093544970373692,2.6510953042300667,19.853366251488346,2.4419175813792187,0.6433842691273842,3.705651746937904,38.728455859689994,27.713540809155397,59.063827818736634,7.05774962511917,8.942064787000831,2.8957034892484796,12.720312481204909,15.041338543182277,10.751805780473363,2.0586523772059535,86.43474505850025,3.0504381556164004,6.043926193013831,0.687020803170233,27.721158433851567,13.365539608536208,23.518314715396837,15.217431517317907,0.9648971016231974,1.49990113658101,2.4842145098826567,4.940279715137902,0.8756552893022606,8.98662470769102,0.05836462453849882,3.898386857044388,0.06884367247865053,1.504833286636856,0.012528577184817436,0.17052726053038555,0.03347270889287627,0.6318964236105507,0.5250674873096451,0.3546771340705969,0.011427119479157552,0.2852906881710401,1.6207398694550528,0.00220560980708817,0.02904616142426546,8.246380282165063e-07
01417.dpt,0.31849744002442204,7.962300167932771,0.24970864271213095,17.242756687170417,6.811883125867518,1.901285955048791,7.457132731220632,37.958539575155164,19.823975553054684,42.14858780902848,0.5454030750949569,3.5373993819235445,3.8689821437933274,11.26881287542794,14.817963149660521,0.19350655701146055,0.013359334809591292,67.46345246181106,0.5578072524532343,2.2084443013058275,0.00476198247812499,23.743230839465916,8.811271525585617,20.33534802666896,9.904869986337182,0.35905932342358987,0.8622933068251549,0.6042950472805704,8.860307949048488,0.2141247297387653,7.321066556976515,0.07808978504187448,2.842440058180923,0.00449389755892052,3.1707180728571562,0.4689502772247939,0.22091105924084864,0.1387133231214304,0.6560332997204199,0.7238589814844589,0.01789907126878763,0.02886314083810964,0.01818808806502983,0.8178668587780117,0.0005917301249429583,0.06400760402030707,0.0005300121784202268
01418.dpt,1.223210697554381,3.6226505477971873,2.2380474167553115,7.266415549713727,2.969609276050655,0.029834485388613698,3.724029793693236,36.56456115102858,0.7719241640925216,28.120970559991136,0.5257407807737938,5.705806308728943,6.87338003329252,29.78986262393482,34.15595530517658,16.59508463207353,0.8974913108037709,54.850894546303685,8.663282002043454,2.8211881288774525,0.08755825439999852,18.415127649654366,8.99080400969047,12.771986937678006,15.47561658900635,0.5442171860271333,2.283594397406546,1.7511661603876625,1.795485103610198,1.7186050589140605,1.6181797670339844,0.04036637761050987,0.8493138691821255,0.276254242458716,0.0036953767628442797,1.3496339102750536,0.00044682539711952404,0.14205105264090695,0.28093785981747016,0.39891748851036796,0.17486313889950691,0.009768247731010102,0.001833478753754062,0.14361807367810359,0.00010744289626956522,0.026069357438242124,0.003554133510982576
01419.dpt,0.7137094916097111,6.249652108542009,0.8709790694209406,10.064667902249546,1.317825357806904,0.11599389764202912,5.571573280110083,49.134958108058214,2.2627431735267067,47.601847627852365,0.0793970697589715,3.272107059519424,2.5763532772009454,31.5370710187734,39.513818000015384,17.18561080830554,2.840267966024154,61.36755162026088,4.720439761869875,1.9463874802670602,0.5038631951763797,16.829082109734507,8.510732050659891,16.63299198322251,14.234334512462397,1.0453829659029596,1.4242923642974317,4.02906858557973,1.1873288672788387,1.0115697419613296,3.1757798913492183,0.3101085241631655,0.7447593449782103,0.25029338540409185,0.059378501470508806,0.9863718572352586,0.0023355275920809077,0.2245293567931463,0.3079440132696814,0.4582019330101096,0.13849800023970024,0.0185493395371353,0.03124453460031862,0.35037272288322846,0.016756194430662757,0.16244708328496074,0.007740347953130621
01420.dpt,0.3518048305562631,23.273740060855108,0.2796190660280041,26.122943821185938,2.921997728019984,2.944411714718032,15.112834413829477,67.71240258271436,11.094944151266976,88.01413255961553,6.79125264542569,14.981191192886541,8.408497465349534,30.920799313882384,18.03013667421452,21.291650470752238,0.9800695258988831,49.897130316559,3.593222944832318,3.036102432249225,1.1161763600586903,12.47160558481401,7.23047998374106,14.20569277626051,17.02457872884178,1.1362677183590573,0.4990653460155751,4.885324910484862,1.4465194780386756,0.8290653129065776,3.28643511053825,0.14960763296008073,1.7294781898348506,0.0007281546844138909,0.021925575899211434,0.040900356496856506,0.06823306550430769,0.19575952525624984,0.6433691539520755,0.41589534707972997,0.19009912876897303,0.13191613633969315,0.032374971860692214,0.5869757106391321,1.4650898561583773e-05,0.11213337850093986,0.045651813624658366
01421.dpt,0.0328659186512103,5.0965163918893515,2.374628984450381,12.325567651261583,4.006939353778351,0.3423306882345715,8.790277044769727,49.69113676487377,0.44214095150636146,42.19626679109664,1.3135802875688225,11.917364377863096,2.061578389910499,12.248480744362965,36.605890764893765,16.361725292393043,0.33423711416713003,58.431281536105956,2.203836672840817,2.5092616655716213,0.32207520606919215,13.910467562741198,7.116832556772047,15.784889152893427,15.208424678055286,1.7504937206886861,0.6562256068217347,3.38420841901123,1.9667516325054377,0.7725691805268561,2.3518981539959967,0.0574560423106712,1.5065577791832079,0.039805530694916956,0.07659597352168547,0.12358456386177294,0.006021453903427738,0.24320982966871013,0.40996709084787486,0.5081647667744111,0.14578505626463084,0.10694906129920698,0.016545463704133782,0.3896389641340176,5.089671999032576e-05,0.06777434029177018,0.026038783456907258
01422.dpt,0.012747419564377593,16.432344480791677,0.47570595613917427,19.363932115728662,1.5454277370584568,0.47631964832318757,12.194934333835642,90.42790938956138,4.778653035669032,77.74275204434667,0.21417600766732192,15.759486620680512,3.0375162295749534,25.29484338900672,26.793364441448734,16.574198856407072,0.16607421681576373,48.693195310341466,2.5251079146121445,2.253644523925826,0.1578195378688833,11.865277250472513,6.646613073655384,11.138301658165489,12.362114663235614,0.4212952847659188,0.18254114681612177,2.41156000081374,2.053248352312611,0.8774124703457954,3.318884595679792,0.2988058701049856,2.045426711955933,0.007785000339420537,0.07830769418819829,0.11372402230062353,0.04262966029627848,0.03978985424870306,0.2630352556139434,0.4324348297785097,0.11439632748960687,0.09954586292309493,0.02309244303198231,0.42803257593488697,0.00966795990457198,0.10006343097392258,0.0017293194191129765
01423.dpt,0.9056453889592677,6.0655738871928575,0.48422687302931866,9.723765989497242,3.3227786256964813,0.4796430942180996,8.718553131125006,60.163370795665436,0.042043930281057594,40.559408850936514,2.0748893352976174,6.085866680511156,2.9717147070173824,25.46617319120127,36.11232255888683,15.219986922774966,0.10861221342686606,45.42899491055236,2.098863264983754,1.0041768213960962,0.018762986113573518,12.090947208360957,6.90068079681108,8.95287954742702,9.887671926327036,0.10644131248910922,0.04413502904504531,1.9192028084212192,3.0640075564579896,1.4005948120304004,3.2149374940221147,0.24256472760024755,1.4687175172178206,0.003365475003016822,0.02795257961656585,0.1599529599463728,0.0006600517178053811,0.07373927063569814,0.2765099941215238,0.26175331141862995,0.08636598175071895,0.11920729358412276,0.012514100352488601,0.16869577580544662,0.008325083644508442,0.05276405494524038,0.022995107075485067
01424.dpt,0.02507816030853903,17.920485755711855,0.25611029601812774,20.105764679993193,1.6043729825044106,0.4230353288269717,17.531207054276216,91.63376354140199,0.734296439035008,84.48273277930545,0.0712937137508829,7.714322463879359,1.7494182989104528,20.45301280365419,27.296673737581944,11.19907190425922,0.23336758996885185,47.69170179039977,0.664026792268141,1.8069220226600453,0.027583213931066455,9.19055884668439,3.1700940667729904,10.35654796786663,9.918617377578542,0.47214645711138503,0.014905092631585511,3.5318474462078444,1.757432082959986,0.3319526428205741,3.695767985928883,0.2743075568215155,1.5718757310786304,0.07062348868669614,0.26126084015522383,0.05786324513916197,0.033588868636380546,0.08964202952635612,0.2802615354122588,0.32454638189252427,0.1057556472022835,0.1010300978218306,0.02934685149420478,0.463277999440523,0.012208498197918074,0.17031882442507226,0.0008687040750018292
01425.dpt,1.3147955220406184,38.48924089118722,8.760691864491013,30.829734323115627,0.0526119465790089,0.4362779840548933,11.051099872120671,109.21663769685136,1.4246657822980462,117.7507593420395,12.124227814085222,23.686373364752463,8.222364281758184,34.8827055586392,10.967808064434703,7.332286442594091,1.1579412823540434,3.6068084583400357,0.3070825148561776,1.6012648910351257,0.05980496577565384,0.47518336166554764,0.7646707584505354,0.18474959439654426,0.03130608964600541,0.013406130140438456,0.9908702637922417,2.4509715424567937,0.22374744504182498,0.04720528545171379,2.9098179621393636,1.189664362546399,0.00019283736903974593,0.003702954694261595,0.623077123624818,0.020025258091483412,0.20957690705174517,7.764849990771993e-06,0.031819614172988765,0.03589558855244753,0.04278842730774319,0.0005355679206541125,0.19584982442033338,0.0027871601033026567,0.003710496492530571,0.008428409293691487,0.002025297739660028
