,0,1,2,3,4,5,6,7,8,9,10,11,12,13,14,15,16,17,18,19,20,21,22,23,24,25,26,27,28,29,30,31,32,33,34,35,36,37,38,39,40,41,42,43,44,45,46
01324.dpt,-57827.85076355453,-4454.450453027833,-280.264237070403,-1992.4719699170896,745.2053805201544,177.45636348297467,344.4531514605868,-616.0061702935778,645.7381791019733,-451.59781714957853,14.691458131314851,37.33820376278045,65.38666748756056,-68.53655057738395,-48.30517062120622,-38.712315294223686,2.884609589250923,-52.50310005962682,13.452425442186883,-46.89846716145927,3.1653150576373292,26.327389911670693,16.202275082876945,10.36427817022878,39.77664727767322,-1.0483084221428614,-0.5381753930105996,-0.6934460366814508,-0.932305502269771,-0.365540966410548,0.06915651082567333,-0.6034053520730608,-0.15151189534598689,0.28523189116994646,-0.02609748172138815,0.006840627356549694,0.04244140411317299,-0.055285839823318625,0.2907804957350149,0.05939926402846763,-0.04460307948446257,0.02187203497129089,-0.04771753739273416,-0.07149898605602642,-0.023659079791336454,-0.16970862149063057,0.0164221784259131
01326.dpt,71843.0719509452,-7710.90395316934,4523.71935364351,-1517.1862591083839,690.9277544617908,-2026.3271695074668,-271.45227025082767,-256.8721489077053,1371.1676563557455,-604.6755616911896,595.1083094031137,112.15042194835192,18.279193483186887,-33.26385289524551,-7.147012183581086,-23.121045472774433,-10.690894379875473,9.421056572726613,-10.626877323139786,-20.294664084180816,-7.102833288637054,20.27810233181409,14.668495475371296,14.881944038343105,7.8327625367219165,-1.2019094934825714,-3.7255464607835447,-2.8319690758731255,1.100421872956916,-0.6119130706918254,1.5581608758345273,-2.336158085316095,-0.9054760480149768,1.1064397790254672,1.048997638930606,-0.42098870469454597,0.6456835694892495,0.4142593105869136,0.5791706975107748,-0.41296258743927583,0.3091908320430761,-0.2798758798924731,0.30418603403090544,-0.5080725894690882,0.03796169029523364,-0.2111294581425605,-0.03373676563255891
01327.dpt,114.5763800833397,-4574.658943913273,241.82792149588985,-1028.3803650542209,471.2597721844149,-136.5870802255545,361.8687715792111,-187.9580263957368,492.7252983403145,-245.01197037059737,38.79524412102663,30.86521447444974,16.85334549943316,-2.8244983917133526,29.03221764001654,-59.262422072968505,5.0083982227444395,-4.0500848342306135,11.44070604278877,-10.088998100251416,3.075868283395498,-5.7272632956791805,14.377331293772208,22.016112203426676,6.225299842239397,1.252076375072582,-3.27480588336926,-0.5405550608509327,-0.16348727259389598,-0.4201756375549688,-0.26953594390972546,-0.9204512363214493,-0.21471114865503726,-0.17180770653355007,-0.1399191716208589,-0.22789964089562528,0.39581369041903636,0.2623419248203361,0.17229255599722293,0.012990685532332827,0.23150666998134403,0.10216967956439434,0.1384972314867521,-0.2686947979470802,0.11962774949798789,-0.24377560059931497,0.02634493733531358
01328.dpt,980.9905153428298,-2232.5405638805023,-644.5704516454755,-184.8552685958907,350.0071219040434,0.4736938363598384,301.5666820357813,-8.552505031842308,225.02712275312314,-66.05104359543192,-11.22034412883033,35.31647526715538,38.59938000178591,12.354121445144816,-17.586903692970253,12.661998592300833,3.3997208743371203,-8.407657439176402,1.6663237114563747,-0.6697533868706718,-1.0608856604145165,-0.34550011137740766,1.9246975220134601,-0.1756951282738943,-0.9352453344577457,-0.019500448193029575,0.10744790223387889,-0.7682127336346103,-0.7568845044699933,0.0686727696605052,-0.1272927422971992,-0.08557644756594164,-0.2636896817263841,0.5105441279112727,0.18502387288733285,-0.3192008483475897,0.055435801364121816,0.06526601328756759,-0.022123411710182613,-0.23215138205361344,-0.017140097434357852,0.20039627534443782,0.032030854759605404,0.1465205470069171,0.019235988720290826,-0.09302718189836832,-0.1109022075571628
01329.dpt,34172.10804725678,-2780.421776286088,2238.3146534051434,-313.3100287091132,134.65316039598503,-475.65752247934114,214.44537197211517,34.09965297534085,449.79572808254466,-266.65436026440153,114.55633974762105,23.78547911435997,139.3712923846778,-6.889494813991028,21.74747096581743,36.63957288776797,0.4553500786305921,1.3883803985282408,-17.984735963625692,-3.4501653371149015,-9.026108676910527,6.040988016196334,8.576232879811986,9.220379289961917,-6.817783020549072,1.4500174990784813,2.305497552229009,-1.4207478905444622,-2.6078896579263606,-0.15007918907648302,-0.7427258349660264,-1.3061297978958466,-2.5243057428044833,0.16798295527430732,-0.6486154395448189,1.822997707002966,0.2259211719042446,-0.7128401932369466,0.1543663631622781,-0.309272280748595,0.8124878142693764,0.3935070688779823,0.24197651119350105,-0.03962965545503604,0.2457558835848059,-0.4394532183116224,-0.1123807015426865
01330.dpt,26316.06329027817,-2296.6675639607547,1251.7334597101617,-223.63212194737946,-45.263887650846925,-468.0495013031294,122.61667181281034,5.350397825557862,465.9046826015444,-198.10153453684887,108.37106177430876,27.09511495690257,70.76347184152573,-10.447568008379346,8.372833930116549,19.741556597428602,0.4768602219380618,-1.7768025616364373,-14.469341170645004,-1.5648914077492773,-7.573814189336526,5.9878347205514535,7.707108700776493,5.020965964187133,-6.522201894134928,0.10450700152777986,2.027915525192091,-1.366101612309414,-1.6375327176477963,0.16613882856192116,-0.2138532843924775,-1.3561430420002762,-2.0417401429392874,0.6776797580851457,-0.003472055972024263,1.144040567579692,0.1770322324249386,-0.36520133915231723,0.3685845071615837,-0.4191729008273781,0.8141429374241769,0.32478475068104123,0.22054433212577432,0.16995903457569692,0.08776352952327819,-0.2607585011289917,-0.12217471853859853
01331.dpt,-1616.257307451762,-1793.006047548828,-729.610127036036,-164.4741284458226,135.09550755688778,-82.70474958614894,314.4224030328134,-65.91626106842047,269.7685194575453,-103.93333687867434,-5.457075323120067,0.9198911911627874,18.04219822215772,-14.552272523207218,9.832630919271747,-0.8811371775225475,-0.02617296799899365,-3.7821597609225637,-5.8886085245105315,1.253353594869456,-3.2557715794169555,3.0976949464906527,3.47537013676882,2.5559070569931897,-1.706236307584215,0.49237054457062546,0.4999844090149421,-0.17143083825829258,-0.18383385898376775,-0.026659903549822877,-0.020204764201289922,-0.5258048332362605,-0.41075539163799346,0.40797542940259696,0.45056726607832176,-0.12473962426464622,-0.015030134979833338,-0.09969641641547988,0.2261897662422123,-0.25522399864800094,0.30929891373817076,0.23385656544770916,0.01592021026039312,0.1644434464325415,0.025580290367806464,-0.08582817296693278,0.005919030336279029
01332.dpt,17895.319364381445,-2464.6983879684713,620.845761416391,-322.1389200483559,206.47442306520136,-398.99936656023345,131.5562502342863,86.7350360011809,291.54530473588017,-178.67066573959104,48.605444491087134,28.63198883612046,41.28104618195944,-13.720992092086144,6.7489056087679735,13.329222429225442,3.4982649254060663,-3.751628926409615,-6.67042118406854,0.7637289278950119,-5.559837449559775,4.235906208179914,5.316842869741777,3.195929136721585,-3.454025767680497,0.7579906905337346,1.112564482990128,-0.44356760748060586,-0.305796045184879,0.09331052111849333,-0.11104416137358897,-0.8571649011933635,-0.8189217246711695,0.6946819692976433,0.5544872824573257,0.08739097561601118,0.023604764768087167,-0.23379709505364543,0.35908600233088156,-0.2577059605684045,0.5852822863055077,0.2684257949255633,0.08514376470567472,0.21932771179376112,0.05501580819799744,-0.17698215206687823,0.01772274642009332
01333.dpt,4337.072644669587,-2088.1093566902337,584.2782046475268,-248.77876589601226,191.06273210423637,-11.21918188507262,187.15747862717728,61.634900305688824,301.95304002953,-88.7797958627115,24.9985641641269,4.115606248863378,51.1179659377818,24.082028959773446,-42.75677092160846,21.293624156197204,4.016780171833006,-8.750142370012625,11.06262716257556,-6.003998969417012,-3.4775781606994056,-0.8367046650254459,4.880877491122722,-2.9017614514760655,-3.3361078283361083,1.253061544095026,0.7401981694928594,-0.9355900386727678,-0.6120235299656085,-0.33632444340352946,-0.3976233831951466,-0.26974246423179804,-0.2265929675285001,-0.0028766433404277102,0.6098341432386678,-0.28480221299609193,0.2681281850190146,-0.6287698958081589,-0.06921723372309335,-0.4332942936449865,-0.3882722665445494,0.2979631996031202,0.03310456383606545,0.08228847748088859,-0.06669137209170282,-0.017220417242280035,-0.3404178445042209
01335.dpt,12212.407065421412,-2326.035233704795,-922.8293020797599,-206.15012862629973,300.12253408100173,134.76852673038817,134.01452743887458,43.83630521294779,287.15374651525747,-40.35916704790643,-16.724851531123157,29.844250558148527,5.228318585127074,0.8098103709718966,-9.7171489755666,6.5870483679508665,3.6912854337580963,-8.82007635646652,4.516185698072943,-2.0529150225636186,-2.5306939465686793,0.6952670961288416,2.019722819486109,-0.6107628144568933,-0.7382723354807864,1.3422282817976559,0.5091896548296992,-0.4081100756039246,-0.11011854767044946,-0.023052135403729326,-0.12626560570289871,-0.06380464003634086,-0.5125028126660526,0.26265462480237634,0.005214022559710147,-0.12295709029619839,-0.23933404217049442,-0.45670298432373474,0.08327033158562377,-0.04309499591813944,0.20891829636793507,0.14497058072482996,-0.025863164639591815,0.10970757938735638,-0.032109578351957005,0.024023479539934618,0.05598755396812658
01336.dpt,2805.0708415428585,-1855.9367875366693,-671.7785867830426,-213.6068817134056,244.58229013692716,198.91150103441248,53.99778228712037,59.81962071041339,185.38819509207678,1.3633363620437373,-27.832298505698816,18.901511418957675,9.941789510347895,23.888914269287305,-45.84866973732926,27.529497859067387,1.8138972150223198,-7.448059190034611,16.625392665494402,-10.377411611982893,-0.8492632076127168,0.5095154681876087,2.0368219762412187,-3.9856640404865926,-2.744091467816637,2.784535783583264,0.4296120187493335,-1.8136002931477855,0.18601896194504905,-0.4753651008383824,0.03785945276223054,-0.13459737812307968,0.015275679460972103,-0.23715009715099092,0.004097546784807006,-0.6168948731301036,0.4267504302350065,-0.7030616825651815,-0.1998295245477966,-0.6679387312949359,-0.2944598939896206,0.1533824703156135,0.17093324151498915,0.11105495350999191,0.012769525141222367,-0.03829640277254766,-0.27687806099907286
01337.dpt,4295.730458151752,-2062.814088898525,-337.1217291454668,-238.44894577339744,189.5235478160927,168.62017850887534,80.79470056277327,90.69472207958215,289.59169553579136,-55.54354750459052,-0.023651454100477625,15.9652282475374,24.121912383958932,3.308560710017664,-15.511182118246559,14.658116887832337,3.734058164058226,-15.905057288289793,7.039774541090318,-5.31545907030432,-5.096466387516207,0.11312256425918749,2.6561338966236003,-2.602340428080508,-1.8969624779483965,2.296197294025354,0.7459484429091623,-0.728754603501497,-0.032267760335033535,-0.2308251169374245,-0.08942706404154446,-0.316820434188037,-0.8519662783599269,0.21490423803925376,-0.06585618248917471,-0.1897650415594583,-0.3384716113356683,-0.8900263108097476,-0.05644732763602947,-0.16514886680947832,0.2527432572165572,0.08327698129491529,-0.0641751420836315,0.12095995768066233,-0.025599235136245464,0.06867740376578259,0.08748628700183854
01338.dpt,1268.263214136827,-1579.6531481183179,-1241.1077509657853,-118.2978593634803,187.5067281740744,327.30713566728207,29.28661699206034,67.55591968482834,161.79986834465063,7.3670829486256455,-42.00085591923935,27.417931074679316,3.496733529059784,6.434699184942417,-16.362977166418545,15.059510698953988,3.8837261739582094,-8.951488277389656,6.325516032987096,-3.1779445445537435,-3.7887489258673583,0.9435288145714297,1.26853619002454,-2.8171026356560898,-0.9839230680316451,2.431388453945927,0.6551887597865657,-0.7842745139528233,-0.13252606553247248,-0.08819926427888344,-0.20313637705121945,-0.1727087815902707,-0.41770115383497197,0.09511239460902983,-0.09071218334053395,-0.38326508490685524,-0.033246605109259336,-0.47990562542501414,0.08570923625999324,-0.23597165093386183,0.17868874317595485,0.07433623394516337,0.026309441851962264,0.0627002102459057,-0.042540072612802814,-0.00932585147708249,0.06911964486834772
01339.dpt,2126.8439361716614,-1789.0894913729674,-814.2412674785887,-151.00829322622135,174.4442607109534,344.11728678241957,70.28036851414056,35.51778965756655,200.22226542957517,-13.768049526082567,-37.23844778774312,24.102177421733504,3.101116860800233,11.908323470080905,-27.518505912036634,16.549412187542984,4.23391946331316,-10.132715163105155,7.907598279741879,-4.122720254815405,-3.3535471469247207,0.1113492229278151,2.0335633224519603,-2.9255246072950998,-1.4974429252112411,1.6598780275182679,0.5625003605935759,-0.9565190980310936,-0.16492819753024965,-0.25813962222177694,-0.07484093442786113,-0.10418366596384845,-0.46746527528559406,0.1115390358845525,0.041052877193302036,-0.4873898597004077,0.06560173194982666,-0.4459946354485346,-0.010656169509986423,-0.3727259814302188,-0.08480383998149124,0.14075243139788937,0.047861970153949204,0.03543554647961736,0.00768400662803391,-0.027813773493544747,-0.13864995582112674
01340.dpt,2684.0984419461743,-1477.0496335448154,-1419.848937491144,-113.87660491100245,215.06685992105693,412.5982286384917,0.1553956296252811,37.916922895987085,137.3478430952427,35.767469747165045,-44.95685175684986,38.18685673248807,-10.321236205062707,6.64640104167766,-14.432495368806384,7.537965888818619,2.1751401647525905,-6.357743385699092,5.87954620103574,-1.7591505962781042,-1.1647700292801142,1.3988989177813114,0.6939548789881645,-3.2624819248240824,-0.035453070837342074,2.5694962639298558,0.31174522410811145,-1.0815883618227486,0.07165159502820599,0.05250379542460708,-0.2644811237323505,-0.3452346337276444,-0.035846042981099634,0.006237099926950092,-0.3521679750934297,-0.3938723170458094,0.10744660930033703,-0.20295306751363215,0.07045907767217163,-0.25759358140505195,0.14524251642140953,0.062492386719379116,0.11013212579704394,0.050058212800515395,-0.08118110667072422,-0.06241187586293899,0.11136481008107021
01341.dpt,1812.5638007975685,-1504.9030826486382,-1328.2985774655426,-130.58967338260325,194.94941258366853,380.06688581093323,-16.09949631193322,-13.049730453812053,114.64366162081184,13.9067819739025,-26.951792140609594,37.843865419533174,-12.609442018764849,0.45753986415937076,-7.267341864453786,1.5498417007105725,2.8060115022935865,-6.939404317995143,2.3622671144442324,0.05603340041093529,-0.24751622988499364,0.583221088011522,0.6494359625354581,-2.235854613931877,0.42146503048139344,0.750716681388219,0.3867746347955101,-0.5183514113374746,-0.09119037266758126,0.10426174799886494,-0.17717631871530967,-0.10906172848821663,-0.2741365196711664,0.22452555501644275,-0.15350495213932847,-0.18235936418176707,-0.12425981185895989,-0.10248047114213177,0.12127955340861635,-0.07990821356116232,0.12183602266173046,0.025753657995509015,0.04941811260258065,0.03232318590507703,-0.11662893513403305,-0.02344063289132945,0.03844795602164253
01342.dpt,10017.797030725036,-1355.2848420665819,-1222.6173962103508,-132.73478641485622,135.9888662420377,242.33713571850615,-54.61490044347355,-14.73860775214535,165.76828823260126,-15.142368100449138,-15.757192092954062,44.9443120643693,-14.658679523608724,-1.1946421464566979,-3.8213288657000817,0.4858966251113376,2.029981786739081,-7.083244809018411,1.8594519295957386,1.7380522108446694,1.3427235459979814,0.648932621008779,0.9745898087712033,-1.6499651109372897,0.2982332946432996,0.535273106787332,0.48875645695714626,-0.5385704059751408,-0.10344819038941386,0.19549222527041024,-0.08086578449555444,-0.025618143601196065,-0.1617344776515882,0.29431985779138853,-0.19857416040025175,-0.18051004001704138,-0.14135501852741086,-0.12446027677436038,0.1287226177762364,-0.04650104071449035,0.12662392099350606,0.012049367869341548,0.02523580505164281,0.07036513378628206,-0.14724290827444494,-0.03991612274762619,0.03054686717741293
01343.dpt,12643.318362136866,-1584.9262637557758,-848.9273571923164,-212.8707282642574,111.2348954817956,190.14125009289882,-103.90513068801165,-37.61674738606785,182.33128504027576,-48.61242447782338,-2.982512948440719,36.172705610423186,-19.575057739505276,-4.55970602816651,1.4548332482757025,-2.874529899842108,1.0292715134718171,-3.723529200755985,0.4898803739276958,2.336642996557023,3.838358892938959,0.942998875500855,1.4852191241160766,0.5486897021921983,0.5833027413048593,0.1344078338147501,0.1082843925422374,-0.350960888848804,0.1665786496334101,0.15339994445155,0.15799921291633204,0.0653783247785879,0.14034724190273307,0.16059405198366672,-0.11080259039410482,-0.13441317358026053,-0.0334583033500238,-0.002389077729282101,0.19673906619719625,-0.014707923639774419,0.04379053178095233,0.04473803053413222,-0.003437482660148261,0.05154718976383462,-0.05671413304452824,-0.09098449648972068,0.014298091105430708
01344.dpt,7243.762021780286,-1882.783112078442,-600.1957621855362,-150.20244949337643,269.20468499488715,420.86729384807086,2.3597775524430205,36.39789415150314,166.59548547398376,7.074524161492052,-32.442999837897645,15.72953879902922,1.9372179287640914,9.79123048497305,-13.687801227005416,9.402553019633137,2.727872108980681,-3.1748304397102385,1.102955297664884,0.7437190063881496,-1.913151942019227,0.6794236541318008,0.7823892331829819,-1.700484601874955,-0.23608190921106456,0.7010067946651324,0.5644370646444437,-0.414407028244168,-0.21309729080994588,0.1280717340452119,-0.2714679659618858,-0.18649530364188835,-0.43301325912498745,0.3171101502303875,0.11203943200660624,-0.11619784961978735,0.03402728426300774,-0.0811655004010427,0.05683224062680401,-0.1435751527131568,0.044370492272465416,0.12193320521935247,0.0495702139505288,0.0329521375221016,-0.03450758314305745,-0.04178852392999112,-0.04001479275006773
01345.dpt,11939.283277796516,-1026.8461779985435,120.60982268024826,-122.02672037907523,88.72595844533438,95.10760687593321,-108.26877951672334,42.82556831645826,213.64090540168627,-40.912722133485815,9.872766601458121,1.6839338501012855,8.77753054126609,3.630267663250214,-0.0664599525364579,3.5072710482089233,0.9927082905798538,-0.4828729467236346,-1.056912376831748,1.88696833966594,-0.5151225230070516,1.74748295923759,1.5954725777643763,0.6036370637018887,-1.0171525942902457,0.697505694547827,0.5759227125727279,-0.4119763040925149,0.3409557017665228,0.24499368077688174,-0.08384088241259557,-0.1978887509862947,-0.37821656527489234,0.38725506745164845,0.20191565377821744,0.07821957894396446,0.014378272823311163,-0.14577000544742294,0.20169132565205924,-0.10000849964012605,0.22734856565659178,0.11670070276168915,-0.035587560714499526,0.09013016517447274,0.04047223936994797,-0.11132127030641147,0.003764001917766002
01346.dpt,1308.274180560731,-1288.5813446765835,-850.6164624920425,-78.95143672068637,191.31189994881595,371.25747238071,46.86449418758215,31.62031223314661,94.82754835518988,-24.66452865027669,-23.510093992172326,25.34502180986892,13.617486234320102,0.39300326023286664,-5.723649665870136,4.488154007921499,1.7158404875833553,-3.158277025112454,-0.3042029366925701,-0.019391455947518267,-3.232896290878444,1.2939687018464971,0.5124901503777555,-2.3296184135510867,-0.7637609039686396,0.33070971191532084,0.8613837940239122,-0.4978925863837195,-0.24226296312718637,0.172631963390481,-0.4339243737568998,-0.5120948815219625,-0.5974405536930416,0.3649513665082724,0.1784332528012337,0.036561280526703675,-0.1033773482148004,-0.02203629824311109,0.043819271789345235,-0.09715143334839049,0.23766239203235615,0.04077812657302296,0.09704111286863841,0.04570023305417416,-0.1870562383200924,-0.06742762261199924,-0.025879002180910847
01347.dpt,5036.540279406846,-1304.6578829850969,-666.4495061112482,-98.27404405155737,191.52395965544235,460.77027962424165,-28.13919956024667,22.06944351700382,144.0384674418646,-7.333771378376689,-14.209583248082023,17.601732940774973,1.9874385628585427,1.2912865965559759,-5.152254443259701,3.256669304832045,1.209530181923617,-2.4395552345217237,0.07743273274173813,-0.1927925105503971,-1.858612349492691,0.8087246230611698,0.42297712975876056,-1.6168401488614874,-0.37823964722834735,0.31996273217351523,0.44957389847874396,-0.4102348398850289,-0.09171483140800635,0.14340603142682604,-0.2743737888026695,-0.29859212581637845,-0.4320594801972554,0.25887296580726527,0.1039956374532325,0.027873453390173882,-0.08331394615782002,-0.008697709605507486,0.038276798268696566,-0.0717060915704649,0.16094398535866133,0.05756106484303152,0.060782626806873574,0.042419121848016876,-0.12052648156995036,-0.042953302527723114,-0.012955393917691741
01348.dpt,5001.204367058008,-1067.7098767695009,-952.0677264827735,-84.63856449902926,80.14666051677567,304.9302453765086,-43.36762269638261,-11.841843297046855,54.95275955322091,6.207849251318387,-21.767894713075773,16.978623959886637,-1.0492131150420743,10.294172584241807,-13.75085190933464,6.53039058618278,2.099696653246914,-2.4987168318967474,0.5828080798694306,0.48608237171051394,-0.9802277791353953,0.813373310934104,0.3797596348672731,-1.8663113279291448,-0.24348831731455228,0.04782820761662399,0.5910631424323873,-0.6495275289005822,-0.413781930765664,0.14257244059492497,-0.24379692689080135,-0.1598625803385456,-0.21035127408015605,0.3598354825415598,0.24179301745271714,-0.14612784055793812,0.19894443123674446,0.0955780637456685,-0.0477882340705013,-0.1891172299161104,-0.10648806448156292,0.18719886792273743,0.17233114525374793,0.04454151854317656,-0.1553923176447567,-0.09512722693857678,-0.14969069342224942
01349.dpt,1678.929671755123,-1135.211366962213,-822.0649152030654,-66.70732017746369,114.74729717287256,407.663575578594,-18.93849136478463,30.84873210127627,127.61125330978452,-8.356328675922681,-21.687767582402575,10.172655266420575,5.971507920651976,2.656213355955453,-5.239211093655814,4.82937082169116,2.407691666594574,-2.6661809474624514,-0.13544661887790446,-0.37497209681385857,-3.352471785805879,0.878003636635847,0.688600733668153,-1.2375052878791537,-0.6291380817600916,0.7274695376197187,0.574855057914172,-0.20581490397556992,-0.17911405316746612,0.10837394626307172,-0.3588486498326577,-0.3473202333158902,-0.5120370924991192,0.26362711264352984,0.12707735022731126,0.03562193087315366,-0.11600218630873718,-0.1356726650244314,0.01764872383851826,-0.07123042571651113,0.17811043567200383,0.03649508257759083,-0.0032413061750841883,0.08770486912162553,-0.03984411093239577,-0.039719820520094214,0.02984570033648465
01350.dpt,-415.0428397684833,-1046.8703983040648,-739.3082590750524,-76.70142243129129,42.93536115429269,377.759538626388,-48.46971627556986,8.875176505999736,91.5606813176487,16.992731282581833,-37.38849532467323,6.953765249229622,-3.4151499164512833,9.342489438280861,-13.478403926841468,8.407885345828069,3.6765408719479966,-2.4273846841534756,0.4757770019254132,-0.5194332667734933,-2.1895017174705544,0.5672975718966244,0.8449249609635813,-1.0387597771554344,-0.25930713959717455,0.5684884279674688,0.4152308275199354,-0.25482907243133285,-0.4667428421548091,0.036162113101789996,-0.19579898605407872,-0.048906132692576786,-0.3909105945304116,0.2129520095313202,0.2597333894798328,-0.19369470178379428,0.09082000379480985,-0.06041527089376821,0.0008147941060440225,-0.19582103048684202,-0.11580567448370929,0.17875373235236894,0.08273548294201254,0.07623899767358709,-0.008754750088218207,-0.041472863468376774,-0.12805072504359782
01351.dpt,4990.691459127354,-1466.845170120729,-728.8403900480273,-91.13708500596202,143.23942585156257,337.75464619815665,-59.97314051798215,30.10789918262465,157.9084637200979,-4.035018849333011,-13.453813466859456,1.3566117001010072,1.6804841007996625,5.8724115998402135,-6.425866798473153,4.546648615991141,2.9792125106034066,-2.2709811939497158,-0.1328072657552477,-0.48065075941555746,-3.0078987313816086,0.8018241523985582,0.7148845213249495,-0.9027171933164614,-0.47523924615305824,0.9519219634604791,0.46592504679450863,-0.17198048149638567,-0.06729038936927027,0.14702708960442254,-0.30633158554467976,-0.21870882831950364,-0.5239337237939156,0.21182314522703066,0.10887963086117147,0.01167738887252779,-0.1116070673355279,-0.185122637968427,0.035845640309923925,-0.052132637748726535,0.16215122828612957,0.06011346528173533,-0.0036324926415804287,0.08937434293559764,-0.003717792907449679,-0.021468694164074684,0.04993555133001733
01352.dpt,3335.7777752141437,-1542.6690262052618,-677.1011941552397,-123.0030639493755,176.0182134378048,381.0147567549349,-23.887723971275147,40.61055892995203,153.8652732058883,0.8356923562176735,-16.242776349835818,-3.824934645911267,-0.2305151933583311,6.12353691240396,-6.6057030338393075,3.80324044472952,2.7778185582279287,-1.783301469695137,0.1426073751010736,-0.5975135187505441,-2.6105783673046363,0.46685427316029093,0.5926814553402334,-0.7897346247026721,-0.2990507410742665,0.9686665995702002,0.332700442671865,-0.1619845488964317,-0.11218148835108771,0.12174910383514576,-0.41425690894985306,-0.014863011909454698,-0.42062868672103104,0.13617784370707559,0.08584338019543501,0.008045858850055003,-0.13531881551572877,-0.22972264621707397,0.08052225102385721,-0.011377760900058669,0.08093733735519294,0.07978106761942026,-0.03322783686702762,0.07256096469222867,-0.041243354129236375,-0.0207051916660858,0.059295394649787225
01353.dpt,5203.67385550923,-1573.9260212978352,-664.8671726052881,-99.87583689642679,153.8494463801014,336.59360846872744,-40.00848390303264,31.038315041886943,149.14503170027356,-1.5674703615265522,-7.657186514919139,-3.0753782097317948,0.5946976060598835,6.068546440446447,-4.624232420356455,2.535038339723739,1.9475853569797845,-1.3871775040820826,0.1665314953252364,-0.46544317493378523,-1.9446445593975714,0.43246152813757854,0.5095359215226746,-0.7145082251441851,-0.2786843249507557,0.8905449524382753,0.2764870256714583,-0.15635093107021314,-0.012492161798130398,0.1308881659506778,-0.36158728717290545,-0.005126563391873173,-0.36447756780008944,0.12808457972363063,0.09818390554095464,0.005413888668186349,-0.11167252098271532,-0.21759913361802394,0.05668641946563265,-0.0019239791507887115,0.06443132671023154,0.0496583368458338,-0.027069119782350076,0.05071784521080797,-0.030354169226309353,-0.011811805360051554,0.028534906792114473
01355.dpt,1823.7267632317512,-404.20318708433933,-213.20781818682624,-50.3784129940347,11.538493133999102,82.1927036258029,-1.0759578457220862,-4.15620570638466,27.784972883842354,0.8489326921626906,-3.9874966241335743,0.6596466316600056,-0.7126490912467934,4.144462039013076,-4.293255757357508,2.405977417523464,0.9034555043681537,-0.6259071605230315,0.45886364765097853,-0.4069353986886439,-0.7073634348017712,0.08479848288285165,0.5544997500623396,-0.7007178225732245,-0.19131592191467794,0.4556182095674189,0.09421494755733811,-0.23115422698898977,-0.12924446381623567,0.053979873688894,-0.24992135702482365,-0.04778418940874502,-0.2111736287618283,0.1503404980528816,0.13618879733169176,-0.005881255890942598,0.030881441734433808,-0.10228008813661632,-0.02301917300933177,-0.05611651995139292,-0.021357433333811328,0.06299148010316415,0.013219540214220933,0.05365196932735488,-0.01694163632687439,-0.042927319340551974,-0.0017474104283354114
01356.dpt,1650.5004411967138,-417.3499442975342,-234.65833844381106,-58.036862307670866,18.42010150865539,70.70851340440151,-3.451178996010336,-2.853494601808884,23.91567747428373,0.6689516064818481,-3.61020456007584,0.9732584676701677,-0.6430398609906097,3.80761986708717,-3.862344857518111,2.3573224685689205,0.9646865141412861,-0.6643582741537618,0.48206195498147525,-0.39248450441866783,-0.7014660287776657,0.11120328539489605,0.5151569840682313,-0.6598772237866757,-0.1917533301496479,0.4533145845256887,0.07872854226491328,-0.2364599702627851,-0.15537669829941644,0.047857927287100185,-0.2657721502753505,-0.01738186958183094,-0.17694107527009828,0.13839244973292736,0.13477597988600218,-0.004209979168111807,0.0323241208360698,-0.09690413538376995,-0.025872854422895636,-0.049912859170773434,-0.01743046977319146,0.05499993412583778,0.011522797264687142,0.04607578723078247,-0.018240894473870096,-0.050087920958371834,0.005018610564896537
01357.dpt,273.7600800857668,-286.98276987026975,-326.3734916506731,-28.994130973742962,22.588658689129907,102.86621985537401,2.2956010661498385,6.122724260131434,20.054841617035315,2.9378890008774383,-6.282177360076778,4.716748543541946,-1.078222074672756,1.8173690521012615,-3.873476901722425,2.5745011742410244,1.1301042491734157,-1.028460537556548,0.41821200582858825,-0.3222844222889846,-0.9014659805575697,0.25875103504319913,0.33008628952961927,-0.6012603304866424,-0.1562092061299868,0.3343407588760956,0.06395166092294698,-0.26087465770954216,-0.23743293662842954,0.013733039470761538,-0.23672417739735316,0.003077572535116802,-0.16663213633294735,0.11705418447337966,0.11529091332836806,0.0031352332631104005,-0.002966723283967744,-0.05803273471289393,-0.009647822067331623,-0.05346528791554343,-0.007525318971047073,0.042777985215877286,0.010774820276603144,0.04949295362018076,-0.03591741472903129,-0.03791056364580441,0.0026468951574730977
01358.dpt,1358.4160463515166,-312.7317862484931,-193.05205874086312,-45.91860165591179,8.34750228190009,79.8740846847226,7.103545998120308,-1.7341915485388377,16.709612737342738,-0.5175919052672135,-1.7707459550424154,-0.6303951341212859,-0.08471415221545225,3.3771207689166287,-3.198231741255044,1.6955391038826912,0.6106876028418524,-0.5222490653682039,0.48245097274333465,-0.38273101739915905,-0.6088120548381655,-0.11170737759076582,0.40719985525256075,-0.6413583260751343,-0.11195050505780585,0.3619737379171635,-0.012775805382003716,-0.19817583336460284,-0.15613959147353282,0.042934897204156955,-0.2719742578790743,0.006955972604322112,-0.10706367476328524,0.07836759589994899,0.10793305163042723,0.0010950815158181036,-0.003290341785611743,-0.08935435751328702,-0.007296801360764698,-0.03442128466326586,-0.03214361176544462,0.04849879512616195,0.0029088777106974265,0.03221268300740274,-0.03801812440290906,-0.03279723537772212,-0.0015708127671984215
01359.dpt,371.55997309114855,-307.38589223431484,-268.6704808176941,-43.5700035303265,24.195575046283416,118.58878641979999,15.41950748643367,4.633829843754148,17.699858874522317,1.7848616024947652,-4.261134620135592,3.6561917324109054,0.3614981631518452,2.5243297922062724,-3.580704994082734,2.540694322345391,0.9434769262585546,-1.0410552120099816,0.5381402185227007,-0.3510358720408888,-0.9500869319127716,-0.0019342394204795246,0.3919388668757054,-0.6484157610639284,-0.15199097998640768,0.3471239319553742,-0.03407245574008593,-0.2742056185167443,-0.2988353864668754,0.035245954253725356,-0.26206241785141726,0.0006846149381688775,-0.1148864536126038,0.10327657703123408,0.11733869154899318,-0.005078165444577703,-0.0163618343534847,-0.050378245842009055,-0.032853544280066954,-0.031051110574222423,-0.02298251557933498,0.028998981341596855,0.009260538873467701,0.05065857949895446,-0.045669709756926365,-0.0425146805885315,0.012215881441604438
01360.dpt,805.4151971517396,-296.8282358322284,-297.7998222223459,-43.747715609711,18.37651244758161,116.12468332124094,11.670352751333468,4.64505643958937,19.862595715737836,1.3577562803757688,-4.919175679660569,3.2641373215003004,-0.4450838051663836,2.409492614817211,-3.4440147459878987,1.832357319310274,0.5903397672395806,-0.818864333113815,0.4540984650188323,-0.3333486693300664,-0.6702101455163139,-0.06252280581336413,0.3362945591836345,-0.7019831842383623,-0.0061272188087529095,0.2495281040809996,-0.03283035127529618,-0.3062939654697749,-0.24050168760818835,0.0556842836810295,-0.23217226172529387,0.006747070418659476,-0.08794366095877905,0.08976664504941531,0.10256072053256825,-0.019662817031210634,-0.02019885036683681,-0.035438340442248244,-0.05402213131762997,-0.03220318335024603,-0.021683391066585966,0.013159812334902736,0.008568663696342904,0.03723441591896451,-0.03955561988830486,-0.050544539852080045,0.015149005751470667
01361.dpt,1350.838921717985,-280.36625197057975,-276.30026984797803,-41.19943488998494,27.072885161972565,99.97026685049804,-0.9791305333332262,-0.2280843768845439,19.653929459038018,1.0014362598707056,-2.087275934533088,1.2381062279631858,-0.4997882263947202,2.8858438133507778,-2.8942102945163475,1.6400296526620546,0.47903098886748136,-0.4236004070393299,0.5517911210102209,-0.33308626230893723,-0.33878674980713175,-0.08448928953954714,0.4098221776783987,-0.7751160990000742,0.02199929932833469,0.2288823636365532,0.012391011464343427,-0.2901464861424148,-0.17690886934253341,0.07452748230075433,-0.18349742852954357,-0.026722653533335847,-0.07464946278636914,0.10469220507773905,0.08718742845706128,-0.009226535067511941,0.002247042126663945,-0.03706407831234561,-0.053342905904268996,-0.0371082923427203,-0.041652435731053046,0.009789241558473927,0.008986859672233722,0.02583279932256326,-0.02935177453630766,-0.050335143241049984,0.006887081186651369
01362.dpt,782.011046904935,-302.90066263757785,-301.0954433582654,-52.24340656189501,32.93085747647338,107.56600222505999,16.01324183274693,3.5063729003689397,19.93529507573104,2.9794741764674333,-3.316230922441386,3.416452216615737,-0.9619111755449234,2.3036117712701776,-2.894851739918816,1.978576486696599,0.491072206526088,-0.5103603494162187,0.5898757052834704,-0.40596494463227206,-0.4466591733066081,-0.03992808580017436,0.4900845760672139,-0.8721907618698154,0.052688087452407786,0.13489545794646024,-0.00935000466581888,-0.29754603464586316,-0.2584864224965998,0.043536814409590806,-0.15705238644221045,-0.04382984963793477,-0.08725756618502005,0.09643048250012917,0.0974159960734523,-0.013788598203263393,-0.008749017824130947,-0.0024047576429961502,-0.0664867032342681,-0.03921860242087564,-0.042480055274917966,0.0027147584465719533,0.007958372350675556,0.027467662320208776,-0.021696579685051797,-0.055066555594290384,0.017771853598516275
01363.dpt,846.3440875704947,-324.0415931280173,-273.035946195225,-58.22593611565473,15.378338135579831,97.77664849821836,-4.235508599975491,6.144437948679168,12.148800649176511,2.5685564894444797,-2.9032595657523634,3.533468226779452,-0.5011100412983855,1.9138028886351708,-2.998225019314762,1.3806768367931124,0.24690331823976663,-0.5202675418078211,0.588232602257098,-0.34353122202514075,-0.3441813249239792,-0.1489528673410973,0.40584263340534693,-0.8035602923854361,0.17838081883747603,0.047854892441766606,-0.040898883239261455,-0.2637934802374489,-0.28815173576178377,0.03254963087824946,-0.133752421276967,-0.07388806378731848,-0.06780974987122418,0.06947167344466706,0.09130286954093367,-0.020485730940494964,-0.013162293741587278,0.015146072668897313,-0.08319501067011235,-0.026636974645865917,-0.01065472227579334,0.006881446735915901,0.006806704061252561,0.021207726265388027,-0.006439011385485009,-0.0427261351330017,0.032133630450135696
01364.dpt,770.8059164775154,-278.4919248077676,-242.72356624441412,-44.92670573757413,20.982839518563527,101.25330297963762,-6.323402427162537,4.675007679464903,14.61508048286775,3.6038331288935077,-3.732823832815305,5.6020749182418195,-1.7544429150595495,1.2871447803223224,-3.163012836635136,1.9375841858475773,0.5677126180476992,-0.2720209459435108,0.6591142671334307,-0.19471725433547826,-0.10824868717229076,0.153475310153457,0.3942279307751925,-0.8777663642836688,0.10415400126073834,0.06719213585741572,0.0927240932748455,-0.26097050683137485,-0.19780605725693826,0.02501635832756002,-0.08248466309817987,-0.09251354013232709,-0.07900161062435569,0.10320281560688108,0.06157644548795683,0.037531193426275644,0.016064852650834335,-0.01784219582698201,-0.04111735332161635,-0.05254323898167295,-0.03842968795321725,0.009842926635785492,0.004336101624132829,0.04521144502282372,-0.01289554954982282,-0.02906700022908382,0.0162100076093598
01365.dpt,995.9336940054332,-254.22247904091282,-219.5857178260953,-38.995603637024885,29.537259790982013,93.93694358112452,-9.550664131324467,3.841699756677919,14.200598595257523,3.3959749492096942,-3.2488371196179173,5.008416596523933,-1.7789785625418189,1.2081089258857005,-3.10704852906477,1.8633357339574195,0.5085378931592066,-0.21704758584448294,0.6451682871088419,-0.26079427885940765,-0.08630370960722406,0.14866420580531045,0.4113334277244588,-0.8872735594279008,0.10457329194721898,0.05560496213994274,0.08512159776836586,-0.2697622850780669,-0.20248970522042586,0.021459141364728325,-0.08921221525970106,-0.09153225784535701,-0.07196793093167148,0.09824477019237599,0.06564940264159684,0.037482139860107615,0.010307817773871986,-0.01662778954699109,-0.047165475131195775,-0.044118029770040944,-0.03708225453412002,0.0026172074804337335,0.004997597336937857,0.04525598363867552,-0.011184001043066463,-0.028608832677194454,0.01934371985598886
01012.dpt,12656.901966661626,-1531.8241714586914,-1924.344922605647,205.44307489659192,69.90812414899925,103.28972369640948,455.86236524734994,-311.25044955616835,95.18239024750412,2.0694591944719956,-10.36502672386742,22.421636798355376,18.8937736307359,-3.2680382549359748,2.245905475764828,-3.263280630359062,0.9831918041002635,5.861512463819229,3.702435942885996,4.448078734570009,-0.9135411105376396,-4.141681133079604,-0.8077951029894146,1.8752195683614834,3.098929616236199,1.5847237180175129,-2.001500333362968,0.01654892753632818,0.19878877761916264,0.4486126578932721,0.0430965058352734,0.10784756652511097,-0.13341526577658114,0.2691379204763024,-0.08124884441975826,-0.6005854318250161,0.11449720989151643,0.10922010247992907,-0.049042629398286665,0.15677580872645136,0.08377982275187522,0.07075377158595186,0.0050877946869323665,0.00504837387063721,-0.11721287469533981,0.10389659797076665,-0.0011688374881526139
01020.dpt,7031.789188047601,-1267.2197723526463,-467.61016565918595,16.366775180167558,10.584444091455426,26.283630149746767,459.1936188310303,-237.6902432932388,111.09731329836625,-6.787513426034814,-10.322114519318967,6.847835733758358,8.918883626095754,-4.154882819893264,1.7296650569589973,-3.260150899682767,1.2375910494580997,7.5951664398582865,1.8554385823466748,0.167433439805719,-2.26096621291133,-1.9579726089133171,-0.36269394484403383,1.4674024340635445,2.3840563838342197,1.0688127686877278,-0.9530075447633549,0.19364609761618867,-0.03426452286342214,0.3031062087932854,-0.15239112461297147,-0.09232002535777914,-0.23416993036563927,0.13028633207211324,0.10810935901497094,-0.5056011747628614,0.035774274051836315,0.11240805261398357,-0.09967222308700978,-0.02642700836496464,0.017855183553499795,0.054107621626100326,0.04340399068015675,0.11894593900745384,-0.023412015321510188,0.15369873018115285,-0.004375824775266322
01021.dpt,-1902.459085751637,-346.29368831182836,-701.8944988798278,105.00903813366263,32.64142624437474,44.127540158582114,266.08997802319743,-142.2347848521386,24.258094762199754,2.4008889004980887,-8.427047822832808,3.188489494817426,1.6260373043948233,-1.805871857265145,1.9976134880826513,-1.718695925369586,0.5766208580458678,3.3050766367767115,1.0089638654128843,0.3282828231661426,-1.980044071304306,-1.5336824518683052,-0.5533595703255098,0.686425536259414,2.367165468656196,0.7528240243968249,-0.6762092065493652,0.17848791020023685,-0.06208018917443565,0.3537009623473075,0.01805390500079454,-0.008446453940361835,-0.11596698585609608,0.14722211133983332,0.08118744956527688,-0.4448857992068727,0.00029802280342387734,0.10969409519345413,-0.14218003182998087,-0.07152929770668214,0.006761503599834407,0.07561557867629007,0.04328120436710638,0.04541769734180055,0.04447753125858005,0.1305344327037571,0.01710840460500434
01022.dpt,1471.045454299635,-488.8816020686556,-706.4737205419054,58.033854008995796,79.26897704267411,57.451932622368744,290.80747161845477,-129.4040266254866,25.46632655664507,6.794177120919855,-11.17203616845036,2.4850531012262933,2.9940248386200468,-2.29988822995252,2.339544700367415,-2.3222803623630126,0.6530924544623277,3.9394612237719624,0.9215551952213284,0.3380579308459017,-1.4998737146766803,-1.3576695199439468,-0.614600637617672,0.6413351028479698,1.913015154932802,0.765815869167494,-0.729204677329233,0.20981473041407822,-0.1416155880978679,0.39291130010558645,-0.036645248673576665,-0.015361410837828956,-0.15276548386233166,0.1787854132541954,0.06257871176348755,-0.46984247630655906,-0.02312914864499058,0.12238035615663236,-0.1929556918029074,-0.0570960649917829,-0.00458498520495027,0.06556550043403078,0.03983591803117192,0.08924463483050762,0.07340854264351675,0.11734434607993004,0.032306176655827155
01027.dpt,-1866.0082681426654,-1041.384749917283,-201.56407630383393,-37.37063703422654,96.30980919620478,-18.94911169287659,393.5503292515652,-86.41622179897368,63.41742150786959,-14.334605548521662,-9.182051620762316,2.5863066337887477,2.474321963990269,-1.9305951630421143,0.5760876735608326,-2.126296173372709,0.4739519624860485,3.123880036191003,0.5190463159151628,0.015811774404194942,-0.8857061012660683,-1.1608764870350168,-0.18318629042546014,0.750410450050783,1.2494380397350762,0.5165758294271751,-0.6515982413707542,0.11340040379864506,-0.1109503867994906,0.2651151883614162,-0.10067281465842491,0.0021198583687152563,-0.10720959328379209,0.09622243116801961,0.02425947639774505,-0.3680810640876327,0.016869502651542075,0.10905999070790785,-0.15839093642091953,-0.03360565446873919,0.030784418842410993,-0.0049318897461387975,0.05339679017336505,0.01589857062630866,-0.00790647265552301,0.08758626733648803,0.041132588473151835
01274.dpt,42435.35164604445,-5974.905591699634,5109.944475860977,-1900.3920639191977,-43.37005445673619,-1619.9745754519506,1008.0193939296424,-27.57765924776653,514.7199555385889,-561.8060111122064,210.55949469687695,79.20690914133844,125.90545483330202,1.4621383604182132,3.333317500952828,44.41944917447764,-8.116901716415752,20.302472388767328,14.631570004460457,-2.0778291289068145,-7.044384940743608,-1.4899211227104363,9.31437937342877,30.379216620463776,2.329188032817896,-1.463840674416363,-4.809892540873929,-0.017725596924478223,-0.07610625894201693,-0.8495550144402891,-0.9812572959152925,-2.7335702132237354,0.6386217098553637,-0.435994951146657,0.8513155507661869,-1.8130658526035663,1.1469419213221967,-0.09668430535088317,0.3413116150043204,-0.1883011167461863,0.23821276867844088,0.4378273352350947,0.3445608090071772,-0.08588409610972332,0.18125068201152933,-0.2694743548491094,0.20033913538831175
01275.dpt,-1768.9821007182577,-2673.7980323514234,1043.2711695843143,-661.2775272205666,354.5257520959635,-376.6290937847164,506.5236126347344,-174.19517955379703,294.28794301626687,-53.38734140206262,19.530889322851184,4.303316476388203,53.32042332083426,-6.529525236916734,11.525275270452857,14.118800588376367,5.948572401789682,14.415760146066235,5.527911572113909,2.6517416536782776,-3.8664590743197267,-3.4770456241292065,0.08916294534787068,5.289441761807143,4.980739998042202,1.0709185835247816,-1.755924337149296,0.13974461817185965,-0.2957649741833634,0.18236843280179432,-0.45240660801266,-0.07180414815950291,-0.3563251724413768,0.21392452254132674,0.5268776869866764,-0.682020169371644,0.14470423138988223,-0.41252741414384114,0.10573955780706572,0.10015645082632706,-0.06735315316186302,0.03342917180809648,-0.062391019462201686,0.18690232649675068,-0.08569765445856901,0.06499337850867556,0.011739248712840943
01276.dpt,-4192.810189793253,-1105.703773994082,545.054250854766,-198.0840785206804,123.4625190693329,-145.32687406562968,304.46909756646676,-145.16060528123845,137.08224320751302,-10.016567565959962,-9.672710550003215,0.3299364826139998,3.964686163035034,-2.5518409633372032,2.1274007834306543,1.2454789746197161,0.7064581977071703,7.786049043369751,1.1730183904288354,0.46852311168810984,-1.3504715730808607,-1.1569001790569489,-0.056054126240938834,1.0500308291259715,1.2915045999155177,0.6208459463077886,-0.8340872577564222,0.30456122620744885,-0.21228185928230456,0.10376799586872652,-0.2932943875933362,0.05618714485238282,-0.2303915325255926,0.053788108479998646,0.22901453907973465,-0.4480631529919533,0.030070877433621086,-0.09954296811740528,-0.08346469803325508,-0.03251557959115977,-0.08060444652341404,0.04659150888210419,-0.04512415662763314,0.1627842127087154,-0.03592057426575623,0.029649885509707877,-0.10329900054683074
01277.dpt,-178.7406169954055,-415.8408320390426,-208.1858013340149,-87.86512467787588,8.810454923242581,-106.87462455021742,217.22114372344873,-64.4744120895991,106.81274124750493,-8.503608390787925,-6.1778539615626125,-0.6078621771822156,5.608680837150641,-0.6924239629389936,0.91881974356841,0.2847092474966528,0.6305260589781883,3.0064639109654174,0.8428528133884444,0.23173326185815923,-0.7970331038825583,-0.7957554442812951,0.052356496541585903,1.1818232713723258,0.836209807149575,0.48076392618907354,-0.8193052676011687,0.11534525655894262,-0.1593877997480239,0.1879473507292363,-0.3198086550599215,0.023639470384194776,-0.20687483795645253,0.007138920570779816,0.23209408884420907,-0.3169952286150648,-0.015202928214606887,-0.14594494121731255,-0.02891736733634544,0.03453799648853079,-0.04306993104244973,0.04625076801739903,-0.05277347560291524,0.06723018810972725,-0.08694375462192537,0.07260862888011421,-0.016904946690854336
01278.dpt,-26636.557592055233,-1942.2328900453278,31.06017958481056,-819.6121043849025,486.02238573123805,-240.24424732393675,463.46115228467085,-200.6544600035722,398.2251580137977,23.65899890217487,10.12536061852793,-28.063942400021883,48.6468814733307,-23.68944727537992,19.932035532841716,27.162145486653134,9.17635030499056,33.25944875602169,10.498446522740656,2.931569989408344,-4.134506109566628,-5.019406682424637,1.2584113981216989,8.588813055956047,5.183208341143341,5.052310377861314,-3.6803172096168395,-0.12408927898574049,-0.5104617517658495,-0.22431872028751548,-0.5666276627479405,-0.5054107445788968,-0.06615189968800661,0.16888086735355765,0.603973858997163,-1.3379282359797933,0.4178146514651747,-0.5585244257536153,0.1627955555018003,-0.05497001367182521,-0.21589662822978953,0.23968995512016558,0.007055242541139602,0.2737542227821544,-0.19022051266056292,0.040731323423602014,-0.016174125324717098
01279.dpt,-9045.831299219715,-1708.237975644686,261.23835153990143,-303.5102657317282,296.9302053976581,-128.9168531535132,163.5285307860465,-125.79760419303983,82.73827635404413,31.416738890552228,-4.874501417056308,-1.0159579225384188,9.891754036462705,-3.822690224059253,1.4306451087528647,1.6325141000242709,1.0610555109116253,5.637439430007848,1.8907860217457217,0.960302689006482,-1.33961828509907,-1.1926004570115316,-0.46180194164761995,0.815251465767128,0.6688135492934529,0.3828209764968153,-0.6164714678267541,0.3100510984712917,-0.03192226892427267,0.028561323063822065,-0.16432156190597907,0.06521648240637341,-0.1800223188139762,0.06544792410058334,0.11789753225959426,-0.24305805869054478,0.06679774611101473,-0.11358355052925931,0.019367236829087562,0.05924498611796685,-0.08552268510084517,0.023131857293905028,-0.027801120619339946,0.09038456912560436,-0.02709683285941582,0.0009355859310744726,-0.03411607344507714
01280.dpt,9713.060109537773,-1004.8741395905723,-543.6627179412606,-449.62207786006036,54.03404004482915,-134.45260977956968,382.0536221705743,-221.06941958627942,167.27011869638602,22.73977938447423,-29.333635100322383,-15.443023016605382,17.496010008359182,1.606643298549688,8.103960355666691,18.400321503203788,-1.7973864023950994,13.654399741526072,0.8000660875400325,1.7477392470729447,-1.2722159707908491,-1.897568932496779,-1.3492699085123396,2.093829417165947,0.5484077157859326,0.23940406582813598,-1.4467501862346002,0.4387992400731349,-0.16153050354782345,0.02000337656710229,-0.4757696009568472,0.48352725864992246,-0.22975904445939216,0.05946785184898289,0.09244438165267584,-0.4755364198164121,-0.11470630754305401,-0.16702303352128453,0.06460363716473619,0.10919579725562835,-0.19747530152275958,-0.022385202549333398,0.09716289164841237,0.03543674199266402,-0.045079442153396446,-0.08672440539045427,-0.12030090530449522
01281.dpt,-9188.675721856302,-753.4844536826886,-3.979924320230278,-243.9842572839223,290.5136449403078,-116.45930980455216,249.2801071825207,-194.14661631379977,112.08116551425587,32.748461637377275,-5.4340928132097455,-18.39139840727104,0.7899578371404162,-3.61856279462661,8.66506699303677,6.318522180563575,3.726156814471824,11.248347361448666,2.402377324399416,1.6078152249593,-3.0344209140490515,-2.4346650955726132,-0.7807836541129485,2.2450458518963563,2.1384081533448525,0.9510417951080877,-1.317273051514063,0.43575441021156386,-0.4658991804573445,-0.0696381609596125,-0.40557549713294855,0.22408691056388264,-0.2256099789061254,0.06480223559268992,0.2577741675559044,-0.6923695078946467,-0.0755910591230014,-0.21445832158878178,0.0035729949355463755,-0.030189499398384254,-0.09714983995280276,0.05011200204382282,-0.0126840118231433,0.130206629107908,-0.06577492399002181,-0.05322826376524672,-0.20461058650173147
01282.dpt,2652.361209203545,-1596.3212041708025,534.0623422340789,-392.5368858909289,105.94263861366626,-186.47662956173565,393.01144963675114,-148.40249134540616,165.1755739813038,-15.414410753505953,0.9565111358509215,4.612053982907749,18.292358969348996,-2.70094846624459,5.7648160234891135,2.911106442354861,1.4665501601479796,7.21704611596945,2.6142532983618603,1.3730015308613064,-3.1423603339024533,-2.2440253263587127,0.04381752473754802,2.9718741335543863,2.2536291114455707,0.8271897713350683,-1.2755066503198826,0.08908252590889117,-0.2718081234324987,0.22415198236016828,-0.337106229604019,-0.267050250455875,-0.4797733628346745,0.14762748637195688,0.361112886234966,-0.6196032401154192,0.1022442086815961,-0.1520882717190445,-0.09752103547672854,0.08549947401130469,-0.10794023645055639,0.0063540955068875846,-0.09820478535497575,0.1513339533971442,-0.03457781815105438,0.06015396729491347,-0.005062553103996371
01283.dpt,-4442.272426235303,-572.911045365616,-6.93449772215055,-150.8659510698072,123.07098113666254,-140.1129492489206,258.98115709435314,-121.49709285345244,113.57367660424586,-7.5251088589215,-5.493245515608925,0.649651636470294,6.305430963340394,-2.15663539476864,3.425624994572724,1.276576280716652,1.0302230202698102,6.010442314306243,1.5561146871819593,0.5351516503251786,-1.798224361223782,-1.4699894683847496,-0.15421353026652324,1.4043977142114374,1.4648283763409438,0.5986220983495986,-0.8794106728840284,0.2655557006084157,-0.2824621075758834,0.047538657527336825,-0.24125612545503358,-0.08735032742736794,-0.30108494846703737,0.07458042614942713,0.25475320736555646,-0.4878267059476791,0.08839284465633947,-0.06139023752715491,-0.12066469376072411,-0.02114179653150683,-0.05237356585659599,0.061333004432654985,-0.06987831045830285,0.20893961424170227,-0.0021751381324189097,-0.011635032961138977,-0.1247286765760164
01284.dpt,-3448.043934474149,-413.862982016978,-57.60031003171516,-131.86347280478864,157.802070482324,-172.86087970187384,293.51277700294344,-86.38616024411269,65.5137661624129,10.918747976347808,-15.728813103565244,-2.4763886642746087,2.011640110991991,-1.4250692513732712,1.7928920004619315,-0.17797262988824636,0.16696377856512218,6.646981328683098,0.3361004225648441,0.15205573253945137,-0.6154090572606276,-1.0140177205742908,-0.5318358049287711,0.7670266419986105,1.3021701365982765,0.5372101599728535,-0.4912500180047812,0.24550192373850888,-0.49268866667452815,0.16306548131731435,-0.4152720156571606,0.11911889108922001,-0.2671322501878937,-0.06043194712140101,-0.17455647586931344,-0.06231458208215037,0.010583787085656817,-0.04202250728469983,-0.13323138171564206,0.012191626658696237,-0.02091506442206983,0.013066225310243557,0.015691864577827647,0.003538054595679262,-0.0031418527475223033,-0.008254203574776993,-0.03341587356739026
01285.dpt,-2066.4195253171756,-726.3869922727292,244.28513241504245,-155.16161039874737,159.41193482215647,-195.28546693099096,260.50171385690464,-85.04400411281057,73.85738442994797,-4.2932190990448085,-10.623221624925778,-1.296719958000543,1.3717414585809116,-1.5911238972778956,0.8205991532011048,-0.5920070411188334,0.5529410107044742,4.6661694278389865,0.5869264826487391,0.18791783712383667,-0.6214205717744267,-0.7650399622035499,-0.28160639527938275,0.4928850335672189,0.8879354440638056,0.4790076275280159,-0.5753611070033343,0.3191554614893653,-0.18362937269999444,0.1477495032563127,-0.2833779889394783,0.09024328668773512,-0.10174125280400355,0.01942515977240268,0.1453748042349907,-0.28799850521983694,-0.004772690668893831,-0.07673831478240957,-0.06306567652463956,-0.04242414735457899,-0.046817153265941006,0.02895395108344932,-0.008773188060993975,0.06481575804043724,-0.028313776102328745,0.03799945504022509,-0.05901240849820667
01286.dpt,-7718.601795707232,-657.1232466740242,415.2376494538256,-141.98825530553222,212.7415137456969,-129.9407578123999,311.9407220710717,-73.22112072220649,69.99944504109797,-0.9956298706174533,-14.984585643107943,-2.2469021503879674,2.8680510208972643,-2.6375058294533935,1.248971862397714,-0.7000173038688934,0.5915145918005185,4.7551541387767156,0.5382638819163111,0.1676286038971312,-0.6033096516301608,-0.9171282022653975,-0.31979475207488584,0.641795412433654,0.9224148612902822,0.44351297519915317,-0.5828707419819967,0.22573260317672547,-0.23955676653952104,0.13345380330532533,-0.276444536881361,0.05567068971954277,-0.11117180484270829,0.02911289469764722,0.12893295506518346,-0.3007191672701615,0.005714207479195036,-0.05577205578273639,-0.09346590523325136,-0.029764223131428458,-0.05184807091988621,-0.013393632182074997,-0.015865356357085185,0.07262855207888669,-0.026701642480643304,0.02846333711376311,-0.04533897267143559
01287.dpt,-6290.12702429503,-502.7358442887559,314.16786659042066,-114.48583285980702,147.19462868505195,-95.38903250473511,235.02623429019897,-66.59571928566176,61.85924558839311,-2.2083140137160187,-10.608011221870358,-1.7274706819937866,1.960961250405132,-2.2845325723171297,0.9367726596927414,-0.7063316586650844,0.4219242443450659,3.579526652774796,0.433969485435481,0.1375465351804104,-0.56266296855707,-0.8384563264716648,-0.2997074643135995,0.5986915836993268,0.7845957319547949,0.3966889534553006,-0.6182590573559602,0.22650933117177008,-0.25670131940599095,0.1419281238336381,-0.24525684440023618,0.04475899482481636,-0.099235175778424,0.038729762452651556,0.14088494969835824,-0.31244834403378546,0.00047679403907479733,-0.043140449019388946,-0.10118908266337656,-0.03992157997072413,-0.06222058706798094,-0.013579709816390667,-0.008204772705372721,0.09059477905516532,-0.017685749966821408,0.02379730618105092,-0.035410238228661906
01288.dpt,-1259.380240178392,-428.883649043621,125.51274705088571,-105.3598323491591,84.7365689350213,-127.83496283552707,235.20470819245207,-72.68320525347936,42.03375931066363,0.6690822865624562,-7.383079542842659,-0.5890932705025559,1.6856993493014851,-2.3848910345555074,0.9539717606439824,-1.5017908255760555,0.3525152015533571,3.9927461525307706,0.5496720777526504,0.14749388208001907,-0.7762620737081484,-0.8583667223256757,-0.5025021277480771,0.3468948069931566,0.9325943624196456,0.5248728220799109,-0.5446558864370096,0.2859973758874489,-0.2013213815357541,0.20042746943282547,-0.21399289634303048,0.01087828282058567,-0.0873293458197111,0.04246539733923465,0.09668903609413898,-0.2935639974408708,-0.01987181319450392,0.017979105913929393,-0.11681602120501917,-0.04275404110055733,-0.018145971886113457,-0.0016081670786797148,0.019072752111752463,0.06129871367572934,0.002982771212711345,0.03815520206832129,-0.00530641200265248
01289.dpt,2832.0511653535955,-564.3352166608179,-87.94376530155382,-160.23646145124656,97.08749713492504,-172.9137319179388,221.69997521183805,-77.51071157567208,50.45519299413303,-0.32385362943247203,-9.218780561593956,-0.5730607563051571,1.090127316148692,-2.236694510348152,0.8791187443718591,-1.5096562501655815,0.23701360488297096,4.186988029684814,0.5565840052883534,0.24227241804310734,-0.7357082844230869,-0.8176789426671588,-0.40247608519436634,0.22029206370597795,0.8760380710914906,0.5586262073351678,-0.4687192937800599,0.2367401338157047,-0.12901445904419487,0.1948373556915763,-0.19742436807570424,0.07033868540430566,-0.0889196205953067,0.047939554799523956,0.062270329370794034,-0.2749802466476418,-0.05547523991868714,0.033459116835315154,-0.091435725614582,-0.03267627264890542,-0.01889862798368475,-0.011907707432659991,0.028215956874064203,0.07951719544583458,-0.00390177091094349,0.0410024556260361,-0.0052251103027602
01290.dpt,2899.2644736606126,-543.1693453453429,80.04061817130486,-112.71411573666735,108.2608142973435,-137.79101032185633,233.9009120618297,-62.706297446086616,48.45235341907974,-0.4068936974415465,-8.420404198739766,-1.0314229812635067,1.6071639518046843,-2.0651151255402174,0.8789289458662484,-1.4767010252318975,0.28207329675457965,3.935390380496634,0.5391124041043639,0.1689857601526719,-0.7514453185679754,-0.9073352369890578,-0.4596691838588985,0.3254427884031476,0.9074802293616195,0.5281731238387057,-0.5447261766924013,0.25979675224315907,-0.18460248413807306,0.20339708802452797,-0.20054659180436088,0.04716715938424462,-0.10218421325419831,0.049048227112552925,0.06677413059719146,-0.30299291858819766,-0.04133267500716107,0.03176075078131871,-0.12514103569605933,-0.04820294109495226,-0.02001034974778557,-0.018583108222255625,0.02491956977541134,0.07529196962238505,0.006824426078486195,0.034675058412191796,-0.004211821948917253
01291.dpt,-7944.0738884903385,-212.50262944879117,215.47885646641222,-74.79365803081153,168.99914793145123,-69.48054216714725,161.7402990799927,-58.91482882329335,25.14025769571248,5.881509153908163,-10.823364863272408,-1.2361922039551627,1.8777262572200952,-2.312448666230644,1.3369546305051183,-1.7206777335116434,0.17658401503173413,2.96772958526349,0.3330455885772451,0.17209005281181936,-0.5753598232831427,-0.9188278006012092,-0.5924453039780229,0.3575132525825952,0.8542560704977631,0.37610669414353376,-0.3803800115241566,0.24590786116620159,-0.20605973768505068,0.23626670666524133,-0.2113815726936912,-0.043497527263906766,-0.057120767326210756,0.04047355957515041,0.10415067859862223,-0.2457063597158767,-0.000838634128913182,0.04361628283833148,-0.13784847947164292,-0.04094736327779884,-0.024548230887948518,-0.01865034070534047,0.017603322680377995,0.05972689313854424,0.011550694468403795,0.015242717248029346,0.029128474798783558
01292.dpt,-7058.540623940875,-215.98787218012987,182.9820732842223,-50.36142833514488,140.91996714116917,-49.24283742676981,159.04962623668604,-58.7095765965204,25.934325422749364,5.8587519100944006,-9.234081993657835,-0.6305092649780619,2.244914218062491,-2.172093030534954,0.9394339714404504,-1.56569217422506,0.13488360691660142,2.5832967529279656,0.28715938118445866,0.10273164674479304,-0.4852583765752226,-0.8159389799603471,-0.5074475509489728,0.3310989666633525,0.7480756712127514,0.3462555573836001,-0.3646064544420632,0.20399589394027878,-0.19982633349264198,0.19686242475121532,-0.19870445255510563,-0.03612849688762323,-0.050933557193746364,0.044074756772411794,0.09464591936881792,-0.21085212723656024,0.009828301701139705,0.04180028179152171,-0.12413047620604241,-0.03168143498930305,-0.021806349834936702,-0.026290041207272404,0.015613661758516934,0.04874349703849654,0.0147408627302293,0.0114019183521636,0.03527508584201142
01293.dpt,-2585.6032434803255,-451.04867911855774,256.1674783734698,-79.53883784807991,150.1684068783213,-78.51879986724354,215.99894328388837,-44.06004221293011,36.66708987464943,0.47807929352273576,-7.525039198841652,-1.617030014179614,1.6691207278050042,-1.9746406659106506,0.8911460358750689,-1.3673664222441522,0.26291494059800563,2.9093295159338357,0.3394708580397192,0.08092874352257137,-0.5079437814717292,-0.9237528776638899,-0.4386853656513575,0.42748099612018187,0.8060356194389087,0.35698642939498615,-0.4772582636080369,0.2047506965098206,-0.23412720284921523,0.1874067240261061,-0.1972941565516916,-0.005152338637223394,-0.08443870759451232,0.06102175376313039,0.08933539147239475,-0.2760597608997281,0.018546431097088284,0.02599096807620901,-0.14237167647731178,-0.03909104671149531,-0.01406515460371525,-0.023075384666482648,0.01277480579719661,0.034978933144430784,0.02053477112493808,0.010741251486968332,0.017488571222526013
01294.dpt,-76.59556626100631,-88.64317358070892,103.77765833729038,-41.24473996176441,76.07831604450983,-70.65802424638879,191.6016464028625,-33.297825904074216,22.434541161157348,11.063091013476408,-11.590052110922768,-2.0270706000057963,2.259016082620798,-0.949025443054921,0.9186858279135546,-0.8522064417633519,-0.1591049084406195,3.000764621925082,-0.03161350034808817,-0.12962127898917541,-0.12591072187940636,-0.8653684835323212,-0.486213397859417,0.5230086702218226,0.744949911102258,0.2793317105121627,-0.2507695281324861,0.1634602619374854,-0.42713005266010806,0.15069250126333564,-0.35532966408439043,0.018540081181432747,-0.1930102641953963,-0.05206913339656764,-0.17008806703380053,0.05625357364753674,0.013498858723164154,0.004491727177066659,-0.1351275248375248,0.008545640943371595,0.01167386294076177,-0.011720372963495249,0.04677366040817425,-0.029322678500996645,0.02573711139751972,-0.02749966907482893,0.0026746261510773544
01295.dpt,-1894.2346846192975,-313.2967357561593,-20.357607193434756,-73.24701551768275,75.83849304485848,-58.44888968337629,158.4077403031486,-42.722523252638545,19.855887866955438,5.254387806564184,-7.361430220361757,-0.9374049631598752,1.6118194344223653,-1.812422290726916,0.9716576279825413,-1.6372799868619947,0.10614367816488739,2.1783955268009474,0.2385559355428195,0.11519567426830382,-0.4415744042660678,-0.854838532498377,-0.5324220638048404,0.2879070740919975,0.7079406310938575,0.3319554936189184,-0.31419054100807803,0.1956493709093696,-0.18684959883995964,0.20147518567690387,-0.22912718253133715,-0.05395837170585964,-0.033775908397205345,0.04028083962693573,0.11203271293535486,-0.19820027191252113,0.013576360140879873,0.04424518419006278,-0.11914810076658193,-0.026426585838075934,-0.009459840520735993,-0.02384700768763014,0.013595860696544877,0.03570705386369677,0.01577370590784938,0.006154820052323144,0.037624479730829205
01296.dpt,-1970.1548885021239,-159.42195014344463,-142.87392604222939,-53.29042333204567,69.70547317797961,-76.27829720199054,166.938711908848,-32.201430023368566,21.529316464045635,2.7315402255713526,-8.312666204197596,-1.1046400761586137,1.6300084884074217,-1.353231937057999,0.8792353861762345,-1.3091344031398617,0.16698799258660196,1.9038251841362404,0.22642888469251024,0.09852670450194374,-0.4307873245462585,-0.8246724356726507,-0.46364761498489254,0.33073960424783166,0.7082251571497408,0.2765150994773485,-0.3534637549260257,0.2051690273313748,-0.19850921300253227,0.2112045178478583,-0.1691058822150419,-0.03284036612780424,-0.06233969448141893,0.04378952825738971,0.08861291969080413,-0.21893264232519596,0.007939993528211876,0.044144302049429734,-0.13308957063360366,-0.027093252675383955,-0.008768267620106438,-0.018949143190836838,0.017672163677946464,0.026000703234476886,0.019491589578368024,0.005098199294451997,0.029113386286219664
01297.dpt,-1652.1471915748896,-239.35781233854593,-86.69679006360093,-47.12265653860747,69.24715937978631,-70.62557888635254,130.6591538026776,-25.126252397909514,14.511199285064905,1.7971970616883175,-5.5452033619558385,-0.8099551564398401,1.3160697355310447,-1.2661181194550069,0.6956467533066368,-1.0718712660805096,0.09801043722553816,1.6596525350017612,0.22353286864133765,0.08572919516141878,-0.3616275818904231,-0.649577641890807,-0.3625418586788799,0.22209964357499262,0.5405639561065559,0.2434757420750251,-0.28070523366962796,0.1540232714038473,-0.14576997813531234,0.15830112536683102,-0.15142399715777052,-0.033507843433153266,-0.04559727300661295,0.03885576164391247,0.07381024518959929,-0.16750047015454003,0.014620223610688942,0.039564610888326066,-0.09991480413336012,-0.018592877209346947,-0.010365168428809817,-0.018728605033939267,0.01349980388659182,0.030381917572006593,0.015429425843207752,0.0014145660663855352,0.029565046785307924
01298.dpt,-58235.9175079899,-3246.5344878732117,2376.140789681844,-1023.3631285295501,1358.7596918885665,-860.8875171821022,773.1796126818363,-362.13301060514624,593.3661154133791,-125.50063233417755,-33.216793072407285,-30.482878390363908,38.049883998394876,-3.0636791649953565,34.19102416740276,19.510046783201997,14.025219877941222,55.899237944511555,12.568575425968739,-6.9499445708494045,-7.25746601880729,-1.0893220834011843,10.045253066162855,26.70743690021439,6.69919117993987,8.066008903573252,-2.770626913560428,-0.06068529090072779,-0.4881717841310878,-0.2605833500589397,-0.5314328459529063,-0.6692078863376197,0.3062364662820717,0.09000693878025066,0.5107491657137554,-1.0982274229720854,0.5512126235813865,-0.42794976317190003,0.1980758567927104,-0.21997679792378516,-0.08403909247113106,0.2171211440724749,0.03283884275217804,0.22082611713363648,0.09550641120001424,-0.028711701490312123,0.08285255114244827
01299.dpt,-58158.1870361249,-2311.411314588747,2032.1150438730374,-657.5863692203326,907.3207639955509,-430.0920214718302,284.65130910503837,-342.4191406458957,412.8810894265356,-85.28392368017666,-34.254688703192464,-68.5853728284237,28.13360404691067,-7.472523047674832,25.108125203840142,12.498754358894011,22.01370376553735,42.4634390094771,23.455412733033405,-2.15595142048106,-10.436984055715586,-2.3240429708936965,6.3097494596891535,23.410003838562655,6.519188921277217,5.135945449495189,-3.60276341678367,0.511994536146846,-1.079064463855945,-0.08931136344779139,-0.9285241718016759,-0.7188562001389877,0.21256145699459822,0.25500526765902864,0.874115401038897,-1.4774838507300023,0.6745002945494953,-0.5967253275111566,0.23347839012181176,-0.18921318128561673,-0.18360799788958285,0.2784957651263266,0.007313611042352668,0.29851875161575514,0.09460953829685788,0.0651854187816252,0.06838867083444203
01300.dpt,-26003.972691817977,-2066.944210967631,1639.412592925303,-633.2845949644934,1042.263866983626,-343.77962576511976,618.2716289150243,-121.90531912453231,259.0017416990274,-8.178272704211425,-17.225535742624267,-57.54968780060482,13.116276537587677,-11.114842335364132,36.95332546365376,13.450609178229074,10.694060856402697,41.602627962768295,7.291320244114615,-0.4657705676653633,-6.566528621722051,-4.418443963299068,1.860682118155471,10.52806878252478,6.442510701396513,4.075943458575988,-3.3481020125506826,-0.1267580575064333,-0.46584729835752925,-0.18761531384983687,-1.0319340763390434,-0.5025205153305187,-0.16054682947500745,0.09917725692701283,0.6012238903003819,-1.551033538401393,0.5435002968856287,-0.398156251533472,-0.0116724716445201,-0.2508967253818993,-0.2602186219882343,0.22756089735043863,0.18516336229426683,0.3764624335276393,-0.23997197364446934,0.1531721701465669,-0.053407372158292256
01301.dpt,-5863.346279682605,-1742.307110701822,1118.0578189770886,-558.3162338239966,514.1067822991097,-271.8017685820871,565.7977438290109,-166.6650893727787,283.3571691992063,-20.94697763857198,-9.409659029835593,-17.364421441678008,22.895186810005445,-1.3137631017889688,10.788470877074243,11.579162398950011,4.8289453078590805,18.561131732163652,2.453199468922494,0.6481117374144558,-2.798335703079957,-6.71274108522535,-0.1251028350491101,12.183400053569565,2.8555538477646736,0.9545542092906418,-1.5122192120638378,0.11246189171007834,-1.7877099950967954,-0.2520634158892333,-1.43189003556476,0.14939024119710567,-1.3016549075133097,-0.19354865038996646,-0.6465304947809165,0.44250633028753183,0.16315796628656368,-0.3628916551053065,-0.06848858805706866,0.3452185945258635,-0.04435241031293093,0.04324982515472679,-0.009455459459961991,-0.02551884186150107,-0.1220147814779634,-0.13575742977961164,-0.05907463532336196
01302.dpt,-14837.254097554134,-920.4627228631424,1258.0792508001828,-439.69294939610523,434.76439145305153,-128.0105212734819,383.99091023972943,-151.1666887204374,155.41414088748948,38.02143215114738,-9.750068977125727,-9.76925148302938,17.76957698772222,-0.7074922309951931,5.3226684048273905,5.354605887491257,1.925027410143881,12.07951930553874,1.530328657604162,0.6657840054069314,-1.6066158822544048,-2.7386535605258815,-0.38258888834976973,2.6845386501644497,1.609942976974689,0.5066891989966475,-1.0377263718147776,0.23071052573592485,-0.44973088032458525,-0.03706099608192981,-0.4553124874021439,0.01498194880917515,-0.462659733629313,-0.013418509029250021,0.054063911936074065,-0.2208646656735117,0.07928270941113931,-0.1515578375912986,-0.0638677622536815,0.10818330339678582,-0.06222067717941382,0.035290352420589866,-0.031535667972796146,0.08467059073267505,-0.043559859025333235,-0.039499555710081756,-0.06273644073451161
01303.dpt,-13770.710999917761,-374.3868441028673,408.70431543764107,-338.44714763854745,266.568277930845,-133.86304451292506,229.65563271581362,-157.32488840001963,93.66622669833933,1.6105200358051734,-27.529932026939154,-16.92184452552906,-1.466718632786043,-2.516420410470734,10.461010727927592,2.781310429448849,1.7282150774881315,8.69016078736117,0.683289998410443,0.7312734852866297,-1.735452926100933,-1.8123295717648684,-0.4841563023238358,1.3749265170495562,2.3751988724766817,0.7036265013412304,-1.0514041016263522,0.3516720526231074,-0.6919926580729935,0.11093794343500031,-0.43353376948667866,0.14728763027435784,-0.21095411251377888,-0.02770000867506159,0.016993245943591834,-0.41358492409795905,0.03517170162227379,-0.10123252072739133,-0.19082636050463217,-0.05625888941133703,-0.07192690939114642,-0.0014418120500791314,-0.014190546880572112,0.08535899552462112,-0.02703167714298799,0.002056440527350738,-0.08909913012251881
01304.dpt,12860.685436622785,-1566.672472409155,2224.353262307688,-572.2228877317874,387.9193577790312,-237.21829013696944,428.41708010927874,-46.843090138633535,190.60811472372612,-12.226725859754112,-5.307133839837608,-5.679742269241178,18.005210943128418,2.9381677363724457,1.6034309830871243,4.378957163845251,1.2414490996673084,4.487489768950823,0.9104447950802422,0.21181221367696243,-0.0028646891342390146,-2.744801838852091,0.18413392405559967,3.194799485760147,0.35879015889263116,0.11315369348844923,-0.829564582150931,-0.11997349740833535,-0.4777306974058801,-0.1362793885705786,-0.6501037784021394,-0.007770098616882864,-0.5902385622711984,-0.09935440570581386,-0.24039916247122917,0.2395615383186611,0.18899430866566877,-0.1397640113934124,0.008954803725341812,0.23416842784323924,-0.044799002873148766,0.06517935194427278,0.07424542093677113,0.006642492442423805,-0.12570344538386233,-0.08437589421795497,-0.01301085601009548
01305.dpt,15796.28368584075,-1689.5489716433501,2231.969434287353,-401.99523454280506,417.99887679665346,-354.1459078489783,284.96578581124425,-34.059605231168085,156.53516487687833,-33.87366073043883,-2.376855199526193,-3.8451469943565195,6.4499478769336305,2.001645975813789,0.6924777249587698,3.134642246032577,0.9903381165950259,3.0880172225985656,0.43584235391409953,0.07968839097462369,0.42445536050814797,-1.4324234384527126,0.4331047111363877,2.1627827584762938,0.06259117342675227,0.10858123056717076,-0.6725715961626193,-0.08148729489474821,-0.18978402676472228,-0.06612818939857573,-0.5345003892192622,0.10911260589844742,-0.3255870284975284,-0.024550154307321426,-0.008706606109613137,0.025366226634572487,0.10422574071158094,-0.1508682415468669,0.07749365025756261,0.1341564542535109,-0.04033564266475523,0.07973443535967822,0.07744699529566249,-0.0024680591889191033,-0.11583909024229416,-0.046161333401638124,0.007324526108312956
01306.dpt,18502.818444537825,-1713.7530246149793,1381.6352980482661,-269.5439415096782,260.2238834229102,-244.69319391668643,77.29025727842667,-21.28927881837243,25.87085635976023,-37.22457479910101,2.1700027963857282,-0.40510407237863294,-1.5240248718948208,1.1755948174280673,-0.051843367111384646,1.751907359188411,0.6650667433992322,0.6055371247228055,0.15779967617958707,0.1956705396387586,0.5270012213462443,-0.4841621783522771,0.684768304628467,1.0228340478367772,-0.14120712639872413,0.07644697715174856,-0.40634970894083144,0.008431394608630969,0.05640569052525404,-0.019782213080235422,-0.26715270416688147,0.17702775233183443,0.005653831086721856,0.002601112865928418,0.06480439996796404,-0.07723543064600001,0.04606730535880677,-0.1403457429595426,0.1297550651052206,0.06570478373553951,-0.006324829086260968,0.09246811111493211,-0.005230764308939154,-0.023935215572398357,-0.03524074856939475,-0.019818694028846503,0.035176165304051224
01307.dpt,22882.70640799483,-2074.3402603891413,2671.6447634372985,-518.3189419742861,518.0232515966483,-495.81813864130095,171.2021959931835,0.8084831829607894,173.4191225827215,-23.394384308068226,-4.6903764236970025,-10.06313762908459,2.354865541830704,3.608996630433186,0.23220767622122074,2.652929428660093,0.7151184931748832,0.7548575056454897,-0.02860910559750092,0.32993431916941246,0.5563363936843322,-0.4912797950953527,0.5406529497907042,1.6889676180098248,-0.6082657290150362,-0.12478160883710049,-0.6233917390503544,-0.06446529243518115,-0.03145215919284935,-0.06459332093910501,-0.34645704480626005,0.187923985073328,0.04197999736039622,-0.10078640358789596,0.1700908102427669,-0.011567583430375963,0.07237591052078053,-0.12641170052622985,0.1583396173690687,0.11212780056008899,-0.03123371941213001,0.15898756845434014,0.004639718794597031,-0.02927906033974009,-0.03387636668538458,0.00632818699019154,0.014511295430656731
01308.dpt,-1947.1444045941332,-435.3642913983695,83.16570195010856,-130.77147955955513,118.21025092702132,-178.56309945052732,231.72736425367557,-75.58219124621648,68.30884925227144,0.28841020000831585,-8.090695750090816,-2.527788606377175,1.2217816430729376,-0.8444004447926665,0.4392583166474861,0.2122474492177983,0.3020641860934973,4.061673957046352,0.2899353676808894,-0.12997580432147307,-0.4668417273100351,-0.8343523663498098,-0.2313304853204296,0.8318609475749833,1.0002964830764776,0.4588869008620607,-0.6158183027875864,0.2298559540736092,-0.45271477140677713,0.09777993551463843,-0.388852499972836,0.15582690052218,-0.23722403549750642,-0.07573474960287732,-0.08424170198549298,-0.08871697784282584,0.011370420479462602,-0.09139438546689477,-0.0848904101940106,0.0026221709558667747,-0.05077198034499684,0.022466661540761726,-0.010106714803849974,0.06459800768151415,-0.028385216581220753,0.006731968197987776,-0.08958020752746934
01309.dpt,-1065.8068852913896,-338.3661513841709,120.13752060304986,-71.66777213911972,39.7284461642203,-59.95244170566911,133.64700975460207,-22.03831560829813,14.914596043945284,0.938204751082234,-4.272236374174497,-0.760220652151214,1.1077891430523603,-1.021867204917683,0.5175988301283991,-0.8566931044927835,0.1368623895299606,1.5664622577302727,0.23436055551386006,0.03585864380468997,-0.3778128183737608,-0.6464613457916911,-0.32931214144868454,0.25013867829977465,0.5286911370308808,0.2539279468473631,-0.33985572948740794,0.14997043186150041,-0.16590369577089517,0.13825382272370598,-0.13149763352975183,-0.02534485583300825,-0.05152046191099241,0.04007207709971689,0.056652125617719436,-0.18192250793302198,0.012721736172360509,0.032582587398097246,-0.10947263538991953,-0.019510858710712436,-0.013165267994415725,-0.02097776116112218,0.014165676256570893,0.02628243651966594,0.012203909620439614,0.00707970037734531,0.02683512111686345
01310.dpt,2399.596502056087,-534.5706653393494,351.1745508783909,-113.46254919876277,89.80251776411835,-113.88434101027111,155.15792524256122,-22.861538599087734,24.034734053356292,-1.3306688175948957,-3.2671187185436126,-1.2294899127091663,0.8994998432158946,-0.671186163764646,0.3856785760728715,-0.25442271171849473,0.14829533780358922,1.611307427439234,0.2770046971794177,-0.013011152993646802,-0.35218901332039815,-0.6194192523315214,-0.15974064645680228,0.2636398570593005,0.4442797495113702,0.2425079116796741,-0.38502500425977326,0.10573862811013039,-0.14749293103805217,0.10841081958607415,-0.1308359967744571,0.020778833903390165,-0.0755346527182015,0.030532005404071853,0.0443048823150734,-0.19627152806545511,-0.020628940529743334,-0.004197296712653186,-0.08201362339223353,-0.006200385835834569,-0.030648864404701468,-0.00732625844759545,-0.00032498164397502653,0.04295887245483538,-0.009890233338335705,0.009640318818509092,-0.008882472027596492
01311.dpt,-967.5388089693978,-349.4801395134198,151.53329286598148,-59.61624554485638,35.97878749929845,-68.29335698941941,146.3016342968771,-18.608178818600493,14.773011347592428,0.4756953111258315,-2.7383054637646547,-0.7471175967770286,1.2041727844355268,-0.9602696397573602,0.45909296863723326,-0.7755213176902341,0.091630119757471,1.6289639756945908,0.2039991785570801,0.01675424575732848,-0.3374379152206931,-0.607873244678088,-0.23960353834990966,0.1937885694999961,0.4660387660772272,0.2096905583835301,-0.3007152523278793,0.12358411947200038,-0.13608329646936854,0.12773660548077076,-0.09591091176922,-0.017408430877737403,-0.049459503301285526,0.042170247585513784,0.032324931246116066,-0.16100985489657407,0.0005964629035029608,0.03887285290444896,-0.10101895131399509,-0.017880742359946918,-0.007186257571596145,-0.010916089478254962,0.006051486536377015,0.02490138561175179,0.025986029329299016,0.0017748351243769276,0.021842461519906046
01312.dpt,-4766.961870688843,-133.08512177091046,98.03445127114009,-42.671055903563555,95.83178069792727,-53.87288990900745,116.01926099205473,-20.917179603360918,11.326605604687744,2.9554557496290386,-4.337096369049288,-0.8192303102367352,1.8022238172259004,-1.5964865949127793,0.7106772642673503,-1.15644673975618,0.10366569953782671,1.9661158960764151,0.15764134593662327,0.03313581432983699,-0.30227328231417183,-0.5974015311741052,-0.2940270351455297,0.21295382752458838,0.5129954104814061,0.20840681003076972,-0.23643715203614807,0.13180944370886177,-0.11912275021700201,0.149176449608145,-0.11314320634995018,-0.019063460019540974,-0.03881498663102956,0.038664245586798436,0.05225438414727007,-0.13756203852513385,-0.00252807530174643,0.03505976413008809,-0.09473080264182324,-0.020866495116003567,-0.0012107324476180628,-0.00562033130029995,0.0022684624965416686,0.023032637285574652,0.0292183122471405,0.005079663906759902,0.02493442176661875
01313.dpt,2605.64556138377,-393.1860543015233,147.7684939812218,-79.36703001527557,68.20378460808226,-48.40910242406032,115.04196908083415,-20.388824487249003,13.32150931766274,4.993698505484901,-4.0910090966218835,-0.8047369833890019,1.0459493720472317,-0.32787038908920496,0.3559120002812739,-0.35370147965957854,-0.19110973465016332,1.8200164902123526,-0.01140599887300757,-0.14001327240203312,-0.16446642899678135,-0.6359560357941924,-0.22891474080103846,0.32486973702613553,0.5836254564743818,0.2247125887007804,-0.2049666422006457,0.0791276081917162,-0.3098145288046576,0.11614782339458982,-0.2177782801614026,0.03759631469778752,-0.170498299183409,-0.04271497306020507,-0.20691720650860046,0.07089286088295119,0.0013965878244960542,0.024054420500569426,-0.11691751504156228,0.018555640163303536,-0.0017860943095877686,-0.006866849680128928,0.02523616630976426,0.007412139619705917,0.03775138294021916,-0.020321317319888923,0.004719029157376492
01314.dpt,1283.516036999807,-351.32375223329734,154.57715597466282,-72.35021551341303,46.423283896988295,-67.33710957385406,124.00975511465406,-18.64896062962641,15.56915727818008,1.3357698874852373,-2.355634633299262,-0.7517117265521194,1.0546054202230182,-0.9321054391347068,0.5887838769604102,-0.7682955295208492,-0.010651602375229184,1.4870352303229948,0.18207064274641602,0.06190930993847238,-0.31256361017152906,-0.6397102013671898,-0.23927155459438984,0.14500887408765367,0.45191724631813357,0.18766840573194865,-0.23984979813183777,0.11901144661347628,-0.11716996277202937,0.14395235017677663,-0.11846207610070911,-0.025780030687987277,-0.04415339737444264,0.03670754695015845,0.04064392710180408,-0.14103058543703675,-0.0018278816843139618,0.04344871704085088,-0.09748595214306098,-0.013058061383591871,-0.016955962475460017,-0.01795507549770569,0.011097097884264797,0.0354995413747281,0.019279212598118323,-0.005398218035301696,0.02949178025641845
01315.dpt,-1030.5607479441096,-253.27850731417524,-27.854680836313168,-49.55240494633966,48.69040375751749,-51.818706938159366,102.96463560949859,-14.131483818810615,6.252246243503972,4.097669186524111,-2.9621594738245003,-0.6749627919960649,1.2538527696904491,-1.0207497054887351,0.5763688188655751,-0.9124119208131295,0.052592057320953706,1.0435016312939998,0.09036680382030875,0.01780687020924338,-0.21277266857638133,-0.525211715485427,-0.26032737587242694,0.17672872009773782,0.3969425445079734,0.18204935245811113,-0.1449771742463912,0.06820686583801347,-0.07831652837441895,0.1483666379295295,-0.12433570715558787,-0.046056929548666074,-0.003460918693725662,0.02677569739663108,0.06405003673737729,-0.09290942117049013,-0.025172737765507356,0.03360311801530582,-0.08249921599308349,-0.023984047067870058,0.024978032193062483,0.019378913844689642,0.002795435869377234,0.008154142821840267,0.019211745845980822,0.012225246337092878,0.012442377043516842
01316.dpt,-3121.279485243019,-122.19140231699099,58.67584026434187,-27.525800433276668,49.79388355228583,-9.006255514990192,44.56185635296709,-16.400085550334527,1.8451528036055413,5.339757856016524,-2.0262227825275367,-0.0975414513648524,1.1127740103075496,-0.8469374313615116,0.47661268986971067,-0.8984153591301984,-0.011331453374142738,0.9074720274623319,0.15557838577304733,-0.008208708075334463,-0.10952975355962226,-0.3797576634882756,-0.21890487032455963,0.1720061354984411,0.32842516556227336,0.15535511980503888,-0.05688870066347125,-0.024137026862330064,-0.018920563001895603,0.10709317526445326,-0.09254691799399802,-0.03302077125727382,0.029439081158499254,0.01272898873233811,0.0981886437123688,-0.021297179888722328,-0.04102088192832494,0.015512078791903156,-0.0289362957356262,-0.05233749643359323,0.032617384900426635,0.028214620078064176,-0.0156649543885096,0.026461301080571195,0.011800294408536248,0.0036119917516354103,0.008689271964686449
01317.dpt,-602.9655181534641,-180.1867686541447,22.076534396938676,-42.187476066551014,36.770822505980874,-6.327864735690324,22.82478376196291,-10.159146990845304,1.3692349479069097,3.2968992396489556,-1.4353519579810445,-0.14287201896221696,0.5415362902035007,-0.49447399008318965,0.37254257358502707,-0.5288274690163276,-0.10174465982675253,0.594665669839098,0.053939985174248715,-0.00831747892931658,-0.032884362125702685,-0.2647443150630018,-0.10042273025842502,0.0996749374462885,0.20194253660151018,0.11444811760441405,-0.026406363987830875,-0.02124157391907391,-0.016104364650903407,0.08626712980733879,-0.08172737579707168,-0.0326091737934486,0.0281053952053397,0.012074437028810225,0.07029616919924277,-0.018497015368068845,-0.04141656591378037,0.007753544991980047,-0.03420262014582762,-0.03734729392772627,0.02105176618418225,0.022862381175355967,-0.012838160230402955,0.01744387117860235,0.0073669187668989645,0.005171619211865812,0.0090710284416084
01168.dpt,1187.577201522342,-3458.223276795506,830.694383891551,-499.4411027188921,499.2306495887772,103.46758708098135,356.42840129506726,58.879193560708885,577.8268507548122,-48.59227710316657,-27.86176097924292,44.21925457371693,73.85751920849304,-22.258170632973236,21.38422956632561,19.008748599012616,-23.459197724506403,15.916092714431072,22.06988894914244,-5.451085215263906,-12.875023439198445,2.1056225503061707,20.690740880610377,36.33716385087454,30.920994547758752,2.6183429572144004,-4.427761120756793,-0.00338896387408953,0.13556786594798698,-2.053259400577064,0.7722756453494961,-3.1206172893068564,-0.41235744046667006,0.4715498957741562,0.06709255278689931,-0.790557892904282,1.3059519436054703,0.05061648824609774,0.3754643620636408,-0.7676454404524523,0.13426572837042897,0.3982900187641889,0.19408839025492247,0.2230101212607696,0.024937638143120115,-0.015202012430337362,-0.12629881098242685
01170.dpt,-5187.881233166996,-494.6981166184655,49.54420481342404,23.145263470547402,96.38118296146295,-174.13597760450173,210.84422381560478,-11.759659183223086,151.99587800350008,-18.055114996938677,-27.21696327023636,41.86014264530249,20.87255405312736,-43.19398251656532,41.44310395639924,-12.050107914535465,-14.480841270249366,27.97372408352117,12.98219891078938,8.14723897648205,-0.6841623029221107,2.0076643547368476,6.388188472077179,25.918682634034077,24.412994640389464,5.006710523505256,-3.1719610386835986,2.6765989521986566,-0.6779201370417626,-1.2007746343164774,-0.7165536803825621,-2.8409510442144543,1.1185252659470695,0.33152250319244936,0.7860682963035133,1.154577171241916,0.6682149059436582,-1.0567488498972442,0.22028519842866812,-1.3643300465350745,0.4088281083263366,0.30412302142573655,-0.49256036972173883,-0.2605644375280388,-0.004239480347098461,-0.2639497473142934,-0.2036300411851969
01171.dpt,-5442.994432538681,-540.3235938198679,261.1750887000597,-39.829113656231556,215.44225869992385,-69.61158501058755,209.4705759689414,-1.0887342089806817,141.18156028243536,-7.455033837319178,-18.818242295172602,19.473642464346995,10.685340615051425,-31.627377693703796,25.21546317371108,-6.2296797682563385,-4.364375325177919,15.628685362425284,8.619040764214404,1.806986654515742,-0.47255288063183704,-1.4423010550519897,6.972633442891491,18.677955316796524,14.071638365246061,4.006460416531363,-1.8875532498720557,0.5041308158228711,-0.46104354322649344,-1.0775961097725864,-0.6260937800868576,-2.42394236092621,0.09180226219171723,-0.001990738378389571,0.07904772579705882,0.8545786111563693,0.6597084472674117,-0.5480516880083471,0.028649088837402817,-0.652106308049721,0.4897966423590971,0.22259987734197428,-0.0914868063123125,-0.3083940650476904,0.027373072612127045,-0.32713127381320733,-0.19809206485202097
01172.dpt,-1287.1275325056522,-387.5460565621851,-347.08714558843803,42.008409267054546,118.74992339401723,-173.0160420238381,197.6866538981746,-0.13733247897727952,99.48120495614333,-8.616361394573811,-17.08830823085229,39.80909923036095,0.29416873846701147,-25.32409627839035,17.77271420149197,-9.218166006478153,-9.122425261199236,15.950931982809738,9.733281157980752,7.432481460751834,1.182979895440695,-2.537485333882798,4.040289389252376,15.144993803980196,13.549421677251756,4.539273234082057,-2.3057356620380682,1.1231162615361356,-0.5749157834697647,-0.2110556226829494,-0.5925316354505386,-1.9413518870402156,0.21855807657502707,0.03924952483107623,0.2811187759386371,0.6549912559174067,0.6299153426385662,-0.3743136110725495,-0.16917097235510709,-0.775824736436805,0.30093363840644766,0.15412234036678843,-0.05941658706669058,-0.18388175821896052,0.12106904738076345,-0.36190489513897267,-0.14788921491446944
01173.dpt,4787.39323773592,-900.6391517622313,190.49000572607218,-105.78752486139233,68.31424474276047,-131.0226262587203,271.05511999754094,-22.04969734644668,189.91335582366654,-38.644815039718175,-10.998905252184475,39.8023514227644,26.50118377647102,-30.569597634462845,20.157651455272248,0.36656623483813594,-8.667304870220839,19.334308617771583,11.15783202698106,4.001314159754443,-0.7921293410323148,-0.33861530735466705,6.47662463459769,17.331593620373333,13.481090916806709,3.490683930231154,-2.047451402687348,0.9326616039932702,-0.23872297813068058,-0.8148216149897933,-0.5613220820450506,-2.4286256639515686,-0.13024981923965886,0.372372012344265,0.4904385663646865,0.39453103792882127,0.5332080174422233,-0.6766184869704704,0.032699080262621034,-0.7000262355963295,0.3221800492378051,0.185971595041536,-0.15676543782811517,-0.2156531863681241,-0.053090760804262525,-0.26907739993692015,-0.25606684865113216
01174.dpt,-709.6196342927152,-745.4222908946285,152.69103478569932,-85.98961155918244,183.29139928987618,-57.137197148675014,228.19717543205175,-9.295867718895034,151.45879599907573,-1.059915312646253,-12.473995461973253,31.258337066475537,15.284388578817364,-19.55605258377022,12.325122052663644,-0.1917869413487683,-12.550826249019169,10.659515970702143,12.388970276290573,-0.6915384253060987,-0.7379171933236319,-2.570252037914946,5.0495633101965485,15.38762032669493,10.772930507308722,2.6644668731176377,-2.389301387169896,0.4188920151458942,-0.4823548552985681,-0.9978224713462702,-0.1710236872213303,-1.7835368146234438,-0.3657616931613132,0.03038311396432805,-0.12118443972690657,0.46133782567391673,0.6143603661779445,-0.5346938893176906,-0.07236706737429664,-0.5578010724372116,0.3209287572468275,0.08196596118431751,0.013544973424755174,-0.3843373434792873,-0.04121348626497532,-0.2943203496976175,-0.1944973953867488
01175.dpt,-1418.3350715630634,-509.53558092627304,56.35173681378711,-43.855697001194564,170.131311327265,-33.12694369804174,178.52197440143215,3.22692155983641,131.2395627578484,9.619450368342019,-3.9816307503869632,17.415645176992296,9.512717649603227,-11.052100476661664,6.167870873555557,-0.10323516267571796,-6.427556490699025,4.4553019551797135,6.941365435013084,-1.8278795126116214,0.0034780887082776148,-2.974422919912495,3.95121978017556,9.434045146281678,5.1960340579891895,1.4286207682101628,-1.3307946349458781,-0.44188099982684936,-0.556270263367934,-0.8322391171531683,-0.08363267436779939,-1.2288284171883592,-0.5570923137320192,-0.24457348933131845,-0.6136263500601851,0.6882511546051663,0.42012054054788406,-0.35393436359793906,-0.08402646643103091,-0.265728549098819,0.2801003299795747,0.019061860014488452,0.07047875165136078,-0.2870677263592758,0.05970318898268294,-0.25520558103819385,-0.1300316516358968
01176.dpt,1491.1846264628912,-468.50490095250046,-33.46182870571216,-46.97203227655187,58.96415453760836,-91.94665750311306,141.55013907089034,9.664478020221015,110.84713655867371,-5.624944310452701,-0.7562101753278321,20.975916007280503,15.580818513861088,-7.52717401700753,6.0015751827709085,0.5263254707889553,-3.8958797670707392,5.451910194022174,6.02073812538708,-0.9854603451312505,-0.4661973657864818,-2.581611786746988,2.965423102945381,7.502529193847307,4.3369353949548906,1.2348577863499557,-0.8829071253211566,-0.3459085080623468,-0.14599695493994055,-0.5723296181783253,-0.06476049715113766,-0.9276235716685226,-0.3648022133784591,-0.1981972209028847,-0.3198344809362302,0.45106196046205765,0.31502953168404757,-0.26048706990041454,-0.07611681529442892,-0.25540607182532726,0.22379803971115442,0.040489528359753425,0.0761461012758531,-0.17952417544955862,0.016275298702840935,-0.16726832212790502,-0.13325598535203195
01182.dpt,16707.662367331508,-2589.3308871819177,3191.7219813585025,-596.1752173884764,287.5219030069243,-727.506077142171,271.25420207246333,183.77822710568114,506.7612972237125,-186.74740742641342,87.673787630287,76.26824122797196,64.75651750261868,-53.20620526855574,10.848124248965359,20.58166934323984,-22.405209553660217,24.277099370462455,6.212957467116067,-11.044221257527377,-6.062013449715683,6.100109127930888,17.02417780771533,25.551025515352197,22.052346073347508,-3.918697437634242,0.45672181214716984,-1.270489894311848,0.3496947605551415,-2.036898410541543,1.0002284364477634,-3.7902241299294874,0.03612294210523497,0.41824738199050354,-0.021886045498227695,1.5063837974936716,-0.37287842753550837,-1.585016736145124,1.0098780659504127,-1.469441485596029,0.6484449174271202,0.030207959393936997,-0.36307705547871794,-0.18647028038252392,-0.036631350726858976,-0.30207504008606495,-0.4623999200469886
01184.dpt,6671.042243136371,-1350.2964162948113,1716.5644559982502,-303.2256067664245,161.43129113818745,-379.17190129209706,165.96576601299944,138.11767354407726,207.62759882603737,-110.42483456904505,67.92485257894413,33.28780244115403,28.063865852902644,-27.356294516408486,10.377151613827408,8.050043216843871,-10.866736947063774,13.976780374423777,6.607667387250446,-4.731774879281515,-1.3774175851001158,0.8270682655937008,6.311879270152045,12.113316282493289,8.543586864397602,0.002673156076152964,-1.2000157250095342,0.28447747588870465,0.47874692963496,-1.0830866789644755,0.21829661019789795,-1.5915407701316988,-0.549529486572798,0.36431340102333987,-0.13858429917788231,0.07585985867665156,0.25331996527163786,-0.5975607040136941,0.2353532920165105,-0.31721642871980577,0.3473613189789379,0.03411348951499283,-0.12557670991730838,-0.06774456575546967,0.07305411151549465,-0.14205588017248447,-0.30365016834513575
01189.dpt,14063.141901482917,-2006.1466586620984,1592.211274819139,-412.0886507551207,94.12683404938535,-743.4119679070427,195.233971036618,31.8529363984743,378.1163697213149,-160.8105531784964,79.13122899495804,67.58667276104711,25.63058223052447,-48.50677170959973,22.37586500471317,-9.98304647074438,-10.383948604918565,22.498526595385123,5.567017486247311,-0.8990030215021902,-0.7885247936397551,6.448844374611768,9.948906315793261,20.586243025284293,19.758737272605,-0.29724870817095395,-0.3250555033001488,0.18793816746988612,0.6283802601605406,-0.908451494949026,-0.7406531883369273,-3.5667740788771223,0.754780856998337,0.7265475762533431,0.24719903218400502,0.6268646386392809,0.7928966391377026,-0.6264617600676646,0.3775070498589357,-0.4669781161762111,0.579851203655843,-0.07113519230735571,-0.3119402846166499,-0.21505656028701145,-0.0636688995298852,-0.19335103444753213,-0.4371076437876571
01190.dpt,2961.213667202027,-1136.8026996500407,1275.7852800931794,-284.9811602808244,49.04566207230451,-292.10570438697613,198.9647672509805,59.24826488073009,234.89663147215765,-103.72403342586496,37.65135891421525,34.0666732108306,24.2853167912488,-35.71397436302043,23.167880806912997,1.6861540719933805,-12.632404902619568,19.966078171260364,4.0609235631764395,-1.0723188005818112,-2.9168383485614275,2.3191631498307643,5.543392834017418,15.184412089527234,10.655740827097151,0.7211204864627839,-0.3650604575357602,0.2075395702709849,0.18151594570893534,-0.8102038683201143,-0.8834753536543254,-2.7682893684396315,0.22577998285002407,0.15583612210002015,0.7358089804061331,0.48106553618400744,0.758304127989217,-0.6263705804250075,0.08670375866626012,-0.6329896172109092,0.4494782021388048,0.15932718512027283,-0.14604977199431177,-0.0884948115666809,-0.17295453589232138,-0.1061764652313334,-0.3032355505319334
01191.dpt,2800.3773640724376,-683.9819669095973,176.66601601287053,-127.8569375811833,55.54344411066576,-210.64511060188616,134.38668603706168,-2.901701429647203,113.80485379447339,-26.892865251263856,6.942342425973667,22.528769699760577,1.8152210206641892,-11.236156101715737,6.704660417939638,-2.6085816818606022,-5.207875261763856,4.633430693612393,4.979669202215579,0.576305169155413,0.9605689013275984,-1.501893369428048,2.208247265841462,5.60529474108648,2.6765077737240066,0.9601580935404403,-0.1378553349813879,-0.605118550311694,0.03764055381480237,-0.24866122500487584,-0.6438478165228795,-1.3961906899207543,0.011267705240274347,-0.3249808386634594,-0.23534388207215065,0.6127278761398144,0.31170083811824184,-0.23406791814993785,0.03919715801411891,-0.2592909829978044,0.23950403354544705,0.07551161323518342,0.19209012247588414,-0.1746908236457022,-0.022018491940577724,-0.15993589126085697,-0.11917876587273775
01092.dpt,11898.749137277378,-1808.022253093422,790.9099550890497,-351.5278317445766,-198.65653022638273,-681.1637131837136,364.2768520516863,7.227728877105462,291.62918647648104,-182.3469460139093,-17.31587877716613,77.14621861891543,33.253937064965875,-46.11791303862,32.63585025403683,-14.282449782624623,-7.622855811290726,32.262187169647866,7.591965945543776,11.774660836039649,-1.5569812697979828,3.1386583457597785,8.76031024037756,17.55143128009986,22.753239532448802,-0.9118198445468162,-0.790792677843448,-2.5367511062709336,-0.2698210754367317,-1.1305540748715202,-0.49443458025385967,-3.795014971062332,0.6301092176353744,0.3730932003562833,0.19608493188813195,1.309898460127785,-0.15638062845401965,-0.8352442077399057,0.8336323705764972,-0.8577786173051923,0.5428751460439236,-0.15974494805240622,-0.2501794736113985,-0.6551236921453378,0.08677820327894416,-0.1954742496688252,-0.1823744526102199
01093.dpt,-6955.020722321098,-332.4664750398948,108.67687158886525,-50.502462738764656,60.68206299464366,-216.35424548476806,200.36061655999026,-12.437071066164854,96.45444935767972,-30.653781547758957,-22.720751124056655,45.87132518017178,13.461581315982299,-45.75885653836961,39.63093125437442,-25.436791666236843,-2.365902730892405,34.2799207760343,4.169899096385615,12.148668961528305,-0.552791566167538,-6.1986415368837,3.8705139169841205,18.875366730363204,17.129346015588904,3.9530959747050205,-2.1043261459960028,0.5511745270181246,-1.7036936359716932,-0.7837990557177477,0.14051742955022412,-2.2447006794904922,0.22865834694024498,0.06622675617306646,0.8254561783495009,0.6467860262309616,-0.22695986389160425,-0.4289725940978607,-0.1636488867942909,-1.0685683148892924,0.15210921671171898,0.0446019795292702,-0.15190354848754817,-0.3318233130314237,-0.10474869627493062,-0.19728510453558465,-0.20158545654607585
01094.dpt,-3004.957907860302,-442.21211371529307,68.6479323307403,-87.32906807337359,-18.816729847223908,-219.12313189151638,165.68052829080068,-0.8461965863814299,94.65336288923905,-34.99989478438685,-20.32236696654303,35.83238809140869,9.617471176908309,-23.24362263509725,15.648205254665097,-14.63781601913906,0.3717596736365656,18.253761593296186,6.055577657889494,7.823176624634896,-0.06735571800634962,-2.980808385561238,3.0109290768983175,9.10689512934814,9.426792697809255,2.269106318955039,-0.45254330413746696,0.30954018279625417,-0.4567860242158676,-0.01922840089991692,0.11153033969092717,-1.3533579509884832,-0.31750815797425014,0.11474090935177814,0.5352803783172323,0.37007393282776263,0.1330088103862767,-0.14666517212321817,-0.008345851508985331,-0.7298978349680236,0.1779220694405125,0.16510636220986702,-0.20412430363590162,-0.08846217330198614,-0.025980992171796,-0.08010340771950035,-0.2007057198439129
01095.dpt,-2282.002367407725,-249.10401598581905,48.52417245475648,-64.72325878214953,20.370029270615763,-104.32468052704414,31.098035016422504,-9.58263291030754,60.62583388929266,-4.921603711249468,-11.946250004848283,15.464526625831398,-0.9984480856328236,-12.838877541881251,7.768203073113673,-5.391584886937415,2.25342108206166,7.717946784452149,2.3012801710647297,3.9516346239906643,0.9470786880069365,-0.5604700406307745,1.7492149174094156,4.9730273141133035,3.89509961553747,0.9067412829496729,0.12520195312821322,-0.04183901715482595,-0.3786917692563713,0.09044717009102368,0.06465587292010307,-0.8482626699004381,-0.41381820464542135,0.0005471341719097869,0.04675453178791928,0.3506086439477887,0.1585329984358324,0.07313119719558232,0.20230645646947493,-0.4335832092282023,0.0759673050556915,0.133667353334841,0.0024619103418828934,-0.039207298527780744,0.021788116204428675,-0.06821159355270444,-0.10678611074609187
01096.dpt,535.9913023281655,-806.5088769856281,121.46593368458821,-155.5476839638846,-31.679464304658712,-163.17270798267091,176.39465077473037,-12.06544765690881,70.91517676426017,-23.4647923470986,-4.994188717538769,21.8087434372638,5.054927874703433,-17.70730912944793,5.928277706877817,-6.565289993468992,-0.5370966401918527,9.412757546545654,2.4571933871093004,2.062549573781929,0.12582151179681114,-2.3243821839364,2.7674526258341436,5.6498224214836315,4.500265627098189,0.778312740184959,-0.31668146211973275,0.3165177893949636,-0.25539833415636815,-0.08689752636836776,0.28202004848457907,-0.891085436419496,-0.5103261107942857,0.07903835324132916,0.19727542454320338,0.3362805934446653,0.03020626323253504,-0.05148147618833388,0.13543300508323158,-0.49717315601382017,0.12301066305681427,0.14912082812656466,-0.04457550362666365,-0.096599512949974,0.0011923728610742116,-0.05510734082128314,-0.14436535691043623
01097.dpt,-1636.4501746019978,-469.7931124137326,153.67352749860302,-92.6306392828888,8.824127051891681,-108.8511803494956,130.36036584374375,-5.0167452661533405,63.54771898811517,-17.060095254604843,-7.782397272382638,12.226854985745732,4.2725018990306545,-14.501036291369463,5.432828047174158,-5.20293785575074,1.314875712257487,7.270059886425424,2.696148078114696,1.970488726147486,0.07114238865175086,-1.9119744104150438,1.9998785200855362,5.231532875167805,3.9373591080961177,0.9758556339229718,-0.2447176657939447,0.22522557496611934,-0.2984092227312929,-0.03681988942176624,0.23464953715903553,-0.6097183925653924,-0.4832275519051084,0.08368059082086572,0.16175209403993732,0.25907622904987293,0.08447361385571392,0.009655600621965825,0.14875611565371188,-0.42252804654328363,0.12298272089409075,0.11643785864571957,-0.011816822450856327,-0.10538866340312936,-0.017348479619906588,-0.07452082680976602,-0.13733006458284833
01098.dpt,326.13519292082583,-570.2531908343844,182.81904908443673,-121.80841035385446,-10.757996002673918,-145.95320228225583,148.53622547934222,4.427427413633472,73.27086706488596,-20.145025893351068,1.9324110849466098,13.439842557334915,5.308887881445488,-11.127703673966607,3.882628791829407,-2.533254317563096,0.5199458902425825,5.239761749989777,1.927958101168656,0.22227260182924086,0.4866399809435708,-1.6904417373680904,2.330320737296185,4.341864299010659,2.6726962362079587,0.44309078121892326,-0.36666157641792985,0.21587664200440837,-0.14663888325586383,-0.16244735120437406,0.28337738528071993,-0.6041674439857351,-0.5408322966801434,0.10805820057397933,0.060448129892364776,0.3319475713873217,0.06435573283873806,-0.0491520908582719,0.15040112003335765,-0.3017392845321258,0.13332489559929706,0.06878492833354397,0.006042249502282899,-0.11449164496521037,-0.0016121377518357018,-0.07852491915468231,-0.12897835241799746
01099.dpt,1722.990360521871,-541.9259734077606,157.3472754094724,-111.19750670460202,-28.542009730836455,-119.51289180456271,118.48057756094055,2.990727173260387,56.02699023950039,-19.227328732251237,0.9027338292953593,12.304912796735989,4.769587703634118,-6.2893151153668825,2.1736079097136587,-1.2816441657372448,0.03845020049422696,2.9991985174882583,1.0419366228812819,-0.09984500237416032,0.9892535682881486,-1.0727645505048387,1.6177060514117643,3.085845119624132,1.41645700822736,0.03264056958233914,-0.29325564165500484,-0.034616734541327666,-0.04822389438550233,-0.08623946113011985,0.15337634732849673,-0.40479551962776167,-0.5044240005410772,0.1279805097055183,-0.09083021687405338,0.31708593729413287,0.03317348589398821,-0.05116067929837815,0.1523877556095305,-0.17890294668782278,0.15411450893202924,0.046892726909397844,0.02282328806379094,-0.08660287250750069,0.015886183220128025,-0.0820581201935676,-0.08486259318342318
01101.dpt,-1738.550891211726,-560.2941640067328,114.70784872389673,-107.05149212402816,34.003731746413415,-133.77330050961987,158.1767811073872,6.7759462322635455,53.95478919833821,-6.298059951000265,-14.348861485175632,5.401777234813089,6.711699269517394,-8.303211134928846,5.0246020799825555,-5.312631309507447,0.21969801053660767,2.335962107115932,-0.17726791289256696,0.2689747810195994,0.5241007238769867,-1.6737135002274894,0.6394471513712583,3.184340849692548,1.7417864471965658,0.23211828417742014,0.16876798556393624,-0.18709154206482403,-0.32388568315964955,-0.055800610335294286,-0.49671181945025406,-0.5237663869636168,-0.45095680890845385,-0.1982371517321574,-0.301762563167359,0.7567384772376669,0.09115691990756684,0.074655015590815,0.15106101390107035,-0.20952528508972204,0.14340119142459845,0.05771698320924478,-0.010623730681241311,0.00406805514039197,0.13651459969802535,-0.15009294676534013,-0.11221386531283127
01102.dpt,-597.8045173487742,-493.31718310249516,-89.99888329184148,-105.99657283580152,-24.255814426216276,-139.41451733136375,138.0508199692808,6.68547932580595,33.608673124800106,-10.921742091818176,-12.988046263721259,13.192480084249016,2.9630613190784088,-6.427962696850602,3.669051738314204,-6.453856537996921,-1.413796913376418,2.8894487804762607,0.6041943561216738,1.4532204027441253,0.859249887161326,-1.9555180007601198,0.5998527328189593,3.2753267493832,2.1747740141796568,0.4859578055465361,0.0820729641201706,0.07652450961128078,-0.2527132780393592,-0.11241588973185458,-0.36907566098643724,-0.43673414978512537,-0.45632171404027677,-0.22735038414225509,-0.23548193768557035,0.769464668950014,0.084284654294396,0.03804988494514453,0.10491467281884471,-0.27910379359895243,0.10927453088399854,0.027737048161524655,-0.015326335623767834,0.0014745358602724506,0.13174275283688874,-0.15102171004904494,-0.11835049002665242
01103.dpt,-464.730484610675,-271.9717813418529,40.043493814772496,-58.96680672998145,22.172502835321726,-111.73287367115663,167.39156905220764,12.389742325429253,43.95166409747894,-2.3468916099208452,-10.298820545260936,2.06160602686475,6.062224212366945,-3.85508451040114,4.165813031983151,-3.3233156171107567,-0.6246619525287386,2.0204045632334293,-0.6933949340035153,0.6927263465127279,1.0060689991854197,-1.1603323203528864,0.5177033192239511,2.485970967539513,1.1851078472290422,0.09936793153329493,0.33322098540772377,-0.3071885277053328,-0.3412395237783862,0.01852672637097077,-0.5451014141689124,-0.4017423798868125,-0.4185957281799245,-0.2099086297141239,-0.3786184998679216,0.7370036691513712,0.09710542458203306,0.018106709132855142,0.10780685862242288,-0.138895736087208,0.13522960654396088,0.06650552832697287,0.0010010217701682956,0.03556242809273326,0.1433896011386658,-0.13620408884772728,-0.08857909438338252
01105.dpt,-1890.23574102816,-336.18174485993467,180.16906434843398,-89.40234331759403,56.265657562681724,-85.36402319631549,158.07491206590907,2.668798876407554,37.54781279968728,-4.007746638460173,-10.576835945980942,-0.6400449122413668,3.413451710798453,-4.721854415496213,4.4510988604472495,-3.4002051418073584,0.019690372012779515,2.928683944440873,-0.9680645797321594,0.9864584124034649,0.9410589997083018,-1.0290500524667594,0.6517648979796108,2.8235796327864344,1.2940108267030217,0.0997569384253216,0.43669844133237445,-0.22304036040891023,-0.48639490489960335,0.06879647249174795,-0.4469813631372175,-0.3045312694083557,-0.5002994387172869,-0.23740754041607687,-0.46447304300162473,0.8327194086317596,0.08662872618113383,0.0071617979262056895,0.11400319456159369,-0.2297776079721725,0.09650895747625694,0.10710429423325796,0.025416718362940696,0.017363434145813813,0.1451234971464834,-0.13050489705453544,-0.10381367251532492
01106.dpt,360.67122978959105,-114.88956602258249,-195.17142532788998,-45.06486382533915,-21.23746744209879,-119.43876505795538,79.72733420284897,-4.5662526945535085,42.471442174201755,-3.996876969025846,-13.259986467174786,10.356774170928375,1.4981305271977388,-3.0927631803435616,3.848796415647623,-3.8806291075020445,-1.7355195254532452,2.7877976973327536,-0.33310651236063077,1.4794078811952898,1.3698791850910665,-1.1013061731214409,0.44127998318638206,2.4150842808207242,1.3955314737519224,0.4903908882266137,0.47058239434834387,-0.3350083911366863,-0.2214457899770888,0.17913668959100681,-0.4908226462816173,-0.39541220379541775,-0.47032868069668154,-0.1782155555445299,-0.41137318114975757,0.7819087500932063,0.09946464235228211,-0.027421012016392306,0.12623485141374974,-0.1661303158893713,0.08424988789731024,0.06629921275365834,-0.005227033089915089,0.011040487423079478,0.15203892563545499,-0.15549226141180691,-0.11271512303973162
01107.dpt,-1247.0486936000973,-344.0932423111507,19.497465038754946,-80.81181791134773,54.298119588432286,-96.87786839397924,131.70176739097602,9.162804009846099,31.005782312776073,3.8635958079021346,-10.061924854336851,0.6476309233636497,2.005381139298997,-2.7974206383102946,3.2444861286563524,-2.4728172685948304,-0.029762281674003115,2.4808682563464703,-0.555270786676959,1.099022862864055,1.1731465601628135,-0.7192748138554554,0.4166495953004419,2.1108935817923884,1.2141035324921599,0.19347951166661428,0.42315861746308225,-0.2422274162876218,-0.4280247842571037,0.06976448799769142,-0.39108114618927775,-0.1626830427481091,-0.4023270887492591,-0.2281025378361019,-0.4894551947975275,0.7798125095583075,0.10282842422362135,-0.038828215167893976,0.10321642791788271,-0.16861555326286,0.07829646476320384,0.10185089721456107,0.008443352168423806,-0.0009290708501418556,0.10140349571340859,-0.09551800933568229,-0.0838075410086509
01108.dpt,-2494.277332133848,-165.05413140608627,13.806410930640038,-47.758699400645796,19.064023101012516,-88.92262830052059,100.94749779137247,6.739693720035941,26.775378011995496,8.449309200274254,-7.818134055855589,-0.039624784765793536,2.7417999220194345,-3.5503234490826427,2.5421163452368525,-2.2330554174436124,1.1444345067331207,1.85672975000615,0.3392254988686028,0.41025757799798496,0.7553926217092964,-0.8596248887097107,0.20862074914477532,1.9413734206818831,1.4941504954856488,0.24030486702178933,0.31396907876612107,-0.1104513852193266,-0.4114703158009538,0.01830365311535414,-0.4169881091342165,-0.14571856089308874,-0.23622493223608937,-0.19447957860743376,-0.3656538162372143,0.6704585656657909,0.11060042728850114,0.026775734020718204,0.10645866690728494,-0.1161602381270251,0.10537267355772066,0.06839276148669507,0.0005893274390640384,-0.05056819865519098,0.0789894784129362,-0.08503352167505521,-0.0815927204605094
01110.dpt,-1414.3829194114826,-237.29700200085017,48.57741386679628,-61.93070385098402,62.41231945711473,-63.69983781936431,112.77851539730374,8.452358177717464,51.004320815174324,4.4309666534506995,-9.492468915344073,-2.946311828368506,1.6394380316638795,-3.712478588149828,3.4324555517466924,-1.023144653342822,0.8674182491604343,2.5198346045311277,-1.3396234868915777,0.34380489807956144,1.1799739438701469,-0.09678776731063961,1.068669572144063,2.7410208492203583,0.7669790942321897,-0.12796067004067863,0.27808845427913736,-0.45001412688978815,-0.5428076987169284,0.03786041104103015,-0.11737278838561555,-0.16322020247773653,-0.5262276865659524,-0.15020950220410403,-0.507454279862329,0.6941867666403534,0.08439296811110679,-0.0025657525686330136,0.13084869649858058,-0.20374916664981324,0.054288921156742505,0.14561311947797437,-0.012089013526996416,0.02666669624952484,0.0877156849522155,-0.08525862355560117,-0.08187296086412758
01113.dpt,556.4677005359382,-822.4057725712098,51.178051452428846,-200.4894823539993,4.528424182739276,-274.6511076299506,326.9252408281094,-21.82025575692718,149.90845896347616,-54.39979545370358,-22.594581484709582,38.273002668252275,28.060415960402466,-34.74755897333465,37.44404065022378,-22.383033784375563,-5.191457152470356,32.0563921009275,2.1514951182563533,11.543472038261601,-0.1152445451934062,-4.864313951212972,4.892427358991255,20.87041651192089,15.407005703973978,3.393088720172589,-2.799568363793914,0.3117838022594344,-1.4582304190545168,-0.9017446985248149,0.08279969242967476,-2.7985521345677618,0.16461940029551297,0.06308672474879971,0.6252047352533259,0.818900220259418,0.032713340248577735,-0.5864997120569022,-0.0010188597189866658,-1.0213978698767556,0.26634737074959375,-0.1542528593098075,-0.09647171068807604,-0.34672754234374936,-0.027722048631092712,-0.33332135879574365,-0.2015645994996276
01114.dpt,597.0722472632908,-748.8398584436525,-191.24030268373826,-190.81663606842235,81.14825262941709,-207.8893233070255,230.8369732770868,2.8799303270612278,79.07468996759428,-29.579799532102,-27.456596294263885,24.190309114810265,4.7631790612036005,-13.320068815147325,13.431865367617917,-16.156664921863747,-0.2605204007105497,11.071159020717449,3.216405793116296,7.993647562129645,0.7111998509751679,-2.54585914340382,2.0816452839101536,8.92162188222636,7.061340391317856,2.0957152152661545,-0.6109317382504732,-0.04862078471515851,-0.7768731412588891,-0.10624404425504791,-0.30975627796237454,-1.0388878524400604,-0.4940834812759261,-0.18238743375561794,0.13243552144340318,0.48904742282076763,0.2545144475803069,0.16194130937442114,-0.08850396512809411,-0.6386913390995023,0.19995948628099866,0.08562681641656388,0.026872582786990392,0.03785977976216172,0.06149697779263537,-0.2591688567553867,-0.12407229343875083
01115.dpt,-3787.267506049245,-287.372084414212,32.37593387815338,-102.68964996491226,94.87023431322129,-82.5130276233056,91.85253754034103,-5.741194319327584,41.595279220626665,1.9506734249618352,-12.897620162848298,7.061208219970282,-4.052433481864494,-10.947662939282493,6.782842558811394,-6.407958751774548,3.5694444728843298,5.246430247758807,1.9849393443827108,3.64342696885768,0.424535444507953,-1.2495605884639436,1.1741393741792008,4.990841960684974,3.7607087153515413,0.9744563283995447,0.06628022099263749,0.1265069208375674,-0.45891225283114506,-0.09796966890475076,-0.21633374328945185,-0.6698661181880152,-0.32772862452448565,-0.14284051833220424,-0.09343475882839151,0.6279711633782589,0.2153130056282707,0.1156612653698632,0.11127373261554431,-0.3812480907938478,0.06343506998066714,0.08464746173414947,0.039726328919274544,-0.0553783334460044,0.06643603060899905,-0.13792481737439707,-0.11509077376554425
01116.dpt,-1363.583906122011,-452.4361343395081,99.31165908001212,-119.41862229242774,-9.392660484685788,-131.78120342434894,100.31659791658956,0.09302110579233053,50.593554134349645,-9.133285076852218,-7.496822103797175,4.127507610177375,0.6198024555941374,-5.899928820785472,4.513623941257055,-3.8039217598308324,2.1638136451411287,2.3256567586796946,0.14925964195189187,1.4514734433790535,1.0153293531368048,-0.7975127883151235,0.8881571758737112,3.1097559569423834,1.7728911390119437,0.19874848219642385,0.3728869379556222,-0.31389314104353655,-0.3452523231648611,0.08966885081748491,-0.37468386591019803,-0.46957348118653564,-0.28216261390788444,-0.13424262205612644,-0.3643521118223636,0.7103403009091983,0.10561954124650932,0.017571874579814094,0.1848176752480969,-0.1761858587840053,0.08822274214260503,0.07176268006736132,-0.020212735712667736,-0.020225296790547465,0.17338454347856272,-0.13339791357447758,-0.10933869925659527
01117.dpt,-3519.7532344694814,-361.84634691887715,88.45536271104444,-105.07054349421931,36.832864972176395,-88.13202055683698,75.26564170644315,5.713653448749617,39.62648656837724,-2.108034238214986,-7.689358611110225,0.24846747412494138,1.8870388917719076,-5.604449047522452,4.291349052533098,-4.168802934889562,2.3244130626584725,2.5840858551235426,0.7136622921425894,1.029891440410934,0.6372312701641331,-1.142373273970633,0.8025361607208066,3.511595998966765,2.2073379112409386,0.33249777487322624,0.15312241223337686,-0.12591469023857638,-0.3115388986476397,-0.004121735134365488,-0.2571455679827723,-0.354402563468518,-0.2806376129728342,-0.13656652210751227,-0.17679076352350853,0.6662085662175852,0.0938959393973871,0.018012271824624157,0.1106813480124079,-0.257889137554178,0.10866574933922045,0.038719466674405255,0.004373409904856538,-0.08032805872279665,0.07785875843658772,-0.1226002270854826,-0.09946659608112993
01118.dpt,4852.747024334885,-381.84432525299013,118.20637487550776,-92.8855378593441,-4.184546190957669,-132.6102879559807,76.35613518758619,1.7940734181046578,57.244566565865604,-12.613881779036193,-3.6466318234327137,11.928536179810934,4.854780551785352,-2.8963231438921637,1.8600984704495622,-2.755630238698601,-0.3789688962913677,2.4604488055359983,0.6089499935677118,1.0575243883453422,1.2384094805927444,-0.6793918234126649,0.6868495478318695,2.426842548905426,1.3246577536317312,0.12798125566672536,-0.07074846185602959,-0.19038775063176952,-0.09773346379060943,0.15650049233647118,-0.15955035449286925,-0.3850850129220545,-0.42591249896844857,0.020139906967982898,-0.280380600601971,0.42624281180973367,0.1295669774894585,-0.10116852102265184,0.09776994846197465,-0.0704538580530367,0.1221076321688246,0.04304061718080502,0.014239844156046682,-0.006358545200791237,0.10573766511082519,-0.12302212306633714,-0.09258107193147234
01119.dpt,1285.7849769960621,-587.9216848366852,172.57726210150864,-148.55687640314056,73.73412066087096,-117.12287880995922,124.49224409733351,18.900260653819043,50.068652393357034,-11.639993675891853,-4.361020860024009,2.9933138242851056,2.1755375667038463,-2.3462231295445366,2.323692696245738,-1.8685654531307225,0.17837179285667265,2.1818998798838822,-0.10531729455334994,1.0571557855099862,1.2417460453307572,-0.6751182432453195,0.888793974586742,2.564184391821625,1.0230195032334224,0.05143476028648865,-0.0066511722420761555,-0.2671005261695807,-0.2708917508038218,0.03727817934465471,-0.050295122568960696,-0.15402565699565343,-0.420176017779246,-0.05184405963416727,-0.29490158119378507,0.436660157848743,0.08658441069854564,-0.04376742834150009,0.06623061914087032,-0.15991114803877532,0.11837018375031626,0.07670765678625276,0.004765276825083672,0.00037698819035322204,0.09199082757090313,-0.11567512308242865,-0.07761326668724516
01120.dpt,323.54844897766156,-417.4809789272208,79.54991251463134,-88.3905295757143,49.388292881728475,-91.7625276193759,89.09978658230773,11.78924186619963,51.65539820126322,-2.398877216913872,-4.266602183322543,0.20759266139913227,-0.5282316937752698,-1.6825962768385867,2.2807952650086016,-0.5358474411720081,1.3532718830319452,2.0177291628944043,-0.18084845731442967,1.1240499423461892,1.2856267777287953,-0.02502857662900537,0.812668175205795,2.1555585914040263,0.8340157991669879,0.058352990316600066,0.14968954455799086,-0.33938651032682104,-0.32180868272289354,0.06219017948193288,-0.05587484653323993,-0.11429421482839917,-0.34295370386561286,-0.025694722028342682,-0.3348785647841285,0.42867139556350226,0.09510199914201269,-0.01075485507682305,0.07646520078491206,-0.14602393622293444,0.07061587477108142,0.11823490712602173,0.01158726035341724,-0.025592651910105072,0.048848863369220875,-0.08044525056282893,-0.05890882298639034
01129.dpt,16653.159862790333,-3998.8896904392977,336.578729960042,-270.15355008839265,280.4084288106913,101.21433146642235,468.21578116198157,-149.7306877125266,208.41474579666172,22.613904993811666,-115.17158756399517,33.46241487950052,83.85353972122161,39.24303952641308,-113.82759968409087,14.05656611019944,2.197849062074023,-3.271675239512397,28.00962125363148,18.617581267115376,-22.452599914598288,-23.610089443134306,3.9177852389850982,-0.37222105210439105,6.377244210091917,10.784415658661608,-0.1541970580529432,-1.7723520057453122,-9.89099198703161,1.5130345979000828,-3.32725809727223,2.7015418386725836,-2.1756407216077664,-0.3621687275754565,-0.547525269714015,-1.2243380958717802,-3.510029596393685,0.6392544194369458,-1.7693752052400387,-0.21244479104787029,-0.31910059333806934,-0.29289734530620076,0.8754109183154066,0.4004057247297877,0.34318217164961257,-1.2422799497239683,0.3850819057772364
01130.dpt,9975.910663789195,-1208.485351927329,544.6112626699643,-104.52418180348533,186.81959264908494,24.43231468836259,166.07057114621998,-31.869521981352158,143.6390892647795,-8.213803971046747,-57.51075913053552,39.02305221160648,34.308437055074,19.980404473257124,-29.187973428615717,21.516478646307515,9.608082673418352,10.793423353667762,4.274148829145512,3.9835121867911925,-10.882311946457037,-9.42564210126298,-3.7787935840319955,0.38531461660938743,2.606881152246725,3.7283453495764243,0.5702935160201039,-1.3025413888971966,-4.285654744309795,1.1371583779538077,-3.6913842250042816,0.8935100843722044,-1.2784404503195357,-0.12512266888707008,-1.5096493859321465,1.0665344144131483,-0.6717843746466456,0.4070658910035012,-0.8606184982258215,-0.180447653837262,-0.09772859508232905,0.15823219871564076,0.28812061917271886,-0.01201075539172735,-0.1084711250622451,-0.485686184233612,0.019452445093342922
01131.dpt,17034.962055601536,-1716.4905683485347,269.2835396238022,-178.52068162171784,51.81632898531467,-142.04001803269298,-10.069971763468791,-208.3434670405643,187.3305255610413,-21.2536866862112,-28.790780913038017,40.5666041652568,4.982478184616534,11.410627152460812,-10.910873360326633,13.381465323155922,6.182614259986796,9.404398319851703,5.378815131822188,4.32615501350379,-3.6977198915884317,-2.2660334589257847,-1.512952175690237,0.48486922891164275,3.688332180228862,3.820020674242722,-0.5339744248886203,-0.7213374233490868,-2.067615201133099,0.7609194148229872,-1.9377851259490244,0.9879503920595247,-0.9394393409197586,0.02035458998487142,-1.4541178667264287,0.9598121858342235,-0.43934132480116717,-0.0679081390084895,-0.3696607964031096,0.05557070119046318,-0.06776853230861161,0.005844609430708764,0.14372714100589049,-0.004262580282414758,-0.09658219652315557,-0.2917418404220211,-0.08251760152277368
01132.dpt,1408.039810734291,-649.9030920342618,-62.74464956714575,-61.849566970126155,50.899337931756676,-31.440299980233085,81.5534242802644,-93.76978098828184,26.361191156378553,0.9710616295485953,-10.967217843936405,8.53336874356457,-6.163893732116768,-4.22086152116599,1.992900045256006,1.3141973716600746,1.4572547327047645,6.588342410659504,0.4525706595493721,0.5565809921360536,-0.006439446291531807,-1.2857167380721821,-1.1903341766254618,1.2266440079736105,2.0404251954312187,1.3245803425206202,-0.5829058854759613,0.6377824057165298,-0.9064051299381052,0.23123212227188786,-1.1120103361970595,0.6077608988167914,-0.7196338378906857,-0.278749488226255,-0.7726607689013831,0.36400906184844606,-0.1207689396268514,-0.2572669500594143,-0.0860077628595152,0.15749961598706766,0.028410206393117497,0.006578134778156361,0.08232377055335001,-0.07074272139910644,-0.033918569839959535,-0.12430439325076263,-0.0934782449894508
01133.dpt,2751.915557186983,-374.54701635355156,-493.0901060324132,36.06572122511673,-63.5337433120731,-55.59635127988736,50.31923383280332,-117.63534837744461,37.491174407252444,-11.063760855949777,-26.30152739339476,18.203249824753915,-8.845825504957709,-5.440948557879682,3.442589963522541,3.103966426746942,1.6722184724808147,7.834949021892948,1.2393227405300309,1.0633838376876112,-0.6469268286368864,-1.7630534707232146,-1.4516677593873009,1.2937508053679452,2.2483826806059053,1.399277539931809,-0.8028093141701876,0.6064195509640327,-1.0278061866436055,0.4194434140812843,-1.295917144737648,0.6468978993715078,-0.8427855264415429,-0.12434014112577517,-0.8509285483946203,0.2934139989143363,-0.26998204436565815,-0.18991114182730365,-0.11501164899893637,0.07895410370473221,-0.03719532218058804,0.019634012092334747,0.13379649029125004,-0.03386124916378962,-0.06555132480366822,-0.16613867950662828,-0.11365825972591662
01134.dpt,1247.987790953353,-393.6556689621513,-361.8332098756615,4.93725057988585,-10.641972625584978,-27.549172975576106,60.763641520479666,-96.03072979651095,15.287165928999704,-1.0204732433920587,-18.27141789276222,10.519408848501469,-8.060121946768275,-5.0204820367375005,3.6486252531490466,1.3513890377920643,1.5848138707407673,7.020069815362027,0.9041356930262965,1.2257909616860234,-0.06718573761155885,-1.2674863855070022,-1.2847415981309769,1.1337258655167204,2.2022728592385516,1.3031709420850568,-0.6008608481773138,0.6637543156534904,-0.8073565978702895,0.34759512614577376,-1.1386221604029116,0.4721430093219357,-0.662980028004229,-0.17210997199011374,-0.6577711848385799,0.2111094772418792,-0.18212456026269155,-0.2130508741802693,-0.08678879212750003,0.0713421083726342,-0.001414258903260033,-0.0011815308641060641,0.11607713558650443,-0.025202127794590332,-0.05788919346329677,-0.1204340063161737,-0.10075831689387786
01135.dpt,683.2390374557542,-504.23678624139427,-204.98152631765828,-36.50469754276549,24.391023932850292,-18.821489024294063,74.77169866304854,-73.48307342038997,22.082896852982184,5.130599327879707,-19.20523034489397,7.728844111050154,-6.332054529340138,-4.694301811710771,1.799214766060415,2.044617589071605,1.1005012112495343,6.161841843903499,0.1634643844023298,0.41429704803493184,0.27514007299582427,-1.0588134804019569,-0.924536273207098,1.180274580460074,1.6895103620106282,1.0555523548135095,-0.41187846042782217,0.48264390566693816,-1.0256232109783738,0.12499288857251364,-1.073139887762995,0.6526095858963111,-0.7576739541654413,-0.3074449708072966,-0.8736818624832441,0.45132572572506696,-0.09470801988675344,-0.273918937031059,-0.10701158343391182,0.15166301645669086,0.02551367230697317,0.03672729149008844,0.04716564978367172,-0.07638083040041357,-0.03995247832670208,-0.11183488340475724,-0.10292434942506308
01136.dpt,-1297.5948021332779,-688.4276113684679,-343.46463905820167,-35.490621231366795,53.99580612044104,10.27556240620463,105.09066407204925,-59.45743039318004,31.137090242176768,-9.729645200925512,-17.66133687550072,21.32755861129487,-5.187788096240271,-8.256172455103213,0.40042154014544556,3.1387788692220435,0.1603863891049394,5.0176254098601465,-0.5577443159005453,-0.8029703658996284,0.3435344081280729,-0.5310335922079356,-0.17524170703755043,1.0767125809970504,0.6593111469360676,0.21604692629879102,-0.05810569895665428,0.3080484870219433,-1.16027966738168,-0.1239773281999223,-0.903434777214732,0.465766110737188,-0.6189464924171412,-0.3628257704143312,-0.722442112225099,0.5909801631774015,0.09728172107172012,-0.23634315209103782,-0.08214046284293694,0.256179894859022,0.020860152598097575,0.040876219015156284,-0.02373428630424305,-0.06290207744415847,0.00809840229963805,-0.011330243324982132,-0.12544162911448098
01444.dpt,32902.61517459654,-957.2210815796806,-918.2225951160992,-1073.5674355728438,298.86107378967256,457.3252954941618,4.5352551400610635,-202.99351363422298,-19.36829573693947,-95.32502834371306,137.23095196575787,4.324586905655484,-107.79511840393991,-1.5335896244386242,-58.93392514842337,-41.69558682640129,-13.858450625339614,85.49148698347679,15.367960221753291,-5.934524545781423,-7.5309651880376824,-26.68175008771325,-24.81624160842318,3.9288262756120416,14.006196778806638,1.9625606540870029,-0.1987858748053315,3.8817922879290125,-5.733719061335441,1.368157826341708,-7.178200109289637,-0.26770304597345906,-1.6867556051786357,-0.6788851224937352,-1.7718632302182715,1.6172537224223456,0.3320077636683029,-0.1687267152673225,-0.5137413557967845,0.2880393107736023,0.09535336699899054,0.037466216840250234,0.4024865524123018,-0.4304678571119943,0.014462020058304381,-0.4786863959243281,-0.1213209134313904
01445.dpt,630.9377694508197,-990.6895279779147,-404.43629035958946,-541.7095003391522,398.5730660622731,178.79685511861035,10.515888691802525,-230.94421568869518,-15.180732954665658,-188.44952946954984,46.03433858968188,-26.460515920464076,-102.59677496180987,-6.656899599323829,26.12552943709344,-8.303713171576005,2.701590569750852,79.4811356219938,7.710774269204864,-3.5223041883129174,-3.0382389364892526,-12.83325305369311,-10.248391141264541,6.587994943796261,6.121372417097299,2.431937204893726,-1.4879807761999668,4.456096106855692,-5.968950270806976,0.5439904215965496,-5.501748900031104,0.9090717898300218,-1.8627868813700255,-0.8637836923761192,-3.2138712942419754,1.9163739623857556,0.5251185593442884,-0.3083973008978859,-0.4752231105408068,0.38296438309561165,0.023149068968571822,0.043056472713840103,0.4033793160168989,-0.5173135624837752,-0.000735868880992779,-0.32337837497412875,-0.10820803573855492
01446.dpt,-19657.36254690149,-150.58463677983553,-850.5810411001222,-252.93949758644044,-31.93166420109026,90.5239445611006,-142.29011146016552,-237.04694570761103,-73.39039484925446,-86.54279122759446,5.07121163810524,-18.360809837370564,-59.646067309216924,-15.251802041801902,14.143034672388866,-3.1593952086913215,-1.6300630584806255,63.38654003226346,3.1659603638909872,-5.190376832817483,-1.2375795981003745,-5.579507324916767,-4.810589161498965,7.034909038521244,10.218654580154105,1.807455575937446,-1.0670040521317024,1.6731242032973868,-5.663193205089883,0.24558806421227036,-2.997716924213962,0.9210890174860378,-1.5872279689894562,-0.6790217334872433,-3.6998016926078914,2.3777652681832535,0.4983546504563201,-0.1923176237811719,-0.585779717717838,0.38970849595413243,0.14408351522221868,-0.0699481876687322,0.11845229640237177,-0.3955083369319991,-0.029298866211763797,-0.18978318733095073,-0.09830889811370526
01447.dpt,18922.387827244438,-29.531349550303073,-430.4443525448524,-335.5596436559992,26.082780530488137,3.4205769356563795,-180.81833597186073,-124.76740313516753,-23.084615243385713,-56.06717016502577,8.887935375699156,11.59112582596969,-24.76782066443786,-5.110415029461429,3.614166877271041,8.137080882410405,3.1328145843638318,31.2924435974725,-0.02684025059706332,2.138953011457244,1.793456712517173,-1.2816349772471354,-1.5708262943687605,2.3887318793556336,3.719789257275333,1.3368977339425758,0.05377574426508306,0.7377506148448477,-3.692140628532986,-0.061319988595365256,-2.2921664718278825,1.054321503138375,-1.2941731541913357,-0.9259373298488995,-3.225992967344196,2.058944328779886,0.46596164939192475,-0.49849726746075484,-0.23105788708157599,0.2489072276463353,0.006324273687242509,0.040177363962244146,-0.15892987605206724,-0.3014769201096528,-0.12542353384799354,-0.038001886148779015,-0.28016847146172913
01448.dpt,13339.771755939255,-1458.3305040964015,-463.53624573951794,-459.7007374503467,80.80152805692529,-4.377375311631778,-105.14963057005987,-213.63857552576073,-49.58768228265208,-68.96487748127863,36.64724068441337,3.526450359681122,-32.73363728799548,-10.829545737867631,5.640028189423512,1.77779980911179,-0.68030066375203,28.05041569326595,-1.0614302244980176,-0.29372818160100317,0.53450516239125,-1.781251935891444,-1.8854347889028986,2.001754084661351,2.99227938355207,0.6357089944057331,0.03213126908467147,0.7808144848681189,-3.227759087614539,0.050154631692262475,-2.3071949707833976,0.6062537038959463,-1.2120373710653494,-0.7237708295754405,-2.291870065177083,1.6878980978453606,0.462283637848854,-0.29257830019961706,-0.27547238618329506,0.21237894794987464,0.06523403368320058,-0.019212106175478333,0.09670573680788278,-0.2838630102555391,-0.07855407343579807,-0.0566532556349191,-0.11913691390025949
01449.dpt,6224.633430174969,-409.44024652226597,-1280.178086874626,-342.9129006546436,39.2143918753426,30.103005383923367,-108.56553010622545,-185.70798385975405,-110.6989090864582,-39.998949538938085,12.538948481780539,10.020139615035054,-24.87035469455278,-22.615414709339777,13.452963915465304,-1.2688061175264647,0.31107538849833977,17.622567482082058,-0.09803883215542183,2.2562911196602995,-1.1461089403619664,-0.6002041606259416,-1.9728963039440282,0.2522874360145666,1.1737146928916713,0.3593273063130446,0.5145819502762505,1.6699009221453447,-1.1286900875621029,0.16647557951966968,-2.4488170627690056,-0.3716499363568896,-0.22566382661263618,-0.20067124177168877,0.1723701946370869,0.15271026803288537,0.33929718202659376,-0.36994376744510343,-0.10972620673979185,-0.00971166398069868,-0.07348713732535118,0.07561624053301391,0.2680080116322441,-0.1501484217683337,-0.1987347294537976,-0.032043745806449433,0.0030452349176920256
01450.dpt,2047.26324729066,180.397147102028,-876.6908142932436,-101.4206973276231,48.50262309544634,24.431504264695345,-35.991519461050714,-52.844470859819765,-16.964946966469462,-40.407700623432106,2.4443074922995227,9.339765416245065,-10.104174471522148,-11.906170361048558,1.2866438828977165,-0.1113014036697697,0.2715830868636433,1.1000548126888798,0.23240991395348595,-0.05651288369602467,0.12744121992899105,-0.25039919681021106,-0.26409121895561577,0.0012743426530300037,-0.014630626371660994,-0.09135407132270035,0.02812386949650421,0.2229241803674899,-0.2749291778813886,0.03227992676443663,-0.24670214968786242,0.034361739549196586,-0.076516410648796,-0.023474589888288398,-0.07142922932867603,0.005290004350398939,0.05316639724629261,-0.04926126365815628,-0.06397002800454103,0.03953106849998339,-0.011927615996902268,-0.013436674804477458,0.04132665453875283,-0.04176745958512532,-0.020483556362189764,-0.004459403269596987,-0.013698312316528629
01451.dpt,1906.3279751048524,-389.2691692945124,-817.360867278161,-209.19509617549215,-46.78834190284754,86.7939356698866,-25.984170042350637,-59.84273655051086,-55.48488190923729,-67.40991757391507,12.656157081407548,7.465414053157219,-8.842032136952023,-10.801328503167896,6.5048956674289915,-2.098984628804369,0.3538943548167644,3.9111109913628646,-0.08545197465139076,1.2175425752120133,-0.47000061546794447,-0.23349348889316238,-0.7958452524812863,-0.1867629964793657,0.4405490051420115,-0.16281985186201053,0.4263428748418503,0.8277016215641936,-0.3535973494910217,0.17923223040817066,-1.23784811329867,-0.4762068449523793,0.06934447916250258,-0.08607994687943196,0.41260471331560516,-0.20146879016812125,0.344263193570869,-0.14592219733456424,-0.14792195917739506,-0.0016850469970175227,0.006477011369978601,-0.029036271725347555,0.13020580714363233,-0.05579189172701953,-0.12421475205474636,0.04248485913451309,-0.011617586307057675
01452.dpt,450.8529498700332,-24.750583369027833,-1112.7807898463873,-156.726869056325,45.390623168838076,28.684105719223307,-57.387794345666165,-81.92442661779789,-38.310193304731605,-63.94836475621025,22.817802506901717,-1.0720859526745201,-14.960350975433041,-13.792680441766006,12.381522821582926,-1.6698405258850264,-0.7111744125096606,12.50584980901581,-0.44733438411952914,1.388320962618763,-0.017261776695185086,-0.6261936633499563,-1.3404192579537189,0.2594738874162235,0.8888097220266888,-0.28066912270151767,0.6756364525200003,0.942393355616992,-1.029616711981213,0.21695032197800873,-2.051428174004231,-0.32910147777604676,-0.18821967315604587,-0.2782262137782814,-0.018341718927740367,0.21153709513599375,0.42240818388645024,-0.3371867949471604,-0.13148654993200282,0.0594987355596497,-0.031402533628105606,0.002698616107409832,0.13524269776476291,-0.06878379950213995,-0.18903889421020004,0.03202301041587125,-0.0660710158722667
01453.dpt,514.6998936717544,-244.33628149032782,-843.1055156675156,-165.36102508651922,13.710745009093374,64.59282342379751,-34.48316065764181,-92.90401805783655,-38.56726084798898,-77.84828377029163,20.620175953970847,4.33498892113542,-9.969383987034425,-11.31783266648929,7.465389276202103,-2.883855107589732,-0.22156567955008072,5.385701941014913,0.06026430267503641,1.3803386913092106,-0.6673778204131778,-0.2745648696961373,-0.9689283329200461,-0.018226968193636756,0.7391518124786877,-0.13358090581746143,0.40224769626386114,0.9118335468531609,-0.3973921427472252,0.19836308223651702,-1.4454427428451662,-0.4609600876528669,0.05741534866756835,-0.09360880710616785,0.3817023676429928,-0.22062641708549427,0.35976262597468384,-0.21987409951016623,-0.07963491545308041,0.022432207583258812,-0.032845698151376224,0.02745406908089636,0.09357261559287934,-0.014998482762176203,-0.1584827331569577,0.04955268490775776,-0.015593415309955387
01454.dpt,8146.115647528528,-1186.503448077084,-93.7393043272504,-310.6555817418382,85.50594323642039,29.165730352907826,24.089641070501315,-92.01071977333052,-15.003316022539948,-92.153643980611,44.8832152324417,11.549386607324234,-9.438411305137677,-11.800497600524114,3.791526005763906,-3.9514896753193827,0.880656805068667,3.295256176360017,-0.07438174987233973,0.9202230632506491,-0.07333223355589075,-0.7095370065731047,-1.0924992369056956,-0.08064516804696142,0.509991630409031,-0.24794516290047977,0.467503012881651,0.8574695228482181,-0.33478218341428173,0.1915866960784331,-1.2103603971742234,-0.342299262450603,-0.025299443996557005,-0.23400287934643454,0.28705337072636233,-0.25736613168619266,0.31692985299368637,-0.12345466750806526,-0.0444306181377568,0.051550217471709014,-0.08275799884126703,0.04575211645924684,0.10119558228385218,-0.09207975069000486,-0.11593269544266578,0.012478992793870708,-0.031671374615787055
01455.dpt,1427.5138865457247,-536.8693543377228,-412.2239139537591,-180.6361244931536,46.86067471728378,74.70703096349786,37.04071133138867,-40.566657384822584,-17.947342426761075,-85.4737723098906,23.760668892910825,8.165345071696235,-6.466373404466263,-7.618736073393581,3.7942276675703637,-3.041775900256619,0.04720242863274662,0.553797603233109,-0.07537355859957227,0.6985209109320137,0.8668229285752729,-0.8395876456890701,-0.8738008922665466,-0.20105679461224868,-0.07306621304175287,-0.6451650375220727,0.5826389942180318,0.5183515672304786,-0.4571020408047959,0.22779341656883784,-0.9494568134096264,-0.42748091894830587,-0.06747652069042867,-0.10756997463093335,0.21598563090104242,-0.18373762220138157,0.2666275196549696,0.003031830736827392,-0.058602945430240035,-0.041749680788096384,-0.17735258423272598,-0.08350478427381848,0.14064531633543678,-0.04203603796343457,-0.05082339310404017,0.028005072999814445,-0.12406370402788455
01456.dpt,4930.564291807279,-711.258112328934,28.655144552761804,-150.67543360795685,1.783386732422791,4.539066130404157,85.66046731896857,-53.99064835811868,-6.832815730680445,-92.9008285252489,22.838498453108066,21.315897481079727,-8.639828901822678,-10.3675032077072,1.3634614860657885,-1.535078775802992,0.5177190275315148,0.8599792633452129,0.14738002819088694,-0.06574882197296729,0.8793480531772039,-0.9613552553142365,-0.6476609463434413,-0.11547214129797993,-0.041247138836188246,-0.5205153356164031,0.11899582227613124,0.18151117371384343,-0.4786772899617543,0.19940786528038518,-0.3987053136709131,-0.00323372460468769,-0.17710697326303704,-0.050210781166692996,0.009562490615177653,-0.24819880434902972,0.1487978808851175,0.018628769835572864,-0.01920834144567194,0.08932935795736298,-0.08691378940569018,-0.07718306864281092,0.016765235198403144,-0.043384451875390764,-0.043815714369872444,0.05986054248534744,-0.1606476131462293
01457.dpt,8726.866857655075,-576.5155007050917,-284.6973218275856,-169.75584516284115,65.52043441170191,37.77642765796723,24.214290499570893,-43.5720856679346,-17.710543894648808,-84.09160240036978,13.100894214042217,17.943537374915802,-8.48258992576277,-10.635506122368364,2.571130851437168,-0.6737902577903855,0.5516624147791509,0.6871170457174548,0.1388300514383092,0.2631137238026256,0.628586034912593,-0.8410282534350005,-0.6270966169206772,-0.20728030336733402,0.1247909857393563,-0.5216819686066756,0.2164585176910981,0.21681344877546094,-0.5256517048940607,0.1949498049418971,-0.5829216975559629,-0.1376535386011282,-0.1240777684892384,-0.062439839313433824,0.09391958315893079,-0.22680103886909556,0.21130807367652107,0.04353053071465427,-0.03545881767009939,0.08341354131555095,-0.1031916548937435,-0.09484175615093765,0.05981040054965131,-0.0384334765519223,-0.06086368058264171,0.06905671810936477,-0.1529359271081399
01458.dpt,4969.530858614069,-888.2427455953934,48.49440910203063,-207.9948743790911,59.25960255456159,-1.8844717808518863,67.72540158012033,-44.318717582636616,-12.173549608630445,-101.05414804509252,35.35464965877488,20.552138869661572,-9.819122343663928,-13.001097915471005,2.162021757177699,-2.7636455231974613,-0.30189659824851417,0.3465774449690518,-0.10920519441621082,0.48886275792653516,1.0738108241087054,-1.234372198050692,-1.009952328381653,-0.3236237960768953,-0.09824279484681658,-0.8405733830250312,0.5194013102619922,0.22524615279036364,-0.7128819765099285,0.34585705008905054,-0.9435669223235038,-0.22614671672665007,-0.12747553825935964,-0.10441075282091881,0.08207657768879979,-0.23633445412931822,0.36501867561347107,0.05193900294990219,-0.03490662555403783,-0.01233036807585934,-0.16338978512186064,-0.20030080488243807,0.12729224255803387,-0.013952950943098634,-0.06922112608313366,0.13041190088982063,-0.16166967752133857
01459.dpt,5090.609273157188,-517.5423667486909,-697.0348082992092,-139.64679919033009,56.710465254233,77.71208245995504,15.111398992835646,-32.910223540592376,-10.243067636247558,-79.86730701562064,6.04471439839487,14.692063055946857,-9.862589414427964,-10.13062488212307,1.9663331319312574,-0.42040792268955973,0.9334561717389405,0.19232257731241445,0.3637287608503445,0.0020451773045283613,0.7058717637646019,-0.7542723672479429,-0.43197937122356983,-0.07718915515975372,0.005589740529267365,-0.49343584930661233,0.08432816305290766,0.16121648463969773,-0.4591397949749115,0.14184254744269953,-0.38249460185880435,-0.044902741281194924,-0.10414489223002146,-0.011986059136729645,0.04578411172781398,-0.21508994690827896,0.1691486170984874,-0.006439634776859948,-0.08769848458035924,0.006645446387111149,-0.12887612827469286,-0.13714483805112065,0.01023435854218101,-0.006650251105609044,-0.009474081868739433,0.09483944162351737,-0.1428444684750992
01460.dpt,4711.313782190195,-591.5689764658973,-173.24536804109545,-190.0773107590282,26.759732544458547,35.51411882993838,34.087422521988636,-33.072493938334866,-1.0270480313473322,-89.5623103612977,25.885309851271547,10.939049921167646,-7.72416155217574,-7.570570694650128,0.5169738071518349,-1.704057601669737,0.19441883799339227,-0.22243299668767677,0.1397057161716006,-0.014939861543838799,1.299577738111526,-1.2044346512969482,-0.6429638426164168,-0.05256538596565363,-0.37982065704374074,-0.6845044092536324,0.19009968365655966,0.07741627022675164,-0.4492000570761879,0.1983628716754927,-0.3815593268960922,0.06607680064694127,-0.15398222602396786,-0.00977999822923901,-0.1403197538232708,-0.21844575529883367,0.14432522793017058,-0.020011212495491804,-0.010171581178385085,-0.0468990911184459,-0.11826253706259086,-0.12386131786871125,-0.015975524278453484,0.03780641215443274,0.01720981978257966,0.06361958390723045,-0.1399911283164192
01387.dpt,20969.82720387778,-5221.5350375718945,-3100.7409227192957,-1750.0220540475445,704.9503916962501,-885.9638428565924,1721.7311842057227,-311.86931500460616,1714.062098408651,-288.6826789937625,-3.7436025429573485,119.25493218526292,113.54547470202647,5.790067133136113,-64.87382531491913,-38.01349565610436,-29.16698817465733,2.2539366291283,20.953046351999607,0.13905121287923047,-2.485051825736119,-14.67297492819382,-1.985573425292336,32.30148717545186,10.657800523955705,-1.1191456539870037,2.7116707617995783,-1.4751320094885392,-2.1367617869382536,-0.37206870378923723,-2.230005225028581,-0.6200115410071924,-1.8587669538316158,-0.20135600908185067,-0.6314683591759407,-1.13301139966066,-0.27927664846725825,-0.32408884785945863,-0.854663452552909,0.19844437372936757,-0.30850271890221537,-0.5152105125115861,0.834190621645379,-0.33308230894317675,0.34419453918478293,-0.49388838517812783,-0.20305576481269055
01388.dpt,100726.74225554033,-5766.3364032039735,-364.8695923682991,-1345.1760112276718,180.59237902098022,-1057.0681740481816,-40.76709070967784,-424.7173185041294,714.2428439319027,-442.3760411068569,43.59257384647598,114.9557401651403,127.12154075381243,-14.087940645651019,-49.27142210890419,10.820066226769475,3.390938904330039,9.748036652889784,12.851203644496334,10.957861255415912,-33.27812268587094,-13.564806867599666,-1.288567335340443,-18.2914088556315,12.348386576902351,6.611230713019705,6.919281562553156,-1.2877888036991698,-4.1202069099005065,0.6052730532065883,-3.9112493515798215,-1.8407525680768506,-2.2527271203904813,0.26590240799681836,-0.2683200943795414,1.0540953791895018,-0.22579361385721092,-0.18984137101890494,-0.36914191891842885,0.1557249538347955,0.33432560380609794,-0.16288122843120753,0.463679347613774,-0.4110085005195761,0.2318839807134583,-0.5801671130274115,0.23044981158991576
01389.dpt,36743.01155332942,-887.2658519990321,-2327.1337964991535,-382.65266042527026,82.40890057816253,-349.3915874433825,-69.43425723316916,-213.68394797400953,115.32622305357216,-155.1210983499684,-12.008302806256285,66.03822941097137,-24.30364156358385,-3.5635074380681515,27.923508009918248,-5.316032579033246,-1.8378951010070792,31.1598620315377,4.218997714163491,1.3246048663802272,-2.2991415016250776,-7.523895931416373,-5.541517536355768,4.523804299239041,3.635559460836116,3.876035271442622,-1.2601622814953062,1.6415717662505238,-1.2847480835970502,1.263305235159398,-0.9844502226993899,-0.21787760894830147,-1.4417804123805966,0.482987886355399,-0.3957117048731605,-0.9162705446881658,-0.45486502986859956,0.2782894785524838,-0.42474087442770286,0.41673899203206627,0.27143008691741444,-0.2915297900657398,0.3681066476895154,-0.3943415399074032,0.38052843201680947,-0.45508753673683056,0.16828167770807903
01390.dpt,-850.9893301622624,-820.8074505154635,-862.4441727193985,-152.11566328251442,83.59530119279458,-122.46298583554032,141.8078516953888,-149.90522887780782,-29.55726745887017,-123.40974672193751,-13.525893275119751,57.19652366346387,-15.159333497685388,-24.801733082774405,18.892948802823017,-11.882270743437422,2.460771033005384,17.936350251393133,4.346182770849653,-0.7068113167463234,-2.450652624686562,-3.156167125045292,-2.178698489803931,2.722049140411088,4.877432296876614,1.0249140791702043,-0.7560793440047265,1.695813448398864,-0.6058995405575057,0.9106666775149516,-1.0000509402285964,-0.36904501199572703,-0.4715310957415183,0.1916699679260942,0.5005027365183189,-0.8992836164026942,0.180338085730836,-0.24553036445819812,-0.48693367783029184,0.20525331480225936,0.23709639236485397,0.10570695833575165,0.058811550840493325,-0.2647437739707273,-0.014321543334172262,-0.031518701581098624,0.10634781179455477
01391.dpt,-11562.190867374411,-6660.1555579749775,1311.7318189586063,-1247.395594785827,157.7804030736631,-924.8949889284681,1475.2032074487904,-443.8204153459125,1115.6249556258551,-1029.1123032531473,34.15684359023232,157.19323370368153,1229.1786894713432,-83.24995896701643,-68.00117738103673,0.8584768741334973,-14.412885342245,-31.986230241125558,-14.473547661860634,-21.931673645208516,-7.455634721547088,4.402278735035947,19.31541442467275,5.653391965946541,2.341521525356793,-13.096246219760296,4.953594568068351,0.8062168960131736,-0.875556211468477,0.466261648514993,-1.0068763969727756,-1.9152506870183035,-0.8153168723432084,-0.13304854416381118,0.05441921159907473,-0.3792036145199937,-0.1399780685709183,-0.2651158068580547,-0.5632285859666484,0.11527786309269097,-0.32166090971534145,-0.12880629531071092,0.5681295414946838,-0.5779885600634546,0.10873662726990059,-0.3863609571892258,-0.3473317407145666
01392.dpt,21467.01693004645,-4789.216911593903,-1204.847240010296,-878.5504727145839,642.6492593027617,-1172.208516297084,954.8443277227553,-952.361993508652,631.2475478205936,-437.37785839969484,81.78818044130458,369.1698236723314,113.63219342381653,-5.747081726153497,-55.29821237322334,-32.6899863878958,-47.60708354454364,18.08726766887434,10.223659701733736,-4.115842883085305,-5.187392256314808,-2.924023721777113,-3.618638372862068,14.55898755749863,23.970372746787238,1.3331170900671314,1.3875934487730184,0.2579829945927115,-0.5903132345366812,0.29318301287324117,-2.180070472001172,-0.745737070641403,-0.998154297267108,0.26998078802033393,-0.22531838627454606,-0.8302781009596523,-0.15911059133814473,-0.3418571590458177,-0.426906472841073,0.09797060479408401,-0.16113260838294638,0.06281602449224881,0.5682678607609503,-0.391187341634079,0.24135436111782638,-0.5457425142138586,-0.20599711305395274
01393.dpt,30703.990839819,-5872.486575361577,-113.80030545751454,-1284.2927718309365,117.94272302235275,-1895.6010649040563,1147.1375880582382,-1186.1835206933872,733.8454233206662,-536.0423387640219,84.22236301212133,92.45123871060956,27.173269283348933,-53.90429591422346,-48.66560547629742,-20.84059604953961,-6.376966181066658,-7.451980637931542,23.366006124458288,-14.113975434223084,-7.63552200007816,4.489598347995188,10.178708359058467,10.47327497767063,18.876733018667245,1.204941219258837,5.08374902744531,0.7969478038201819,0.129372696294858,0.22336685917644958,-2.4270024607614284,-1.7363560373584146,-1.920463675082687,0.5565049040116383,-0.6778133499799038,-0.30548152728566885,-0.008475264749903132,-0.000273691468972005,-0.5985017893400365,0.35004058903998436,-0.2632003210246907,0.23170744304047497,0.5609161665498189,-0.7763489031180176,0.38207140786365373,-0.6184380657893064,-0.46916834470151053
01394.dpt,2797.4442300191454,-967.9736596155811,-175.36060755536664,-74.26217719108816,10.684479678960512,-27.01123119436523,25.567874345933145,-8.325100335522299,101.83273061069545,-125.71732883182001,1.9912725401018214,3.6062885647665115,-1.9019051151428124,-1.5053025336962114,-0.5339172784986602,-0.1714673690410615,0.4324691674140104,0.0245259439759259,0.31319367870022985,-0.06036131336527968,-0.09921438080154404,-0.36301994991439535,-0.031180249140022764,-0.36636394458398724,-0.009867173761227479,0.03025342546601053,0.02951502898290628,0.02869625592493119,-0.05571979979186839,0.07413778428621268,-0.0986437168319822,0.02807422553474398,-0.05740888117309859,0.02273058406208312,-0.04159949163305463,-0.01418406135975703,-0.01866207641318184,-0.0257773360431795,0.0036068886357290128,0.023738259420077262,-0.008286360659453361,-0.0015378551317653082,0.014130299074466906,-0.0013168559191917776,0.00010203040683729157,-0.013195468035347683,0.004403220183920041
01395.dpt,30815.40910281702,-3983.0720187567686,-8640.617913620017,-1175.6366271267343,-8.903180701664423,-365.53132370996406,341.3400900920811,-812.131766887476,339.25368417301985,-1058.3108697772348,-121.56886238624715,106.34669018832793,-14.953279190361144,28.09335070561648,-8.5059177450167,-46.027085541368635,-16.04864669174531,22.84239023363273,20.36915889176995,7.49449703515911,-12.490127058534178,-9.356787257710964,-14.182254262345515,2.6154960967805967,15.087439932673066,10.623806463845309,5.741903761768124,-2.674059168062237,-4.810345965026376,0.14237966808071514,-4.7381098093829,-1.7526705114942607,-3.169217541117232,0.07451996859636573,-0.09295800247643586,0.28600535450113124,-0.44102889291449826,-0.2785592597975832,-0.24158864402277233,0.016918258896745877,-0.016586460786950773,-0.01812813706372379,0.6383773084735074,-0.2582856975819641,0.4762966184664558,-0.581466183891007,0.25703886509142815
01396.dpt,-9537.183357857926,-291.4571777716475,-1420.5395507533067,-131.78790583244356,101.98520799799482,-142.83471787096687,2.202471680489478,-131.23755960553007,87.82856151484678,-26.782502666721637,-8.20417257090252,269.2289190396884,-6.055785197189464,-3.9727260875431956,-8.36064547850953,-0.9886592688856652,0.49019651903026806,1.8713111058503609,0.8913877997215371,-0.04836216546558904,-0.7237945497621906,-0.6519492443281407,-0.3305104055751578,-0.08162119357768387,0.4862535878714744,0.35027383242822135,0.044645422613265366,-0.11167740660600863,-0.1931132268205027,0.1431282885372574,-0.14750451981541754,-0.03207074755670469,-0.1995514749298906,0.056183656543480155,-0.08583302811783856,0.064732946911316,-0.05584638402911203,0.007291240770017696,-0.02093856932305296,0.0013591775787112983,0.027730591827889933,-0.003576611038448022,0.02711980682902431,0.00314635476768727,0.03203152843630374,-0.05733188862764337,0.0167899164536541
01397.dpt,82716.23449902837,-5992.769676487043,-1743.9842311400757,-1146.9486651786215,388.00048241989447,-75.52693829212727,-95.09512450144636,-269.38476241209014,659.8564235546501,-329.51598270967145,21.399464698199246,160.90985240057466,201.00509942965778,8.954957829165046,-77.38536301226745,3.162657860825396,12.2272863575819,1.426007567334006,33.27354910651555,-8.080474046915237,-15.480574721504327,-19.454869128655776,-3.1668632648694155,-4.079237100923485,14.974480817323588,3.2927008973378156,2.3439229321012105,-1.731639121818448,-4.650986619963797,0.6463273890973873,-3.0632270571433944,-0.8316704995288006,-2.0006120217018486,0.24021545008889808,-1.6764507677174885,1.118856089418806,0.11419995266390251,-0.21316927195981036,-0.27082682892720594,0.2672972070201134,0.34902539279065903,-0.180888122308348,0.14285047413868704,-0.17673670212548934,0.14695310954616325,-0.3474348742020393,0.019775551473534693
01398.dpt,63803.679629217084,-3150.427154079877,-1304.4757318486575,-697.3425805292276,764.6233923245094,-132.72308894392728,-116.09855694451886,-194.87984957377947,468.98913122394333,-588.755497055822,13.778283514515659,151.92475457805688,16.422226732594705,0.34868566568057,-60.10953004228507,2.8080529622380235,18.53667120221836,18.03862627496074,5.03462743274889,2.724750274166564,-13.98807507748162,-6.621957480961389,-14.790543033812634,-3.4460479317076707,4.070891050117822,1.9645716029896287,8.793409390504511,0.2516276525728376,-6.103403666568898,1.1393480994465344,-11.327465663197373,-3.2800804537447252,-2.1631723861691055,0.07626438904412862,0.1247714245118952,1.46373832454013,0.30764381111842865,-0.1414593443504521,-0.4515641862606293,0.13608790298782728,0.35816352016390485,-0.27088353430864687,0.6803332404355903,-0.2253851872057281,0.055799407964894354,-0.6118268584368298,0.16166465021042153
01399.dpt,11681.304836120236,-757.658265972943,-553.6835696538946,-233.0191936720685,272.69679545602827,43.395233354350324,184.08659652979767,-170.61909871863662,71.34700570735225,-110.33901129029432,14.75194957808179,3.061849161956938,-0.29952920094758473,0.35103026522511405,-2.035909147958882,-0.33634964527274686,0.42164651195692937,-0.3986583794826175,0.43491351438258824,-0.2928921424439435,-0.4540145339723803,-0.6245258054871017,-0.12959935880279358,-0.6541570747033574,-0.009187421145322552,0.005683217403511065,0.10704247341517631,-0.05897103311986012,-0.19149945964380602,0.11694718552317744,-0.2141843729311202,-0.04675889283199283,-0.1559447733530151,0.027287552429434276,-0.03248771056836178,0.008944243366517121,-0.03919150523152998,-0.03601554398650808,-0.008327531647715993,0.023131252670093628,0.012622871930376402,-0.025400764824841247,0.032686833783112816,-0.0038909545438403346,0.01210361011401733,-0.047959336435715864,0.023449118091381223
01400.dpt,29235825195.33914,-26781124820.94779,1015677.5318739526,-0.3919276148882981,-0.007634333673803095,-0.4133610196511876,0.008431994085375575,-0.007871221018613882,0.04182858086863033,0.0027192355623155452,0.01236032289553866,-0.00272935707274367,-0.0021721094604779784,-0.0022807693309513846,-0.00126358974443063,0.0028513743503973655,0.001960101806997902,0.001018810965968074,0.0023850795185187614,-0.00011020299092529864,-0.0007798587882080276,-0.0010702686503367104,-0.0001765390465566969,-0.0009351798869001143,-0.000471348674087721,0.0006927153735223478,0.00011739044118671489,6.61683996578175e-05,0.00016457594631234712,0.0002565937220611628,-0.00030770930014777537,0.00011833072638857767,0.0001590357434716716,-0.00010192812032379333,-0.0002164209476381098,-3.9332501169729254e-05,-6.0679138144486105e-05,6.166668329480286e-05,3.7084945164554765e-06,0.00012655020316037016,-3.3822722137908074e-05,9.550482689762504e-06,2.7648385311398432e-05,1.754603811388849e-05,3.2634500585472316e-06,-2.1193148350875033e-05,-5.723786106573938e-06
01401.dpt,92379.35855058151,-8423.0752730579,3266.416339369752,-1949.883280535682,591.0522003122766,-1344.49408902728,-68.23640195948943,-69.70318027605477,1020.8970064342996,-915.5428028573871,305.3528049778929,152.49231409051814,337.2543264905973,-37.149727238246896,-103.41343462697247,42.58636904796238,12.676525788962136,-3.5057249351257793,-1.015460931478021,-7.07646035362314,-33.87209112059677,2.0332153102720056,2.039146717999088,-14.556383796992977,4.812394950952983,3.186313031759392,8.623285841344828,-1.8291270866836216,-8.226244667619582,1.3051853590990277,-5.210865361980187,-3.048511901331477,-4.058703431903307,0.343942759120606,-0.9260023298791341,2.603813369859243,0.09264163184021294,-0.8620057574875082,-0.7449098843593019,0.04309609628611888,0.5841594610008436,-0.09941159848465972,0.7131288555778624,-0.5877105237463398,0.14312876786771922,-0.949471064406383,0.07224479715595575
01402.dpt,45489.04188753596,-5721.841553263872,1912.2143725507517,-892.8790388874795,793.9853111121677,-383.7733865778434,413.98707764200617,-182.9462132889276,489.80601869074655,-363.49392293366725,168.72766413089627,64.95211668648167,71.6875234923371,-25.897289366650543,-79.17977157262983,0.05957107137816665,-13.519097590772013,1.629948872126935,-1.9944988502009362,-5.714394060634365,-23.703701950739248,-5.483302936444053,-3.771171458636198,-6.141923435901149,3.230472947070314,3.2559408893523782,5.559341611359844,-1.8942178459295498,-6.819676731783438,1.2780976507488961,-7.509706408853424,-3.5204561586336953,-2.532801626961891,0.20425504506945522,-0.38926835831812523,3.1334147699343706,-0.22287095638670576,-0.12649634345572164,-0.9615772002329254,0.08419356177092165,0.6059678823112494,0.21324674693285625,0.4915483418890835,-0.2390103692290992,0.0428721626979281,-0.5002400700420646,0.39723800182638247
01403.dpt,-22055.02180678471,-2655.3614327438263,-1436.6742573667373,-480.4434108779626,553.2611931970813,-90.4277202825938,177.32095699837055,-254.69828737727465,122.71920745881333,-158.36117990906766,36.986834561352254,11.452353429816782,-17.95526044294408,-17.796135309081617,-37.50332855421029,-33.681301832589504,14.58786052368363,32.56618309291504,4.426151157637343,-3.2105906135194773,-18.859738772079332,-18.352276107082215,-3.6837097610592155,0.412208099140399,6.412979096748121,2.867111750203412,5.933730530480961,13.298386742505173,-4.9712601992477445,1.3940829636626495,-11.241637446395695,-2.9819824769197636,-1.53532451448269,0.2751197308254253,1.392156690166655,-0.8969989931287496,-0.11258730453958662,-0.11622997091728873,-0.9395353556937996,-0.10700173125123812,0.16454690224676985,-0.17626084441269832,0.9849850085436503,-0.3369185419269234,0.2848044747312724,-0.5159605449685886,0.35579709151168054
01404.dpt,-13980.211646354592,-3253.865130848594,-1542.2951729836543,-489.933301115288,268.55924816525066,14.721671134118504,174.5269913609626,-347.8428220564485,177.49661344426931,-401.4236558113486,4.850603668271144,-2.381013642176493,17.72639050836236,-9.777772164506885,-14.200353021973335,-24.24515776549922,18.91715331455302,29.610813557785484,9.719227082035356,-3.724675873126767,-10.60130979508285,-8.739343680825078,-6.178037548267713,2.570269590096987,3.651943511857879,1.3006076639519577,0.4376498139510997,2.1015296608531453,-1.6439538820143251,0.9082920323724819,-2.7339313658977185,-1.5112389700183912,-1.0740396966221881,0.33569822258011395,0.6509445433734603,-0.4522538367058913,-0.11606420594747734,-0.18772977297630383,-0.38649561053498205,-0.05346571894816744,0.16178879977518,0.03552435573322122,0.49604084265177223,-0.20821659923291103,0.29147998435887523,-0.41799063112921686,0.19430948754662639
01405.dpt,3068.3865692784752,-4260.925925185265,-1224.6094992514193,-438.3808268499434,75.18064087917702,-92.33951111496626,248.1528969267029,-355.0464980101041,305.14153472435135,-161.82223295338056,13.217453285366364,11.432557865788755,-1.7260655035744237,4.7590775232593465,-21.31180066160319,-10.461132611715767,11.346139380662223,23.52192351874979,9.1355459699887,-7.725200745303429,-10.274294279390945,-9.683176390356216,-5.819270678211545,1.9931846599449514,2.8159041085227057,0.6240963379473032,0.36258403271050993,1.3219423034131612,-2.102506481328812,1.1431040543936843,-3.168755491776763,-1.5379911931155714,-1.5146535883098824,0.462717873043013,0.5731242292344341,-0.03234968074779931,-0.23054398435753687,-0.28481147114814276,-0.4683537746631404,-0.07001805142163112,0.20159369395600027,-0.03125345953128617,0.5567711173877014,-0.21859967912675257,0.28343210319463125,-0.44016787714543704,0.28148626841447755
01406.dpt,9.252959468923894,-2594.053412482935,-2281.1530088227114,-478.4356745529019,376.8217427008871,116.02542893884501,167.51474827807178,-365.25506194453783,136.74206640039523,-186.0294403783947,-11.522772903204803,8.362173161242945,19.86239653112377,12.444066378230865,-7.649223181914735,-28.74428417215384,13.410829786209131,39.501707342381856,4.738019367837894,-0.9416692407206582,-7.071551944672439,-14.817579539351891,-12.603283022452848,4.318752501488226,8.016005079286092,3.3157626841183743,6.165794002059475,4.887030771377939,-7.774221125539954,1.1392667322721417,-11.623692720275248,-2.6075680013468405,-2.6912629618392736,-0.22913712789573426,-0.37025083438781103,1.2541096927433348,0.15116834346494135,-0.20940456675368121,-0.7883152318102293,0.03902782633218503,0.24997818437639577,0.0447011301823105,0.796460807082644,-0.3952266818711793,0.41757599322568884,-0.7805750789388366,0.29182935310770464
01407.dpt,-20252.077437289186,-900.8149524343883,-1733.0857999940295,-417.90321601015523,530.3486573992498,276.5752527047098,246.2880573672322,-216.3185599019985,228.79328308857797,-133.58592937122228,-15.14304658869791,26.72123314360465,12.3170824049693,-34.300786500120466,-81.5609438526842,-6.711235449038668,14.44957645440651,33.069127830889116,46.326863423629334,-7.141182887194878,-9.652498179793144,-24.181928550639675,-9.121228411953634,3.102036176268279,6.332303954528767,0.39485207403424594,1.2195683372412405,-1.116467562805838,-7.294857724860029,0.04037323728336026,-5.64357106701549,-0.9578261320832085,-1.9948460190183002,-0.12112803899409547,-1.665021682134129,1.4984726075334196,0.5577190661114437,-0.0060549724136070935,-0.19892710870226632,0.014820057335737076,-0.12314924721855237,-0.3846405018625201,0.16711182528916868,-0.1855706428762818,0.24264269011426695,-0.4930329635293815,-0.0988336159164939
01408.dpt,11026.915066649364,-2585.0738985149196,-3162.5233691359626,-411.7987607226027,432.64994091316584,-59.510390946046556,341.64482914614854,-247.07650586119163,202.32626740754455,-224.97171035457444,13.53346358664132,92.68548851712879,1.9596928177667958,-11.714828226098259,24.519048529370835,-12.556398917873954,3.7988921350169016,50.933489601096944,3.791989741981808,-2.4605154824895266,-4.415363854617906,-7.4936928763996375,-5.156352272793837,5.72978875815252,4.30116785760626,1.1537131327742811,0.3037306463590447,2.3188539760490436,-3.1217357635540766,0.7936090018388301,-3.502979598011686,-1.068398123099959,-1.604762672094066,-0.12308133404149856,-0.7037710554233247,0.5129881837819988,0.12014019671144573,-0.05879047739493021,-0.6283778489505234,0.11837224166690348,0.13990738445516987,-0.0016525048637844693,0.5065275868921164,-0.5319890594682224,0.15705428629610396,-0.4110136291819942,0.04764460728137579
01409.dpt,23404.08909826351,-5077.12450688336,-1168.5591688863326,-696.0942924001235,603.5886537616955,-245.3052038501954,420.9800359096224,-208.25641618252683,311.0342311556158,-363.43859890180846,107.09641407676182,99.19417236011833,7.608403134970975,-86.74219345571629,11.005395478872932,-11.87200305318104,5.686333330452805,77.32921901635753,2.4048579455558814,-0.8959044914886638,-5.311863674400346,-7.974838565730316,-5.919955352311606,4.008821347688237,4.205810134408478,0.5277108453243267,1.4962798055943671,2.498469903153245,-4.40392438570395,0.7563855156310807,-6.823666529411465,-1.47469356580446,-1.6181399437352841,-0.20723380793086868,-0.6052362660681054,0.7028161291452024,0.41229197120239686,-0.08779039324521232,-0.7494260861748668,0.09607838832311835,0.16866154033251804,-0.17901851537926433,0.6054392693270543,-0.6056553433253296,-0.04462128993123886,-0.36585081863029795,0.054015539161490406
01410.dpt,-11421.172235339302,-2510.448923484741,-1026.0319066435686,-389.49885191042085,340.4247265794509,-49.45777989429786,133.52776071289492,-150.5356627987407,116.04713097894495,-166.99462141661164,21.08759504611319,15.913593307655102,-19.811572169862036,-36.65160173260999,48.08928168711776,-18.636706323879856,6.574055191412546,35.91026613351247,3.3322667304543288,-1.747317303713077,-2.3362672273284852,-6.5729364332730675,-4.6048350437571,5.375493456517459,4.346186430188064,1.1847852279605358,-1.0514859613249017,2.822413058575511,-2.029743389859761,1.042237057900986,-3.249926642044432,-0.5204841188747449,-1.1634213602196215,0.17542303975051404,-0.03004734128165291,-0.750898488343286,0.30836637450927373,-0.2727152964413109,-0.7219604689603457,0.407923396776667,0.25910549029203256,-0.12274079904552605,0.33394165964941175,-0.6317475472727943,-0.0038632215038146506,-0.21100614579779509,0.15441377897350686
01411.dpt,8610.072566337412,-4330.384693562186,598.3913182100008,-562.0243058969271,282.72914786266773,-354.44213715573534,314.9559520910842,-96.49386480656206,262.90454121741624,-354.5088127078789,94.76022619038325,58.12787035005817,18.505284682882646,-49.401501172568814,-9.746329695962611,2.6942916644770736,4.7912149655812835,31.503570270924094,0.23855802728328773,-1.4253266414610044,-7.4112875706327435,-5.65022941864773,-3.8544609666015814,4.427354968432321,6.554991944033834,0.18235916796981336,1.650235123442935,2.011764616337621,-4.502759337423916,0.652027908094099,-5.024382289213728,-1.4800844362171046,-1.7030974146987203,-0.3387060537585457,-0.5861731206767162,1.281259968211398,0.5935535457266066,-0.157851466114872,-0.8312360087157806,0.200724491581607,0.24181905902347037,-0.1028959483165987,0.5229407286073997,-0.5914133722411801,-0.022975664099130308,-0.4360329600453474,0.004278838650984398
01412.dpt,12225.883251403417,-4042.6817987838594,296.48509032417144,-574.3949812831411,256.3702868399711,-248.58510261446685,259.9931228878242,-180.29496328362325,276.50942455986007,-312.07581767391156,44.64838545255049,31.413653479863385,4.03984220444706,-26.68263232185102,-3.7488550254141937,-5.61526471926173,4.769553017335622,25.76597337926904,0.4050580259423831,-2.254986087859957,-2.6995238706761393,-4.258469617153241,-2.5791804110512166,4.0904107255295274,5.352373918743589,0.2604451145110186,0.6819924546182573,1.5977237555239088,-2.927208701135346,0.5391991930330491,-3.4294275050703558,-0.7869861149585687,-1.387893807171411,-0.3225128374633376,-0.6458658206861284,0.8416607993499196,0.38170907383830377,-0.20525486873893053,-0.6624660292398524,0.11855690096716268,0.17378555881096897,-0.002581648085818994,0.38569069848400955,-0.544010171154028,0.056567621237467364,-0.348407517272013,0.02750931789978775
01413.dpt,19270.121088359923,-3606.9640822450974,956.7870033360476,-566.7347814892346,526.2199751596079,-120.5509840826543,289.57449603653566,-75.35874648701103,320.11408745706086,-299.62406814410184,101.63025201714085,30.592065987922993,21.905399259418616,-41.36903367660919,-15.702247857848345,7.409842139321635,1.1591066946102186,31.323432237199732,-0.14055942038280422,-0.31315474666174486,-6.927281269528949,-8.256728394333095,-6.262085443244068,6.4189363194177265,6.048269966636202,1.2333532354591195,1.1831962762404764,3.7988642754250623,-8.292002585011529,0.8204189918920479,-7.693661306281055,-1.646751416463234,-2.7210025680270293,-0.72012106609038,-2.4695985554818782,2.950706469399812,0.7219006032505518,-0.08590006225677427,-1.422959861234107,0.132148269013483,0.044113577611771204,-0.07836323468453105,0.7982279828960569,-0.9890233208570486,0.0023019272920694555,-0.687709765945132,0.08727553852840825
01414.dpt,-367.4130865767762,-1597.2592800430657,-158.8293614062432,-333.60997234648573,289.4158148350763,55.89031400929563,168.27185381996608,-117.48367476239578,149.5013559557543,-176.71893789798392,-7.843872683895253,24.525552893099174,10.295751492501164,-19.1325841631833,17.81887068650397,-6.976875679251508,-0.26582735173123917,30.980098421768968,2.4288527971806926,-3.2067950643825793,2.2192120662481076,-10.206468097805132,-4.92467618703634,5.590387109149205,4.209348075104141,-0.48317334190641187,-0.11557073668863084,0.37868362441444303,-4.729536262827863,1.038887201732295,-3.4995077442213955,-0.1559866395120389,-1.9178658608891825,-0.25339470271993514,-1.7508666849315613,0.4568763346568195,0.47839721113169187,-0.1126606155203773,-0.6125729720291205,0.5111538107057423,0.242535882417927,-0.12108486621573515,0.22501457665401234,-0.5185648875227917,-0.05870700836038978,-0.02387590399662884,0.028513902241562424
01415.dpt,-7035.701936406778,-1602.5487106204328,-1500.6154753057594,-289.48205849154306,206.77876244482331,13.423541617599811,50.07071072205786,-149.1565914329036,30.526713629277953,-163.4847932113733,-24.631666836179246,22.58453391018889,-12.253931343975013,-21.15212357513568,48.84659557857153,-16.1214900643484,4.200759451040089,40.290829903600006,8.119426766745546,-4.216018849820251,-1.866636713037033,-8.949432844512472,-4.524472918019942,9.430483672699088,6.385204500572651,1.6518019235078274,-2.24560856243199,2.2309031129416503,-1.6663565140429608,1.0885132062049767,-1.9382092930472021,-0.009452512078609532,-1.430638105819715,0.3431009449052321,-0.6262081417674983,-0.688225055542241,0.14766581009812735,-0.3213057889212742,-0.6020985225554097,0.7144009702763497,0.4228776265148916,-0.13039881315267599,0.21069418273349647,-0.652549423529559,0.026468155831671555,-0.0958199854527988,0.12509491544826734
01416.dpt,10319.252695431434,-2323.6950742234617,-1130.0955342237967,-438.00643427512557,245.45016952298604,-91.88990849728985,140.78703817310696,-176.3166746936524,119.91624779296856,-223.50845136499274,30.719379925356513,44.90944174762995,-17.554821551628745,-24.33849979651973,21.15559420390115,-18.0181891546768,3.250506800505524,42.49349344891205,3.256590546679354,-4.617179755922413,-0.9641027000279938,-8.77753283885351,-6.0769309114983,7.155710807635959,6.463174234425188,1.728710685343591,-1.057986122036875,3.114368691720343,-3.921669859542416,1.0377640104304213,-4.349226595202216,-0.38199027596092955,-2.4705806001121706,-0.3537969819823512,-1.9411191679712736,0.742944784997534,0.5209674127438392,-0.10595712267919377,-0.9492722277689211,0.6125263171746242,0.5040842647106915,-0.10052061381565358,0.3501801557458654,-0.9617091375465846,0.0618718503236283,-0.22029877137717224,0.01354048463718299
01417.dpt,6912.976077387666,-1696.138727946174,-324.8957315462087,-417.5978696328703,378.8594831396893,105.95636949621858,203.8227173957435,-191.65765449375994,103.89161995020265,-166.36056792598572,2.2575952550651315,29.122649976443913,17.93936777270634,-23.971123571930573,16.568154536487242,-4.066230959525555,-2.821294328652441,31.35515334698397,1.2858856376220444,-3.539998958315749,1.5614864270980238,-11.93727040563893,-5.1802663404504745,7.909661892591354,6.492386483209075,0.25995808944681337,-0.1230379787735077,0.8540669526348171,-7.032565072502484,0.8145154551413419,-5.460076946618902,0.05233103513450591,-2.5181331225325985,-0.5971263541086897,-3.50238463611926,1.7612770523142316,0.6950042723739871,-0.17353927705271274,-0.8903092176218839,0.5991101572340338,0.31783876138386685,-0.05096985097694621,0.19377398446270305,-0.6595130688094084,-0.053579939770886056,-0.04153400295746773,0.0076469246345277735
01418.dpt,-8925.222837953246,-776.4149971188505,-753.6936726329419,-182.45048386807292,165.60709087172089,4.7371944142071145,70.46317908118574,-136.78178925952736,11.192898394574723,-100.22408595060271,4.69429047715433,10.053335855007234,-14.875631285803934,-25.220776697201646,23.351050325402706,-14.116635570624327,1.6276173058779453,25.276485875676233,4.578226136060507,-1.9927685239535105,-1.1238909057060031,-4.8299924070689855,-3.137231769973681,4.211121538561572,5.57768088711847,0.9594861203588704,-1.3402851523629848,1.4645459815251494,-1.573739336243895,1.211873007490837,-1.2796610553091212,-0.23693830995565232,-0.8688044859027994,0.2428917147082389,-0.02193184518395882,-0.9575390550442818,0.1963168027462009,-0.2918346872781937,-0.5501368804131556,0.4017460927476336,0.31188595687157894,0.01659418056391767,0.04294772053212559,-0.29895801568139485,-0.03324977306272328,-0.0058063063322227,0.04188652372930761
01419.dpt,-7506.805463530946,-1130.3834135337463,-476.7852590890574,-250.45980092033065,123.22839055781948,12.126018306623303,115.78172783521337,-159.020331983967,19.27769489517157,-131.99708078425874,-4.894849238189834,13.94587642571842,-10.3848887387445,-28.796716845801875,28.917961992303418,-16.701217698407234,3.267498722097559,29.101129602615142,4.3671412218027195,-2.2905357600220504,-2.2804964977781266,-4.9485352711566675,-3.2541732952590845,5.304967363058907,5.149826759179955,1.5144860198077064,-1.3749613627939938,2.2029814258078364,-1.44754660235504,1.1338693348978783,-1.7784582029459448,-0.4908004855612459,-0.9519488255949721,0.22131512674376452,0.1024384658677913,-0.8667072713152512,0.2039152068824881,-0.3661476346663947,-0.6510008318051193,0.46383032304748184,0.36369290527323667,0.07860714302506767,0.10991983905305629,-0.4621512068758225,0.030040738116571996,-0.1512222542919262,0.0728638953239146
01420.dpt,6040.628042186594,-2171.207330369217,-299.836875019758,-393.6502482871569,179.02873955091368,-117.5824670968485,176.83165425886824,-220.1915987674455,57.800926296197126,-186.62338556529144,22.033454614696574,44.34842132973078,-15.059858681688715,-23.791985101528386,13.236890004945797,-11.27224453640803,1.418456893390271,19.800046283430582,4.720930613067719,-3.096892510700278,-1.4803091357879474,-4.879657683480218,-3.0937621375054665,4.367222073478927,8.331762608579119,0.8804075437604777,-0.5999231076503843,1.8016068003699124,-2.0164085140124794,0.8549743099656376,-2.1083429460585688,-0.40328785335232603,-1.1775290213447185,-0.16701754568853763,-0.5420561309836032,-0.06630837516626355,0.3970001767777709,-0.1573226601509933,-0.6243528135867824,0.39921151784865644,0.3108563797016918,-0.020192382252830564,0.15343389553554632,-0.4501151640435925,-0.05214162470730403,-0.06010012102632824,0.018330497473901
01421.dpt,1526.188382038234,-1033.7987484966754,-809.1761563258515,-261.8009936259453,197.7091857372035,24.428602848991304,136.49852080412407,-164.14402768058406,4.975411730105856,-124.77940811708807,-10.867300047178873,29.445211178963742,-6.374189684557627,-17.239157602863127,28.22295408020559,-11.5781360303279,1.7812021402401441,30.20894240400938,4.2601794002638425,-3.9411246870314938,-1.6839798686767526,-6.064629612201945,-3.563758630424339,6.103333961367345,8.094315727477182,1.7677918859095427,-1.17062295924511,1.7939437642205949,-2.1148352174434693,1.1293741668081363,-1.913559882996886,-0.3597171280593089,-1.4183171681553302,-0.031125866019230012,-0.6278396398341599,-0.4050152283242888,0.21831210528290626,-0.36095303756788605,-0.6569056379023979,0.6095403028553625,0.4122682655919845,0.11414882176814792,0.0357977737775194,-0.4387071675233048,0.02359446146896867,-0.05004044839340423,0.026440235308853834
01422.dpt,900.0097073558231,-1600.9317796346959,-328.4911484341901,-295.62781731701347,110.71742076659143,-41.93680226050724,133.36512663359298,-214.81765559489355,30.855721647718738,-154.69732214433475,3.980650100002225,23.024718266536997,-9.79889259965379,-20.468132791122947,21.928692178721665,-14.914114944819202,0.8327807277453073,25.61709603620979,3.8432274548833134,-3.133643386269111,-0.8318371528105629,-5.247362316853311,-3.090493032030356,4.506412138187498,6.732640121887961,0.873213269640266,-0.7222517269654988,1.653548855830175,-2.097604511538697,1.016050528273346,-2.0679341299767704,-0.47059467119069803,-1.3213684139341493,-0.1378679164514168,-0.5571976366237602,-0.23532372333145912,0.3480623503914838,-0.21173057583896032,-0.5750714927792849,0.5255924532523982,0.3425165669325251,0.09310918492713866,0.09454910929874966,-0.4687747915119516,0.009220147865495505,-0.08696783262852337,-0.040702221670370124
01423.dpt,-6334.287581249263,-896.97482963127,-315.259049360044,-194.1684815286079,159.59552073124667,33.69459560301551,97.7249117205234,-162.82620889014746,-4.990397130862944,-102.03000358742499,-12.560388612646491,11.666648390254085,-6.48912893354074,-22.78404202959971,26.67296671608548,-12.131943605558911,-0.4173129537816726,28.741080214348013,2.459742300924499,-1.5945555751754952,0.4997145518276473,-4.715464794043556,-2.80668031782972,4.060415587659201,5.491881598367864,0.36460019251090175,-0.34391623247753267,1.2600583516887691,-2.297556747032337,1.181464577299088,-1.8972298779417738,-0.43416207077259744,-1.2074727976761013,-0.021611669765456126,-0.3755455066212162,-0.43167022783898,0.1810133166833042,-0.25140372554679447,-0.4878474661715317,0.44035486460090156,0.20783619709967066,0.20400937515962547,0.08003769337081167,-0.3362378858184318,0.024703339349313617,-0.061525460092715,-0.12522461868428253
01424.dpt,966.6492682000458,-1382.338855257784,-206.2691928906292,-263.2670721214261,102.83235989066137,-33.92270873304099,136.6230656811955,-183.8601016636404,10.376657158100322,-135.99551222875104,-4.159545944556792,15.057639647853263,-6.717652676299249,-15.566137935605802,19.103530672951493,-9.6801902651951,0.5371163310872834,21.853711645047934,1.5789260924746396,-1.929892023563879,-0.19945936921594407,-3.921113521697022,-2.175583004648733,3.6896789772061074,4.846022937846757,0.7059073797505364,-0.33045706172931566,1.765403176347456,-1.7300394646211938,0.7061793096800443,-1.9901096046680427,-0.5164972056672759,-1.1581355789832686,-0.2356739613402013,-0.6073726763587719,0.20157439563336416,0.28361971665803476,-0.23968363357428796,-0.5444212561976668,0.48686648738814525,0.3099299972471771,0.14176750671817273,0.14616230041415215,-0.5152201075618669,0.04046723942542701,-0.21393230791402743,-0.05525192743644347
01425.dpt,5373.309365088958,-1401.300073703676,-825.8021440763883,-209.97572400059667,-10.886714678375728,18.571243000542108,104.13380255203484,-132.03747573090064,7.968880095619737,-96.1074229816548,21.00170720434847,20.944646374510217,-10.936165080415796,-17.859104410471602,6.683664628488267,-4.97808469680102,-1.660913183951532,3.5346551442806837,-0.7874374764995626,1.3639153174428131,0.12492047434168842,-0.45946148067407505,-0.8159986126819755,0.12435821354108167,-0.12830570248677775,-0.3591520677180481,0.8524488898811104,1.172850901478803,-0.43843543805397056,0.25487536562171603,-1.5176969398870086,-0.8937901806086107,-0.06824580778357095,-0.018887078957571024,0.5796905042293572,-0.10225361520514925,0.3697666166810361,-0.08028832298706808,-0.10246152664389079,-0.19107616294606794,-0.2075404740444663,-0.054101598556108715,0.286416036558411,0.040133326181713086,0.02362478912160689,-0.04469116167501341,-0.07564980177126866
